status,issue,prefab_path,source_material_path,gallery_material_path,material_name,source_shader,target_shader
"gallery_copy_applied","missing_material","Assets/Daniel Mistage/STYLIZED Low Poly Fantasy Bundle/STYLIZED Fantasy Interior Pack - Low Poly 3D Art/Prefabs/Other/Clocks/Individual Parts/SFI_Grandfather_Clock.prefab","","Assets/BornToDig/PrefabGallery/GalleryMaterials/MissingMaterial_missing.mat","MissingMaterial","<missing>","Universal Render Pipeline/Lit"
"gallery_copy_applied","missing_material","Assets/Daniel Mistage/STYLIZED Low Poly Fantasy Bundle/STYLIZED Fantasy Interior Pack - Low Poly 3D Art/Prefabs/Other/Clocks/SFI_Grandfather_Clock 1.prefab","","Assets/BornToDig/PrefabGallery/GalleryMaterials/MissingMaterial_missing.mat","MissingMaterial","<missing>","Universal Render Pipeline/Lit"
"gallery_copy_applied","missing_material","Assets/Daniel Mistage/STYLIZED Low Poly Fantasy Bundle/STYLIZED Fantasy Market - Low Poly 3D Art/Prefabs/Stalls/Armory/Weapons/Bow/Parts/SFM_ARP_Bow_String.prefab","","Assets/BornToDig/PrefabGallery/GalleryMaterials/MissingMaterial_missing.mat","MissingMaterial","<missing>","Universal Render Pipeline/Lit"
"gallery_copy_applied","missing_material","Assets/Daniel Mistage/STYLIZED Low Poly Fantasy Bundle/STYLIZED Fantasy Tavern & Kitchen - Low Poly 3D Art/Prefabs/Bar Props/Tables/Themed Tables/Miner_Table.prefab","","Assets/BornToDig/PrefabGallery/GalleryMaterials/MissingMaterial_missing.mat","MissingMaterial","<missing>","Universal Render Pipeline/Lit"
"gallery_copy_applied","missing_material","Assets/Daniel Mistage/STYLIZED Low Poly Fantasy Bundle/STYLIZED Fantasy Tavern & Kitchen - Low Poly 3D Art/Prefabs/Decorative Props/Themed Props/Miner Props/SFT_Goggles.prefab","","Assets/BornToDig/PrefabGallery/GalleryMaterials/MissingMaterial_missing.mat","MissingMaterial","<missing>","Universal Render Pipeline/Lit"
"gallery_copy_applied","missing_material","Assets/Daniel Mistage/STYLIZED Low Poly Fantasy Bundle/STYLIZED Fantasy Village - Low Poly 3D Art/Prefabs/Buildings/Building Attachables/Attic Window/SFV_Roof_Window_Attachable_001 1.prefab","","Assets/BornToDig/PrefabGallery/GalleryMaterials/MissingMaterial_missing.mat","MissingMaterial","<missing>","Universal Render Pipeline/Lit"
"gallery_copy_applied","missing_material","Assets/Daniel Mistage/STYLIZED Low Poly Fantasy Bundle/STYLIZED Fantasy Village - Low Poly 3D Art/Prefabs/Buildings/Empty Walls/Walls/Wooden/Windows/Individual Parts/SFV_Window_Wall_Wooden_M_Empty - Copy.prefab","","Assets/BornToDig/PrefabGallery/GalleryMaterials/MissingMaterial_missing.mat","MissingMaterial","<missing>","Universal Render Pipeline/Lit"
"gallery_copy_applied","missing_material","Assets/Daniel Mistage/STYLIZED Low Poly Fantasy Bundle/STYLIZED Fantasy Village - Low Poly 3D Art/Prefabs/Buildings/Empty Walls/Walls/Wooden/Windows/Individual Parts/SFV_Window_Wall_Wooden_S_Empty.prefab","","Assets/BornToDig/PrefabGallery/GalleryMaterials/MissingMaterial_missing.mat","MissingMaterial","<missing>","Universal Render Pipeline/Lit"
"gallery_copy_applied","missing_material","Assets/Daniel Mistage/STYLIZED Low Poly Fantasy Bundle/STYLIZED Fantasy Village - Low Poly 3D Art/Prefabs/Buildings/Empty Walls/Walls/Wooden/Windows/SFV_Window_Wall_Wooden_M_Empty (1).prefab","","Assets/BornToDig/PrefabGallery/GalleryMaterials/MissingMaterial_missing.mat","MissingMaterial","<missing>","Universal Render Pipeline/Lit"
"gallery_copy_applied","missing_material","Assets/Daniel Mistage/STYLIZED Low Poly Fantasy Bundle/STYLIZED Fantasy Village - Low Poly 3D Art/Prefabs/Buildings/Empty Walls/Walls/Wooden/Windows/SFV_Window_Wall_Wooden_M_Empty (1).prefab","","Assets/BornToDig/PrefabGallery/GalleryMaterials/MissingMaterial_missing.mat","MissingMaterial","<missing>","Universal Render Pipeline/Lit"
"gallery_copy_applied","missing_material","Assets/Daniel Mistage/STYLIZED Low Poly Fantasy Bundle/STYLIZED Fantasy Village - Low Poly 3D Art/Prefabs/Buildings/Empty Walls/Walls/Wooden/Windows/SFV_Window_Wall_Wooden_M_Empty (1).prefab","","Assets/BornToDig/PrefabGallery/GalleryMaterials/MissingMaterial_missing.mat","MissingMaterial","<missing>","Universal Render Pipeline/Lit"
"gallery_copy_applied","missing_material","Assets/Daniel Mistage/STYLIZED Low Poly Fantasy Bundle/STYLIZED Fantasy Village - Low Poly 3D Art/Prefabs/Buildings/Empty Walls/Walls/Wooden/Windows/SFV_Window_Wall_Wooden_M_Empty (1).prefab","","Assets/BornToDig/PrefabGallery/GalleryMaterials/MissingMaterial_missing.mat","MissingMaterial","<missing>","Universal Render Pipeline/Lit"
"gallery_copy_applied","missing_material","Assets/Daniel Mistage/STYLIZED Low Poly Fantasy Bundle/STYLIZED Fantasy Village - Low Poly 3D Art/Prefabs/Buildings/Empty Walls/Walls/Wooden/Windows/SFV_Window_Wall_Wooden_M_Empty.prefab","","Assets/BornToDig/PrefabGallery/GalleryMaterials/MissingMaterial_missing.mat","MissingMaterial","<missing>","Universal Render Pipeline/Lit"
"gallery_copy_applied","missing_material","Assets/Daniel Mistage/STYLIZED Low Poly Fantasy Bundle/STYLIZED Fantasy Village - Low Poly 3D Art/Prefabs/Buildings/Empty Walls/Windows/SFV_Window_Wall_Wooden_M_Empty 1.prefab","","Assets/BornToDig/PrefabGallery/GalleryMaterials/MissingMaterial_missing.mat","MissingMaterial","<missing>","Universal Render Pipeline/Lit"
"gallery_copy_applied","missing_material","Assets/Daniel Mistage/STYLIZED Low Poly Fantasy Bundle/STYLIZED Fantasy Village - Low Poly 3D Art/Prefabs/Buildings/Empty Walls/Windows/SFV_Window_Wall_Wooden_M_Empty 1.prefab","","Assets/BornToDig/PrefabGallery/GalleryMaterials/MissingMaterial_missing.mat","MissingMaterial","<missing>","Universal Render Pipeline/Lit"
"gallery_copy_applied","missing_material","Assets/Daniel Mistage/STYLIZED Low Poly Fantasy Bundle/STYLIZED Fantasy Village - Low Poly 3D Art/Prefabs/Buildings/Empty Walls/Windows/SFV_Window_Wall_Wooden_M_Empty 1.prefab","","Assets/BornToDig/PrefabGallery/GalleryMaterials/MissingMaterial_missing.mat","MissingMaterial","<missing>","Universal Render Pipeline/Lit"
"gallery_copy_applied","missing_material","Assets/Daniel Mistage/STYLIZED Low Poly Fantasy Bundle/STYLIZED Fantasy Village - Low Poly 3D Art/Prefabs/Buildings/Empty Walls/Windows/SFV_Window_Wall_Wooden_S_002_Empty 1.prefab","","Assets/BornToDig/PrefabGallery/GalleryMaterials/MissingMaterial_missing.mat","MissingMaterial","<missing>","Universal Render Pipeline/Lit"
"gallery_copy_applied","missing_material","Assets/Daniel Mistage/STYLIZED Low Poly Fantasy Bundle/STYLIZED Fantasy Village - Low Poly 3D Art/Prefabs/VFX/Wind_Effect_1.prefab","","Assets/BornToDig/PrefabGallery/GalleryMaterials/MissingMaterial_missing_Particle_Transparent.mat","MissingMaterial","<missing>","Universal Render Pipeline/Particles/Unlit"
"gallery_copy_applied","missing_material","Assets/Daniel Mistage/STYLIZED Low Poly Fantasy Bundle/STYLIZED Fantasy Village - Low Poly 3D Art/Prefabs/VFX/Wind_Effect_2.prefab","","Assets/BornToDig/PrefabGallery/GalleryMaterials/MissingMaterial_missing_Particle_Transparent.mat","MissingMaterial","<missing>","Universal Render Pipeline/Particles/Unlit"
"gallery_copy_applied","missing_material","Assets/PurePoly/Mining_Pack/Prefabs/FX/Campfire/FX_Campfire_01.prefab","","Assets/BornToDig/PrefabGallery/GalleryMaterials/MissingMaterial_missing_Particle_Transparent.mat","MissingMaterial","<missing>","Universal Render Pipeline/Particles/Unlit"
"gallery_copy_applied","missing_material","Assets/PurePoly/Mining_Pack/Prefabs/FX/Campfire/FX_Campfire_01.prefab","","Assets/BornToDig/PrefabGallery/GalleryMaterials/MissingMaterial_missing_Particle_Transparent.mat","MissingMaterial","<missing>","Universal Render Pipeline/Particles/Unlit"
"gallery_copy_applied","missing_material","Assets/PurePoly/Mining_Pack/Prefabs/FX/Campfire/FX_Campfire_01.prefab","","Assets/BornToDig/PrefabGallery/GalleryMaterials/MissingMaterial_missing_Particle_Transparent.mat","MissingMaterial","<missing>","Universal Render Pipeline/Particles/Unlit"
"gallery_copy_applied","missing_material","Assets/PurePoly/Mining_Pack/Prefabs/FX/Campfire/FX_Campfire_02.prefab","","Assets/BornToDig/PrefabGallery/GalleryMaterials/MissingMaterial_missing_Particle_Transparent.mat","MissingMaterial","<missing>","Universal Render Pipeline/Particles/Unlit"
"gallery_copy_applied","missing_material","Assets/PurePoly/Mining_Pack/Prefabs/FX/Campfire/FX_Campfire_02.prefab","","Assets/BornToDig/PrefabGallery/GalleryMaterials/MissingMaterial_missing_Particle_Transparent.mat","MissingMaterial","<missing>","Universal Render Pipeline/Particles/Unlit"
"gallery_copy_applied","missing_material","Assets/PurePoly/Mining_Pack/Prefabs/FX/Campfire/FX_Campfire_02.prefab","","Assets/BornToDig/PrefabGallery/GalleryMaterials/MissingMaterial_missing_Particle_Transparent.mat","MissingMaterial","<missing>","Universal Render Pipeline/Particles/Unlit"
"gallery_copy_applied","missing_material","Assets/PurePoly/Mining_Pack/Prefabs/FX/Campfire/FX_Campfire_03.prefab","","Assets/BornToDig/PrefabGallery/GalleryMaterials/MissingMaterial_missing_Particle_Transparent.mat","MissingMaterial","<missing>","Universal Render Pipeline/Particles/Unlit"
"gallery_copy_applied","missing_material","Assets/PurePoly/Mining_Pack/Prefabs/FX/Campfire/FX_Campfire_03.prefab","","Assets/BornToDig/PrefabGallery/GalleryMaterials/MissingMaterial_missing_Particle_Transparent.mat","MissingMaterial","<missing>","Universal Render Pipeline/Particles/Unlit"
"gallery_copy_applied","missing_material","Assets/PurePoly/Mining_Pack/Prefabs/FX/Campfire/FX_Campfire_03.prefab","","Assets/BornToDig/PrefabGallery/GalleryMaterials/MissingMaterial_missing_Particle_Transparent.mat","MissingMaterial","<missing>","Universal Render Pipeline/Particles/Unlit"
"gallery_copy_applied","missing_material","Assets/PurePoly/Mining_Pack/Prefabs/FX/Campfire/FX_Campfire_04.prefab","","Assets/BornToDig/PrefabGallery/GalleryMaterials/MissingMaterial_missing_Particle_Transparent.mat","MissingMaterial","<missing>","Universal Render Pipeline/Particles/Unlit"
"gallery_copy_applied","missing_material","Assets/PurePoly/Mining_Pack/Prefabs/FX/Campfire/FX_Campfire_04.prefab","","Assets/BornToDig/PrefabGallery/GalleryMaterials/MissingMaterial_missing_Particle_Transparent.mat","MissingMaterial","<missing>","Universal Render Pipeline/Particles/Unlit"
"gallery_copy_applied","missing_material","Assets/PurePoly/Mining_Pack/Prefabs/FX/Campfire/FX_Campfire_04.prefab","","Assets/BornToDig/PrefabGallery/GalleryMaterials/MissingMaterial_missing_Particle_Transparent.mat","MissingMaterial","<missing>","Universal Render Pipeline/Particles/Unlit"
"gallery_copy_applied","missing_material","Assets/PurePoly/Mining_Pack/Prefabs/FX/Campfire/FX_Campfire_05.prefab","","Assets/BornToDig/PrefabGallery/GalleryMaterials/MissingMaterial_missing_Particle_Transparent.mat","MissingMaterial","<missing>","Universal Render Pipeline/Particles/Unlit"
"gallery_copy_applied","missing_material","Assets/PurePoly/Mining_Pack/Prefabs/FX/Campfire/FX_Campfire_05.prefab","","Assets/BornToDig/PrefabGallery/GalleryMaterials/MissingMaterial_missing_Particle_Transparent.mat","MissingMaterial","<missing>","Universal Render Pipeline/Particles/Unlit"
"gallery_copy_applied","missing_material","Assets/PurePoly/Mining_Pack/Prefabs/FX/Campfire/FX_Campfire_05.prefab","","Assets/BornToDig/PrefabGallery/GalleryMaterials/MissingMaterial_missing_Particle_Transparent.mat","MissingMaterial","<missing>","Universal Render Pipeline/Particles/Unlit"
"gallery_copy_applied","missing_material","Assets/PurePoly/Mining_Pack/Prefabs/FX/Candle Light/FX_Candle_Light_01.prefab","","Assets/BornToDig/PrefabGallery/GalleryMaterials/MissingMaterial_missing_Particle_Transparent.mat","MissingMaterial","<missing>","Universal Render Pipeline/Particles/Unlit"
"gallery_copy_applied","missing_material","Assets/PurePoly/Mining_Pack/Prefabs/FX/Candle Light/FX_Candle_Light_02.prefab","","Assets/BornToDig/PrefabGallery/GalleryMaterials/MissingMaterial_missing_Particle_Transparent.mat","MissingMaterial","<missing>","Universal Render Pipeline/Particles/Unlit"
"gallery_copy_applied","missing_material","Assets/PurePoly/Mining_Pack/Prefabs/FX/Candle Light/FX_Candle_Light_02.prefab","","Assets/BornToDig/PrefabGallery/GalleryMaterials/MissingMaterial_missing_Particle_Transparent.mat","MissingMaterial","<missing>","Universal Render Pipeline/Particles/Unlit"
"gallery_copy_applied","missing_material","Assets/PurePoly/Mining_Pack/Prefabs/FX/Fire/FX_Fire_Big_01.prefab","","Assets/BornToDig/PrefabGallery/GalleryMaterials/MissingMaterial_missing_Particle_Transparent.mat","MissingMaterial","<missing>","Universal Render Pipeline/Particles/Unlit"
"gallery_copy_applied","missing_material","Assets/PurePoly/Mining_Pack/Prefabs/FX/Fire/FX_Fire_Big_01.prefab","","Assets/BornToDig/PrefabGallery/GalleryMaterials/MissingMaterial_missing_Particle_Transparent.mat","MissingMaterial","<missing>","Universal Render Pipeline/Particles/Unlit"
"gallery_copy_applied","missing_material","Assets/PurePoly/Mining_Pack/Prefabs/FX/Fire/FX_Fire_Big_02.prefab","","Assets/BornToDig/PrefabGallery/GalleryMaterials/MissingMaterial_missing_Particle_Transparent.mat","MissingMaterial","<missing>","Universal Render Pipeline/Particles/Unlit"
"gallery_copy_applied","missing_material","Assets/PurePoly/Mining_Pack/Prefabs/FX/Fire/FX_Fire_Big_02.prefab","","Assets/BornToDig/PrefabGallery/GalleryMaterials/MissingMaterial_missing_Particle_Transparent.mat","MissingMaterial","<missing>","Universal Render Pipeline/Particles/Unlit"
"gallery_copy_applied","missing_material","Assets/PurePoly/Mining_Pack/Prefabs/FX/Fire/FX_Fire_Big_03.prefab","","Assets/BornToDig/PrefabGallery/GalleryMaterials/MissingMaterial_missing_Particle_Transparent.mat","MissingMaterial","<missing>","Universal Render Pipeline/Particles/Unlit"
"gallery_copy_applied","missing_material","Assets/PurePoly/Mining_Pack/Prefabs/FX/Fire/FX_Fire_Big_03.prefab","","Assets/BornToDig/PrefabGallery/GalleryMaterials/MissingMaterial_missing_Particle_Transparent.mat","MissingMaterial","<missing>","Universal Render Pipeline/Particles/Unlit"
"gallery_copy_applied","missing_material","Assets/PurePoly/Mining_Pack/Prefabs/FX/Fire/FX_Fire_Torch_01.prefab","","Assets/BornToDig/PrefabGallery/GalleryMaterials/MissingMaterial_missing_Particle_Transparent.mat","MissingMaterial","<missing>","Universal Render Pipeline/Particles/Unlit"
"gallery_copy_applied","missing_material","Assets/PurePoly/Mining_Pack/Prefabs/FX/Fire/FX_Fire_Torch_02.prefab","","Assets/BornToDig/PrefabGallery/GalleryMaterials/MissingMaterial_missing_Particle_Transparent.mat","MissingMaterial","<missing>","Universal Render Pipeline/Particles/Unlit"
"gallery_copy_applied","missing_material","Assets/PurePoly/Mining_Pack/Prefabs/FX/Fire/FX_Fire_Torch_03.prefab","","Assets/BornToDig/PrefabGallery/GalleryMaterials/MissingMaterial_missing_Particle_Transparent.mat","MissingMaterial","<missing>","Universal Render Pipeline/Particles/Unlit"
"gallery_copy_applied","missing_material","Assets/PurePoly/Mining_Pack/Prefabs/FX/Fire/FX_Fire_Torch_04.prefab","","Assets/BornToDig/PrefabGallery/GalleryMaterials/MissingMaterial_missing_Particle_Transparent.mat","MissingMaterial","<missing>","Universal Render Pipeline/Particles/Unlit"
"gallery_copy_applied","missing_material","Assets/PurePoly/Mining_Pack/Prefabs/FX/Fire/FX_Fire_Torch_05.prefab","","Assets/BornToDig/PrefabGallery/GalleryMaterials/MissingMaterial_missing_Particle_Transparent.mat","MissingMaterial","<missing>","Universal Render Pipeline/Particles/Unlit"
"gallery_copy_applied","missing_material","Assets/PurePoly/Mining_Pack/Prefabs/FX/Fire/FX_Fire_Torch_06.prefab","","Assets/BornToDig/PrefabGallery/GalleryMaterials/MissingMaterial_missing_Particle_Transparent.mat","MissingMaterial","<missing>","Universal Render Pipeline/Particles/Unlit"
"gallery_copy_applied","missing_material","Assets/PurePoly/Mining_Pack/Prefabs/FX/Fire/FX_Fire_Torch_07.prefab","","Assets/BornToDig/PrefabGallery/GalleryMaterials/MissingMaterial_missing_Particle_Transparent.mat","MissingMaterial","<missing>","Universal Render Pipeline/Particles/Unlit"
"gallery_copy_applied","missing_material","Assets/PurePoly/Mining_Pack/Prefabs/FX/Fire/FX_Fire_Torch_Big_01.prefab","","Assets/BornToDig/PrefabGallery/GalleryMaterials/MissingMaterial_missing_Particle_Transparent.mat","MissingMaterial","<missing>","Universal Render Pipeline/Particles/Unlit"
"gallery_copy_applied","missing_material","Assets/PurePoly/Mining_Pack/Prefabs/FX/Fire/FX_Fire_Torch_Big_01.prefab","","Assets/BornToDig/PrefabGallery/GalleryMaterials/MissingMaterial_missing_Particle_Transparent.mat","MissingMaterial","<missing>","Universal Render Pipeline/Particles/Unlit"
"gallery_copy_applied","missing_material","Assets/PurePoly/Mining_Pack/Prefabs/FX/Fire/FX_Fire_Torch_Big_02.prefab","","Assets/BornToDig/PrefabGallery/GalleryMaterials/MissingMaterial_missing_Particle_Transparent.mat","MissingMaterial","<missing>","Universal Render Pipeline/Particles/Unlit"
"gallery_copy_applied","missing_material","Assets/PurePoly/Mining_Pack/Prefabs/FX/Fire/FX_Fire_Torch_Big_02.prefab","","Assets/BornToDig/PrefabGallery/GalleryMaterials/MissingMaterial_missing_Particle_Transparent.mat","MissingMaterial","<missing>","Universal Render Pipeline/Particles/Unlit"
"gallery_copy_applied","missing_material","Assets/PurePoly/Mining_Pack/Prefabs/FX/Fire/FX_Fire_Torch_Big_03.prefab","","Assets/BornToDig/PrefabGallery/GalleryMaterials/MissingMaterial_missing_Particle_Transparent.mat","MissingMaterial","<missing>","Universal Render Pipeline/Particles/Unlit"
"gallery_copy_applied","missing_material","Assets/PurePoly/Mining_Pack/Prefabs/FX/Fire/FX_Fire_Torch_Big_03.prefab","","Assets/BornToDig/PrefabGallery/GalleryMaterials/MissingMaterial_missing_Particle_Transparent.mat","MissingMaterial","<missing>","Universal Render Pipeline/Particles/Unlit"
"gallery_copy_applied","missing_material","Assets/PurePoly/Mining_Pack/Prefabs/FX/Fire/FX_Fire_Torch_Big_04.prefab","","Assets/BornToDig/PrefabGallery/GalleryMaterials/MissingMaterial_missing_Particle_Transparent.mat","MissingMaterial","<missing>","Universal Render Pipeline/Particles/Unlit"
"gallery_copy_applied","missing_material","Assets/PurePoly/Mining_Pack/Prefabs/FX/Fire/FX_Fire_Torch_Big_04.prefab","","Assets/BornToDig/PrefabGallery/GalleryMaterials/MissingMaterial_missing_Particle_Transparent.mat","MissingMaterial","<missing>","Universal Render Pipeline/Particles/Unlit"
"gallery_copy_applied","missing_material","Assets/PurePoly/Mining_Pack/Prefabs/FX/Fire/FX_Fire_Torch_Big_05.prefab","","Assets/BornToDig/PrefabGallery/GalleryMaterials/MissingMaterial_missing_Particle_Transparent.mat","MissingMaterial","<missing>","Universal Render Pipeline/Particles/Unlit"
"gallery_copy_applied","missing_material","Assets/PurePoly/Mining_Pack/Prefabs/FX/Fire/FX_Fire_Torch_Big_05.prefab","","Assets/BornToDig/PrefabGallery/GalleryMaterials/MissingMaterial_missing_Particle_Transparent.mat","MissingMaterial","<missing>","Universal Render Pipeline/Particles/Unlit"
"gallery_copy_applied","missing_material","Assets/PurePoly/Mining_Pack/Prefabs/FX/Fire/FX_Fire_Torch_Big_06.prefab","","Assets/BornToDig/PrefabGallery/GalleryMaterials/MissingMaterial_missing_Particle_Transparent.mat","MissingMaterial","<missing>","Universal Render Pipeline/Particles/Unlit"
"gallery_copy_applied","missing_material","Assets/PurePoly/Mining_Pack/Prefabs/FX/Fire/FX_Fire_Torch_Big_06.prefab","","Assets/BornToDig/PrefabGallery/GalleryMaterials/MissingMaterial_missing_Particle_Transparent.mat","MissingMaterial","<missing>","Universal Render Pipeline/Particles/Unlit"
"gallery_copy_applied","missing_material","Assets/PurePoly/Mining_Pack/Prefabs/FX/Fire/FX_Fire_Torch_Big_07.prefab","","Assets/BornToDig/PrefabGallery/GalleryMaterials/MissingMaterial_missing_Particle_Transparent.mat","MissingMaterial","<missing>","Universal Render Pipeline/Particles/Unlit"
"gallery_copy_applied","missing_material","Assets/PurePoly/Mining_Pack/Prefabs/FX/Fire/FX_Fire_Torch_Big_07.prefab","","Assets/BornToDig/PrefabGallery/GalleryMaterials/MissingMaterial_missing_Particle_Transparent.mat","MissingMaterial","<missing>","Universal Render Pipeline/Particles/Unlit"
"gallery_copy_applied","missing_material","Assets/PurePoly/Mining_Pack/Prefabs/FX/Fog/FX_Fog_01.prefab","","Assets/BornToDig/PrefabGallery/GalleryMaterials/MissingMaterial_missing_Particle_Transparent.mat","MissingMaterial","<missing>","Universal Render Pipeline/Particles/Unlit"
"gallery_copy_applied","missing_material","Assets/PurePoly/Mining_Pack/Prefabs/FX/Fog/FX_Fog_02.prefab","","Assets/BornToDig/PrefabGallery/GalleryMaterials/MissingMaterial_missing_Particle_Transparent.mat","MissingMaterial","<missing>","Universal Render Pipeline/Particles/Unlit"
"gallery_copy_applied","missing_material","Assets/PurePoly/Mining_Pack/Prefabs/FX/Fog/FX_Fog_03.prefab","","Assets/BornToDig/PrefabGallery/GalleryMaterials/MissingMaterial_missing_Particle_Transparent.mat","MissingMaterial","<missing>","Universal Render Pipeline/Particles/Unlit"
"gallery_copy_applied","missing_material","Assets/PurePoly/Mining_Pack/Prefabs/FX/Fog/FX_Fog_04.prefab","","Assets/BornToDig/PrefabGallery/GalleryMaterials/MissingMaterial_missing_Particle_Transparent.mat","MissingMaterial","<missing>","Universal Render Pipeline/Particles/Unlit"
"gallery_copy_applied","missing_material","Assets/PurePoly/Mining_Pack/Prefabs/FX/Fog/FX_Fog_05.prefab","","Assets/BornToDig/PrefabGallery/GalleryMaterials/MissingMaterial_missing_Particle_Transparent.mat","MissingMaterial","<missing>","Universal Render Pipeline/Particles/Unlit"
"gallery_copy_applied","missing_material","Assets/PurePoly/Mining_Pack/Prefabs/FX/Fog/FX_Fog_06.prefab","","Assets/BornToDig/PrefabGallery/GalleryMaterials/MissingMaterial_missing_Particle_Transparent.mat","MissingMaterial","<missing>","Universal Render Pipeline/Particles/Unlit"
"gallery_copy_applied","missing_material","Assets/PurePoly/Mining_Pack/Prefabs/FX/Fog/FX_Fog_07.prefab","","Assets/BornToDig/PrefabGallery/GalleryMaterials/MissingMaterial_missing_Particle_Transparent.mat","MissingMaterial","<missing>","Universal Render Pipeline/Particles/Unlit"
"gallery_copy_applied","missing_material","Assets/PurePoly/Mining_Pack/Prefabs/FX/Fog/FX_Fog_Big_01.prefab","","Assets/BornToDig/PrefabGallery/GalleryMaterials/MissingMaterial_missing_Particle_Transparent.mat","MissingMaterial","<missing>","Universal Render Pipeline/Particles/Unlit"
"gallery_copy_applied","missing_material","Assets/PurePoly/Mining_Pack/Prefabs/FX/Fog/FX_Fog_Big_02.prefab","","Assets/BornToDig/PrefabGallery/GalleryMaterials/MissingMaterial_missing_Particle_Transparent.mat","MissingMaterial","<missing>","Universal Render Pipeline/Particles/Unlit"
"gallery_copy_applied","missing_material","Assets/PurePoly/Mining_Pack/Prefabs/FX/Fog/FX_Fog_Big_03.prefab","","Assets/BornToDig/PrefabGallery/GalleryMaterials/MissingMaterial_missing_Particle_Transparent.mat","MissingMaterial","<missing>","Universal Render Pipeline/Particles/Unlit"
"gallery_copy_applied","missing_material","Assets/PurePoly/Mining_Pack/Prefabs/FX/Fog/FX_Fog_Big_04.prefab","","Assets/BornToDig/PrefabGallery/GalleryMaterials/MissingMaterial_missing_Particle_Transparent.mat","MissingMaterial","<missing>","Universal Render Pipeline/Particles/Unlit"
"gallery_copy_applied","missing_material","Assets/PurePoly/Mining_Pack/Prefabs/FX/Glow/FX_Glow_01.prefab","","Assets/BornToDig/PrefabGallery/GalleryMaterials/MissingMaterial_missing_Particle_Transparent.mat","MissingMaterial","<missing>","Universal Render Pipeline/Particles/Unlit"
"gallery_copy_applied","missing_material","Assets/PurePoly/Mining_Pack/Prefabs/FX/Glow/FX_Glow_02.prefab","","Assets/BornToDig/PrefabGallery/GalleryMaterials/MissingMaterial_missing_Particle_Transparent.mat","MissingMaterial","<missing>","Universal Render Pipeline/Particles/Unlit"
"gallery_copy_applied","missing_material","Assets/PurePoly/Mining_Pack/Prefabs/FX/Glow/FX_Glow_03.prefab","","Assets/BornToDig/PrefabGallery/GalleryMaterials/MissingMaterial_missing_Particle_Transparent.mat","MissingMaterial","<missing>","Universal Render Pipeline/Particles/Unlit"
"gallery_copy_applied","missing_material","Assets/PurePoly/Mining_Pack/Prefabs/FX/Glow/FX_Glow_04.prefab","","Assets/BornToDig/PrefabGallery/GalleryMaterials/MissingMaterial_missing_Particle_Transparent.mat","MissingMaterial","<missing>","Universal Render Pipeline/Particles/Unlit"
"gallery_copy_applied","missing_material","Assets/PurePoly/Mining_Pack/Prefabs/FX/Mystic/FX_Magic_Fire_01.prefab","","Assets/BornToDig/PrefabGallery/GalleryMaterials/MissingMaterial_missing_Particle_Transparent.mat","MissingMaterial","<missing>","Universal Render Pipeline/Particles/Unlit"
"gallery_copy_applied","missing_material","Assets/PurePoly/Mining_Pack/Prefabs/FX/Mystic/FX_Magic_Fire_01.prefab","","Assets/BornToDig/PrefabGallery/GalleryMaterials/MissingMaterial_missing_Particle_Transparent.mat","MissingMaterial","<missing>","Universal Render Pipeline/Particles/Unlit"
"gallery_copy_applied","missing_material","Assets/PurePoly/Mining_Pack/Prefabs/FX/Mystic/FX_Magic_Fire_01.prefab","","Assets/BornToDig/PrefabGallery/GalleryMaterials/MissingMaterial_missing_Particle_Transparent.mat","MissingMaterial","<missing>","Universal Render Pipeline/Particles/Unlit"
"gallery_copy_applied","missing_material","Assets/PurePoly/Mining_Pack/Prefabs/FX/Mystic/FX_Mystic Ring_01.prefab","","Assets/BornToDig/PrefabGallery/GalleryMaterials/MissingMaterial_missing_Particle_Transparent.mat","MissingMaterial","<missing>","Universal Render Pipeline/Particles/Unlit"
"gallery_copy_applied","missing_material","Assets/PurePoly/Mining_Pack/Prefabs/FX/Mystic/FX_Mystic Ring_02.prefab","","Assets/BornToDig/PrefabGallery/GalleryMaterials/MissingMaterial_missing_Particle_Transparent.mat","MissingMaterial","<missing>","Universal Render Pipeline/Particles/Unlit"
"gallery_copy_applied","missing_material","Assets/PurePoly/Mining_Pack/Prefabs/FX/Mystic/FX_Mystic Ring_Large_01.prefab","","Assets/BornToDig/PrefabGallery/GalleryMaterials/MissingMaterial_missing_Particle_Transparent.mat","MissingMaterial","<missing>","Universal Render Pipeline/Particles/Unlit"
"gallery_copy_applied","missing_material","Assets/PurePoly/Mining_Pack/Prefabs/FX/Mystic/FX_Mystic Ring_Large_02.prefab","","Assets/BornToDig/PrefabGallery/GalleryMaterials/MissingMaterial_missing_Particle_Transparent.mat","MissingMaterial","<missing>","Universal Render Pipeline/Particles/Unlit"
"gallery_copy_applied","missing_material","Assets/PurePoly/Mining_Pack/Prefabs/FX/Mystic/FX_Mystic Ring_Large_03.prefab","","Assets/BornToDig/PrefabGallery/GalleryMaterials/MissingMaterial_missing_Particle_Transparent.mat","MissingMaterial","<missing>","Universal Render Pipeline/Particles/Unlit"
"gallery_copy_applied","missing_material","Assets/PurePoly/Mining_Pack/Prefabs/FX/Mystic/FX_Mystic_Shine_01.prefab","","Assets/BornToDig/PrefabGallery/GalleryMaterials/MissingMaterial_missing_Particle_Transparent.mat","MissingMaterial","<missing>","Universal Render Pipeline/Particles/Unlit"
"gallery_copy_applied","missing_material","Assets/PurePoly/Mining_Pack/Prefabs/FX/Smoke/FX_Smoke_01.prefab","","Assets/BornToDig/PrefabGallery/GalleryMaterials/MissingMaterial_missing_Particle_Transparent.mat","MissingMaterial","<missing>","Universal Render Pipeline/Particles/Unlit"
"gallery_copy_applied","missing_material","Assets/PurePoly/Mining_Pack/Prefabs/FX/Smoke/FX_Smoke_02.prefab","","Assets/BornToDig/PrefabGallery/GalleryMaterials/MissingMaterial_missing_Particle_Transparent.mat","MissingMaterial","<missing>","Universal Render Pipeline/Particles/Unlit"
"gallery_copy_applied","missing_material","Assets/PurePoly/Mining_Pack/Prefabs/FX/Smoke/FX_Smoke_03.prefab","","Assets/BornToDig/PrefabGallery/GalleryMaterials/MissingMaterial_missing_Particle_Transparent.mat","MissingMaterial","<missing>","Universal Render Pipeline/Particles/Unlit"
"gallery_copy_applied","missing_material","Assets/PurePoly/Mining_Pack/Prefabs/FX/Smoke/FX_Smoke_04.prefab","","Assets/BornToDig/PrefabGallery/GalleryMaterials/MissingMaterial_missing_Particle_Transparent.mat","MissingMaterial","<missing>","Universal Render Pipeline/Particles/Unlit"
"gallery_copy_applied","missing_material","Assets/PurePoly/Mining_Pack/Prefabs/FX/Smoke/FX_Smoke_05.prefab","","Assets/BornToDig/PrefabGallery/GalleryMaterials/MissingMaterial_missing_Particle_Transparent.mat","MissingMaterial","<missing>","Universal Render Pipeline/Particles/Unlit"
"gallery_copy_applied","missing_material","Assets/PurePoly/Mining_Pack/Prefabs/FX/Stars/FX_Stars_01.prefab","","Assets/BornToDig/PrefabGallery/GalleryMaterials/MissingMaterial_missing_Particle_Transparent.mat","MissingMaterial","<missing>","Universal Render Pipeline/Particles/Unlit"
"gallery_copy_applied","urp_2d_shader_on_3d_renderer","Assets/Daniel Mistage/STYLIZED Low Poly Fantasy Bundle/STYLIZED Fantasy Forge & Armory - Low Poly 3D Art/Prefabs/Blades/SFFA_Blade_Glow_001.prefab","Assets/Daniel Mistage/STYLIZED Low Poly Fantasy Bundle/STYLIZED Fantasy Forge & Armory - Low Poly 3D Art/Materials/BLUE_GLOW.mat","Assets/BornToDig/PrefabGallery/GalleryMaterials/BLUE_GLOW_1e526fdc_Transparent.mat","BLUE_GLOW","Universal Render Pipeline/2D/Mesh2D-Lit-Default","Universal Render Pipeline/Lit"
"gallery_copy_applied","urp_2d_shader_on_3d_renderer","Assets/Daniel Mistage/STYLIZED Low Poly Fantasy Bundle/STYLIZED Fantasy Forge & Armory - Low Poly 3D Art/Prefabs/Blades/SFFA_Blade_Glow_002.prefab","Assets/Daniel Mistage/STYLIZED Low Poly Fantasy Bundle/STYLIZED Fantasy Forge & Armory - Low Poly 3D Art/Materials/BLUE_GLOW.mat","Assets/BornToDig/PrefabGallery/GalleryMaterials/BLUE_GLOW_1e526fdc_Transparent.mat","BLUE_GLOW","Universal Render Pipeline/2D/Mesh2D-Lit-Default","Universal Render Pipeline/Lit"
"gallery_copy_applied","urp_2d_shader_on_3d_renderer","Assets/Daniel Mistage/STYLIZED Low Poly Fantasy Bundle/STYLIZED Fantasy Forge & Armory - Low Poly 3D Art/Prefabs/Blades/SFFA_Blade_Glow_003.prefab","Assets/Daniel Mistage/STYLIZED Low Poly Fantasy Bundle/STYLIZED Fantasy Forge & Armory - Low Poly 3D Art/Materials/BLUE_GLOW.mat","Assets/BornToDig/PrefabGallery/GalleryMaterials/BLUE_GLOW_1e526fdc_Transparent.mat","BLUE_GLOW","Universal Render Pipeline/2D/Mesh2D-Lit-Default","Universal Render Pipeline/Lit"
"gallery_copy_applied","urp_2d_shader_on_3d_renderer","Assets/Daniel Mistage/STYLIZED Low Poly Fantasy Bundle/STYLIZED Fantasy Forge & Armory - Low Poly 3D Art/Prefabs/Blades/SFFA_Blade_Glow_004.prefab","Assets/Daniel Mistage/STYLIZED Low Poly Fantasy Bundle/STYLIZED Fantasy Forge & Armory - Low Poly 3D Art/Materials/BLUE_GLOW.mat","Assets/BornToDig/PrefabGallery/GalleryMaterials/BLUE_GLOW_1e526fdc_Transparent.mat","BLUE_GLOW","Universal Render Pipeline/2D/Mesh2D-Lit-Default","Universal Render Pipeline/Lit"
"gallery_copy_applied","urp_2d_shader_on_3d_renderer","Assets/Daniel Mistage/STYLIZED Low Poly Fantasy Bundle/STYLIZED Fantasy Forge & Armory - Low Poly 3D Art/Prefabs/Rune/SFFA_Rune.prefab","Assets/Daniel Mistage/STYLIZED Low Poly Fantasy Bundle/STYLIZED Fantasy Forge & Armory - Low Poly 3D Art/Materials/BLUE_GLOW.mat","Assets/BornToDig/PrefabGallery/GalleryMaterials/BLUE_GLOW_1e526fdc_Transparent.mat","BLUE_GLOW","Universal Render Pipeline/2D/Mesh2D-Lit-Default","Universal Render Pipeline/Lit"
"gallery_copy_applied","urp_2d_shader_on_3d_renderer","Assets/Daniel Mistage/STYLIZED Low Poly Fantasy Bundle/STYLIZED Fantasy Forge & Armory - Low Poly 3D Art/Prefabs/Scene Prefabs/SFFA_Weapon_Rack_002.prefab","Assets/Daniel Mistage/STYLIZED Low Poly Fantasy Bundle/STYLIZED Fantasy Forge & Armory - Low Poly 3D Art/Materials/BLUE_GLOW.mat","Assets/BornToDig/PrefabGallery/GalleryMaterials/BLUE_GLOW_1e526fdc_Transparent.mat","BLUE_GLOW","Universal Render Pipeline/2D/Mesh2D-Lit-Default","Universal Render Pipeline/Lit"
"gallery_copy_applied","urp_2d_shader_on_3d_renderer","Assets/Daniel Mistage/STYLIZED Low Poly Fantasy Bundle/STYLIZED Fantasy Forge & Armory - Low Poly 3D Art/Prefabs/Scene Prefabs/SFFA_Weapon_Rack_002.prefab","Assets/Daniel Mistage/STYLIZED Low Poly Fantasy Bundle/STYLIZED Fantasy Forge & Armory - Low Poly 3D Art/Materials/BLUE_GLOW.mat","Assets/BornToDig/PrefabGallery/GalleryMaterials/BLUE_GLOW_1e526fdc_Transparent.mat","BLUE_GLOW","Universal Render Pipeline/2D/Mesh2D-Lit-Default","Universal Render Pipeline/Lit"
"gallery_copy_applied","urp_2d_shader_on_3d_renderer","Assets/Daniel Mistage/STYLIZED Low Poly Fantasy Bundle/STYLIZED Fantasy Forge & Armory - Low Poly 3D Art/Prefabs/Scene Prefabs/SFFA_Weapon_Rack_002.prefab","Assets/Daniel Mistage/STYLIZED Low Poly Fantasy Bundle/STYLIZED Fantasy Forge & Armory - Low Poly 3D Art/Materials/BLUE_GLOW.mat","Assets/BornToDig/PrefabGallery/GalleryMaterials/BLUE_GLOW_1e526fdc_Transparent.mat","BLUE_GLOW","Universal Render Pipeline/2D/Mesh2D-Lit-Default","Universal Render Pipeline/Lit"
"gallery_copy_applied","urp_2d_shader_on_3d_renderer","Assets/Daniel Mistage/STYLIZED Low Poly Fantasy Bundle/STYLIZED Fantasy Forge & Armory - Low Poly 3D Art/Prefabs/Scene Prefabs/SFFA_Weapon_Rack_002.prefab","Assets/Daniel Mistage/STYLIZED Low Poly Fantasy Bundle/STYLIZED Fantasy Forge & Armory - Low Poly 3D Art/Materials/BLUE_GLOW.mat","Assets/BornToDig/PrefabGallery/GalleryMaterials/BLUE_GLOW_1e526fdc_Transparent.mat","BLUE_GLOW","Universal Render Pipeline/2D/Mesh2D-Lit-Default","Universal Render Pipeline/Lit"
"gallery_copy_applied","urp_2d_shader_on_3d_renderer","Assets/Daniel Mistage/STYLIZED Low Poly Fantasy Bundle/STYLIZED Fantasy Forge & Armory - Low Poly 3D Art/Prefabs/Scene Prefabs/SFFA_Weapon_Rack_003.prefab","Assets/Daniel Mistage/STYLIZED Low Poly Fantasy Bundle/STYLIZED Fantasy Forge & Armory - Low Poly 3D Art/Materials/BLUE_GLOW.mat","Assets/BornToDig/PrefabGallery/GalleryMaterials/BLUE_GLOW_1e526fdc_Transparent.mat","BLUE_GLOW","Universal Render Pipeline/2D/Mesh2D-Lit-Default","Universal Render Pipeline/Lit"
"gallery_copy_applied","urp_2d_shader_on_3d_renderer","Assets/Daniel Mistage/STYLIZED Low Poly Fantasy Bundle/STYLIZED Fantasy Forge & Armory - Low Poly 3D Art/Prefabs/Scene Prefabs/SFFA_Weapon_Rack_003.prefab","Assets/Daniel Mistage/STYLIZED Low Poly Fantasy Bundle/STYLIZED Fantasy Forge & Armory - Low Poly 3D Art/Materials/BLUE_GLOW.mat","Assets/BornToDig/PrefabGallery/GalleryMaterials/BLUE_GLOW_1e526fdc_Transparent.mat","BLUE_GLOW","Universal Render Pipeline/2D/Mesh2D-Lit-Default","Universal Render Pipeline/Lit"
"gallery_copy_applied","urp_2d_shader_on_3d_renderer","Assets/Daniel Mistage/STYLIZED Low Poly Fantasy Bundle/STYLIZED Fantasy Forge & Armory - Low Poly 3D Art/Prefabs/Scene Prefabs/SFFA_Weapon_Rack_004.prefab","Assets/Daniel Mistage/STYLIZED Low Poly Fantasy Bundle/STYLIZED Fantasy Forge & Armory - Low Poly 3D Art/Materials/BLUE_GLOW.mat","Assets/BornToDig/PrefabGallery/GalleryMaterials/BLUE_GLOW_1e526fdc_Transparent.mat","BLUE_GLOW","Universal Render Pipeline/2D/Mesh2D-Lit-Default","Universal Render Pipeline/Lit"
"gallery_copy_applied","urp_2d_shader_on_3d_renderer","Assets/Daniel Mistage/STYLIZED Low Poly Fantasy Bundle/STYLIZED Fantasy Forge & Armory - Low Poly 3D Art/Prefabs/Scene Prefabs/SFFA_Weapon_Rack_004.prefab","Assets/Daniel Mistage/STYLIZED Low Poly Fantasy Bundle/STYLIZED Fantasy Forge & Armory - Low Poly 3D Art/Materials/BLUE_GLOW.mat","Assets/BornToDig/PrefabGallery/GalleryMaterials/BLUE_GLOW_1e526fdc_Transparent.mat","BLUE_GLOW","Universal Render Pipeline/2D/Mesh2D-Lit-Default","Universal Render Pipeline/Lit"
"gallery_copy_applied","urp_2d_shader_on_3d_renderer","Assets/Daniel Mistage/STYLIZED Low Poly Fantasy Bundle/STYLIZED Fantasy Forge & Armory - Low Poly 3D Art/Prefabs/Scene Prefabs/SFFA_Weapon_Rack_004.prefab","Assets/Daniel Mistage/STYLIZED Low Poly Fantasy Bundle/STYLIZED Fantasy Forge & Armory - Low Poly 3D Art/Materials/BLUE_GLOW.mat","Assets/BornToDig/PrefabGallery/GalleryMaterials/BLUE_GLOW_1e526fdc_Transparent.mat","BLUE_GLOW","Universal Render Pipeline/2D/Mesh2D-Lit-Default","Universal Render Pipeline/Lit"
"gallery_copy_applied","urp_2d_shader_on_3d_renderer","Assets/Daniel Mistage/STYLIZED Low Poly Fantasy Bundle/STYLIZED Fantasy Forge & Armory - Low Poly 3D Art/Prefabs/Scene Prefabs/SFFA_Weapon_Stand_002 (1).prefab","Assets/Daniel Mistage/STYLIZED Low Poly Fantasy Bundle/STYLIZED Fantasy Forge & Armory - Low Poly 3D Art/Materials/BLUE_GLOW.mat","Assets/BornToDig/PrefabGallery/GalleryMaterials/BLUE_GLOW_1e526fdc_Transparent.mat","BLUE_GLOW","Universal Render Pipeline/2D/Mesh2D-Lit-Default","Universal Render Pipeline/Lit"
"gallery_copy_applied","urp_2d_shader_on_3d_renderer","Assets/Daniel Mistage/STYLIZED Low Poly Fantasy Bundle/STYLIZED Fantasy Forge & Armory - Low Poly 3D Art/Prefabs/Scene Prefabs/SFFA_Weapon_Stand_002 (1).prefab","Assets/Daniel Mistage/STYLIZED Low Poly Fantasy Bundle/STYLIZED Fantasy Forge & Armory - Low Poly 3D Art/Materials/BLUE_GLOW.mat","Assets/BornToDig/PrefabGallery/GalleryMaterials/BLUE_GLOW_1e526fdc_Transparent.mat","BLUE_GLOW","Universal Render Pipeline/2D/Mesh2D-Lit-Default","Universal Render Pipeline/Lit"
"gallery_copy_applied","urp_2d_shader_on_3d_renderer","Assets/Daniel Mistage/STYLIZED Low Poly Fantasy Bundle/STYLIZED Fantasy Forge & Armory - Low Poly 3D Art/Prefabs/Scene Prefabs/SFFA_Weapon_Stand_002 (1).prefab","Assets/Daniel Mistage/STYLIZED Low Poly Fantasy Bundle/STYLIZED Fantasy Forge & Armory - Low Poly 3D Art/Materials/BLUE_GLOW.mat","Assets/BornToDig/PrefabGallery/GalleryMaterials/BLUE_GLOW_1e526fdc_Transparent.mat","BLUE_GLOW","Universal Render Pipeline/2D/Mesh2D-Lit-Default","Universal Render Pipeline/Lit"
"gallery_copy_applied","urp_2d_shader_on_3d_renderer","Assets/Daniel Mistage/STYLIZED Low Poly Fantasy Bundle/STYLIZED Fantasy Forge & Armory - Low Poly 3D Art/Prefabs/Scene Prefabs/SFFA_Weapon_Stand_002 (1).prefab","Assets/Daniel Mistage/STYLIZED Low Poly Fantasy Bundle/STYLIZED Fantasy Forge & Armory - Low Poly 3D Art/Materials/BLUE_GLOW.mat","Assets/BornToDig/PrefabGallery/GalleryMaterials/BLUE_GLOW_1e526fdc_Transparent.mat","BLUE_GLOW","Universal Render Pipeline/2D/Mesh2D-Lit-Default","Universal Render Pipeline/Lit"
"gallery_copy_applied","urp_2d_shader_on_3d_renderer","Assets/Daniel Mistage/STYLIZED Low Poly Fantasy Bundle/STYLIZED Fantasy Forge & Armory - Low Poly 3D Art/Prefabs/Scene Prefabs/SFFA_Weapon_Stand_002 (1).prefab","Assets/Daniel Mistage/STYLIZED Low Poly Fantasy Bundle/STYLIZED Fantasy Forge & Armory - Low Poly 3D Art/Materials/BLUE_GLOW.mat","Assets/BornToDig/PrefabGallery/GalleryMaterials/BLUE_GLOW_1e526fdc_Transparent.mat","BLUE_GLOW","Universal Render Pipeline/2D/Mesh2D-Lit-Default","Universal Render Pipeline/Lit"
"gallery_copy_applied","urp_2d_shader_on_3d_renderer","Assets/Daniel Mistage/STYLIZED Low Poly Fantasy Bundle/STYLIZED Fantasy Forge & Armory - Low Poly 3D Art/Prefabs/Scene Prefabs/SFFA_Weapon_Stand_002 (1).prefab","Assets/Daniel Mistage/STYLIZED Low Poly Fantasy Bundle/STYLIZED Fantasy Forge & Armory - Low Poly 3D Art/Materials/BLUE_GLOW.mat","Assets/BornToDig/PrefabGallery/GalleryMaterials/BLUE_GLOW_1e526fdc_Transparent.mat","BLUE_GLOW","Universal Render Pipeline/2D/Mesh2D-Lit-Default","Universal Render Pipeline/Lit"
"gallery_copy_applied","urp_2d_shader_on_3d_renderer","Assets/Daniel Mistage/STYLIZED Low Poly Fantasy Bundle/STYLIZED Fantasy Forge & Armory - Low Poly 3D Art/Prefabs/Scene Prefabs/SFFA_Weapon_Stand_002 (1).prefab","Assets/Daniel Mistage/STYLIZED Low Poly Fantasy Bundle/STYLIZED Fantasy Forge & Armory - Low Poly 3D Art/Materials/BLUE_GLOW.mat","Assets/BornToDig/PrefabGallery/GalleryMaterials/BLUE_GLOW_1e526fdc_Transparent.mat","BLUE_GLOW","Universal Render Pipeline/2D/Mesh2D-Lit-Default","Universal Render Pipeline/Lit"
"gallery_copy_applied","urp_2d_shader_on_3d_renderer","Assets/Daniel Mistage/STYLIZED Low Poly Fantasy Bundle/STYLIZED Fantasy Forge & Armory - Low Poly 3D Art/Prefabs/Scene Prefabs/SFFA_Weapon_Stand_002 (1).prefab","Assets/Daniel Mistage/STYLIZED Low Poly Fantasy Bundle/STYLIZED Fantasy Forge & Armory - Low Poly 3D Art/Materials/BLUE_GLOW.mat","Assets/BornToDig/PrefabGallery/GalleryMaterials/BLUE_GLOW_1e526fdc_Transparent.mat","BLUE_GLOW","Universal Render Pipeline/2D/Mesh2D-Lit-Default","Universal Render Pipeline/Lit"
"gallery_copy_applied","urp_2d_shader_on_3d_renderer","Assets/Daniel Mistage/STYLIZED Low Poly Fantasy Bundle/STYLIZED Fantasy Forge & Armory - Low Poly 3D Art/Prefabs/Scene Prefabs/SFFA_Weapon_Stand_002 (1).prefab","Assets/Daniel Mistage/STYLIZED Low Poly Fantasy Bundle/STYLIZED Fantasy Forge & Armory - Low Poly 3D Art/Materials/BLUE_GLOW.mat","Assets/BornToDig/PrefabGallery/GalleryMaterials/BLUE_GLOW_1e526fdc_Transparent.mat","BLUE_GLOW","Universal Render Pipeline/2D/Mesh2D-Lit-Default","Universal Render Pipeline/Lit"
"gallery_copy_applied","urp_2d_shader_on_3d_renderer","Assets/Daniel Mistage/STYLIZED Low Poly Fantasy Bundle/STYLIZED Fantasy Forge & Armory - Low Poly 3D Art/Prefabs/Scene Prefabs/SFFA_Weapon_Stand_002 (2).prefab","Assets/Daniel Mistage/STYLIZED Low Poly Fantasy Bundle/STYLIZED Fantasy Forge & Armory - Low Poly 3D Art/Materials/BLUE_GLOW.mat","Assets/BornToDig/PrefabGallery/GalleryMaterials/BLUE_GLOW_1e526fdc_Transparent.mat","BLUE_GLOW","Universal Render Pipeline/2D/Mesh2D-Lit-Default","Universal Render Pipeline/Lit"
"gallery_copy_applied","urp_2d_shader_on_3d_renderer","Assets/Daniel Mistage/STYLIZED Low Poly Fantasy Bundle/STYLIZED Fantasy Forge & Armory - Low Poly 3D Art/Prefabs/Scene Prefabs/SFFA_Weapon_Stand_002 (2).prefab","Assets/Daniel Mistage/STYLIZED Low Poly Fantasy Bundle/STYLIZED Fantasy Forge & Armory - Low Poly 3D Art/Materials/BLUE_GLOW.mat","Assets/BornToDig/PrefabGallery/GalleryMaterials/BLUE_GLOW_1e526fdc_Transparent.mat","BLUE_GLOW","Universal Render Pipeline/2D/Mesh2D-Lit-Default","Universal Render Pipeline/Lit"
"gallery_copy_applied","urp_2d_shader_on_3d_renderer","Assets/Daniel Mistage/STYLIZED Low Poly Fantasy Bundle/STYLIZED Fantasy Forge & Armory - Low Poly 3D Art/Prefabs/Scene Prefabs/SFFA_Weapon_Stand_002 (2).prefab","Assets/Daniel Mistage/STYLIZED Low Poly Fantasy Bundle/STYLIZED Fantasy Forge & Armory - Low Poly 3D Art/Materials/BLUE_GLOW.mat","Assets/BornToDig/PrefabGallery/GalleryMaterials/BLUE_GLOW_1e526fdc_Transparent.mat","BLUE_GLOW","Universal Render Pipeline/2D/Mesh2D-Lit-Default","Universal Render Pipeline/Lit"
"gallery_copy_applied","urp_2d_shader_on_3d_renderer","Assets/Daniel Mistage/STYLIZED Low Poly Fantasy Bundle/STYLIZED Fantasy Forge & Armory - Low Poly 3D Art/Prefabs/Scene Prefabs/SFFA_Weapon_Stand_002 (2).prefab","Assets/Daniel Mistage/STYLIZED Low Poly Fantasy Bundle/STYLIZED Fantasy Forge & Armory - Low Poly 3D Art/Materials/BLUE_GLOW.mat","Assets/BornToDig/PrefabGallery/GalleryMaterials/BLUE_GLOW_1e526fdc_Transparent.mat","BLUE_GLOW","Universal Render Pipeline/2D/Mesh2D-Lit-Default","Universal Render Pipeline/Lit"
"gallery_copy_applied","urp_2d_shader_on_3d_renderer","Assets/Daniel Mistage/STYLIZED Low Poly Fantasy Bundle/STYLIZED Fantasy Forge & Armory - Low Poly 3D Art/Prefabs/Scene Prefabs/SFFA_Weapon_Stand_002 (2).prefab","Assets/Daniel Mistage/STYLIZED Low Poly Fantasy Bundle/STYLIZED Fantasy Forge & Armory - Low Poly 3D Art/Materials/BLUE_GLOW.mat","Assets/BornToDig/PrefabGallery/GalleryMaterials/BLUE_GLOW_1e526fdc_Transparent.mat","BLUE_GLOW","Universal Render Pipeline/2D/Mesh2D-Lit-Default","Universal Render Pipeline/Lit"
"gallery_copy_applied","urp_2d_shader_on_3d_renderer","Assets/Daniel Mistage/STYLIZED Low Poly Fantasy Bundle/STYLIZED Fantasy Forge & Armory - Low Poly 3D Art/Prefabs/Scene Prefabs/SFFA_Weapon_Stand_002 (2).prefab","Assets/Daniel Mistage/STYLIZED Low Poly Fantasy Bundle/STYLIZED Fantasy Forge & Armory - Low Poly 3D Art/Materials/BLUE_GLOW.mat","Assets/BornToDig/PrefabGallery/GalleryMaterials/BLUE_GLOW_1e526fdc_Transparent.mat","BLUE_GLOW","Universal Render Pipeline/2D/Mesh2D-Lit-Default","Universal Render Pipeline/Lit"
"gallery_copy_applied","urp_2d_shader_on_3d_renderer","Assets/Daniel Mistage/STYLIZED Low Poly Fantasy Bundle/STYLIZED Fantasy Forge & Armory - Low Poly 3D Art/Prefabs/Scene Prefabs/SFFA_Weapon_Stand_002 (2).prefab","Assets/Daniel Mistage/STYLIZED Low Poly Fantasy Bundle/STYLIZED Fantasy Forge & Armory - Low Poly 3D Art/Materials/BLUE_GLOW.mat","Assets/BornToDig/PrefabGallery/GalleryMaterials/BLUE_GLOW_1e526fdc_Transparent.mat","BLUE_GLOW","Universal Render Pipeline/2D/Mesh2D-Lit-Default","Universal Render Pipeline/Lit"
"gallery_copy_applied","urp_2d_shader_on_3d_renderer","Assets/Daniel Mistage/STYLIZED Low Poly Fantasy Bundle/STYLIZED Fantasy Forge & Armory - Low Poly 3D Art/Prefabs/Scene Prefabs/SFFA_Weapon_Stand_002 (2).prefab","Assets/Daniel Mistage/STYLIZED Low Poly Fantasy Bundle/STYLIZED Fantasy Forge & Armory - Low Poly 3D Art/Materials/BLUE_GLOW.mat","Assets/BornToDig/PrefabGallery/GalleryMaterials/BLUE_GLOW_1e526fdc_Transparent.mat","BLUE_GLOW","Universal Render Pipeline/2D/Mesh2D-Lit-Default","Universal Render Pipeline/Lit"
"gallery_copy_applied","urp_2d_shader_on_3d_renderer","Assets/Daniel Mistage/STYLIZED Low Poly Fantasy Bundle/STYLIZED Fantasy Forge & Armory - Low Poly 3D Art/Prefabs/Scene Prefabs/SFFA_Weapon_Stand_002 (2).prefab","Assets/Daniel Mistage/STYLIZED Low Poly Fantasy Bundle/STYLIZED Fantasy Forge & Armory - Low Poly 3D Art/Materials/BLUE_GLOW.mat","Assets/BornToDig/PrefabGallery/GalleryMaterials/BLUE_GLOW_1e526fdc_Transparent.mat","BLUE_GLOW","Universal Render Pipeline/2D/Mesh2D-Lit-Default","Universal Render Pipeline/Lit"
"gallery_copy_applied","urp_2d_shader_on_3d_renderer","Assets/Daniel Mistage/STYLIZED Low Poly Fantasy Bundle/STYLIZED Fantasy Forge & Armory - Low Poly 3D Art/Prefabs/Scene Prefabs/SFFA_Weapon_Stand_002 (2).prefab","Assets/Daniel Mistage/STYLIZED Low Poly Fantasy Bundle/STYLIZED Fantasy Forge & Armory - Low Poly 3D Art/Materials/BLUE_GLOW.mat","Assets/BornToDig/PrefabGallery/GalleryMaterials/BLUE_GLOW_1e526fdc_Transparent.mat","BLUE_GLOW","Universal Render Pipeline/2D/Mesh2D-Lit-Default","Universal Render Pipeline/Lit"
"gallery_copy_applied","urp_2d_shader_on_3d_renderer","Assets/Daniel Mistage/STYLIZED Low Poly Fantasy Bundle/STYLIZED Fantasy Forge & Armory - Low Poly 3D Art/Prefabs/Scene Prefabs/SFFA_Weapon_Stand_002 (2).prefab","Assets/Daniel Mistage/STYLIZED Low Poly Fantasy Bundle/STYLIZED Fantasy Forge & Armory - Low Poly 3D Art/Materials/BLUE_GLOW.mat","Assets/BornToDig/PrefabGallery/GalleryMaterials/BLUE_GLOW_1e526fdc_Transparent.mat","BLUE_GLOW","Universal Render Pipeline/2D/Mesh2D-Lit-Default","Universal Render Pipeline/Lit"
"gallery_copy_applied","urp_2d_shader_on_3d_renderer","Assets/Daniel Mistage/STYLIZED Low Poly Fantasy Bundle/STYLIZED Fantasy Forge & Armory - Low Poly 3D Art/Prefabs/Scene Prefabs/SFFA_Weapon_Stand_004 1.prefab","Assets/Daniel Mistage/STYLIZED Low Poly Fantasy Bundle/STYLIZED Fantasy Forge & Armory - Low Poly 3D Art/Materials/BLUE_GLOW.mat","Assets/BornToDig/PrefabGallery/GalleryMaterials/BLUE_GLOW_1e526fdc_Transparent.mat","BLUE_GLOW","Universal Render Pipeline/2D/Mesh2D-Lit-Default","Universal Render Pipeline/Lit"
"gallery_copy_applied","urp_2d_shader_on_3d_renderer","Assets/Daniel Mistage/STYLIZED Low Poly Fantasy Bundle/STYLIZED Fantasy Forge & Armory - Low Poly 3D Art/Prefabs/Scene Prefabs/SFFA_Weapon_Stand_004 1.prefab","Assets/Daniel Mistage/STYLIZED Low Poly Fantasy Bundle/STYLIZED Fantasy Forge & Armory - Low Poly 3D Art/Materials/BLUE_GLOW.mat","Assets/BornToDig/PrefabGallery/GalleryMaterials/BLUE_GLOW_1e526fdc_Transparent.mat","BLUE_GLOW","Universal Render Pipeline/2D/Mesh2D-Lit-Default","Universal Render Pipeline/Lit"
"gallery_copy_applied","urp_2d_shader_on_3d_renderer","Assets/Daniel Mistage/STYLIZED Low Poly Fantasy Bundle/STYLIZED Fantasy Forge & Armory - Low Poly 3D Art/Prefabs/Scene Prefabs/SFFA_Weapon_Stand_004 1.prefab","Assets/Daniel Mistage/STYLIZED Low Poly Fantasy Bundle/STYLIZED Fantasy Forge & Armory - Low Poly 3D Art/Materials/BLUE_GLOW.mat","Assets/BornToDig/PrefabGallery/GalleryMaterials/BLUE_GLOW_1e526fdc_Transparent.mat","BLUE_GLOW","Universal Render Pipeline/2D/Mesh2D-Lit-Default","Universal Render Pipeline/Lit"
"gallery_copy_applied","urp_2d_shader_on_3d_renderer","Assets/Daniel Mistage/STYLIZED Low Poly Fantasy Bundle/STYLIZED Fantasy Forge & Armory - Low Poly 3D Art/Prefabs/Scene Prefabs/SFFA_Weapon_Stand_004 1.prefab","Assets/Daniel Mistage/STYLIZED Low Poly Fantasy Bundle/STYLIZED Fantasy Forge & Armory - Low Poly 3D Art/Materials/BLUE_GLOW.mat","Assets/BornToDig/PrefabGallery/GalleryMaterials/BLUE_GLOW_1e526fdc_Transparent.mat","BLUE_GLOW","Universal Render Pipeline/2D/Mesh2D-Lit-Default","Universal Render Pipeline/Lit"
"gallery_copy_applied","urp_2d_shader_on_3d_renderer","Assets/Daniel Mistage/STYLIZED Low Poly Fantasy Bundle/STYLIZED Fantasy Forge & Armory - Low Poly 3D Art/Prefabs/Scene Prefabs/SFFA_Weapon_Stand_004 1.prefab","Assets/Daniel Mistage/STYLIZED Low Poly Fantasy Bundle/STYLIZED Fantasy Forge & Armory - Low Poly 3D Art/Materials/BLUE_GLOW.mat","Assets/BornToDig/PrefabGallery/GalleryMaterials/BLUE_GLOW_1e526fdc_Transparent.mat","BLUE_GLOW","Universal Render Pipeline/2D/Mesh2D-Lit-Default","Universal Render Pipeline/Lit"
"gallery_copy_applied","urp_2d_shader_on_3d_renderer","Assets/Daniel Mistage/STYLIZED Low Poly Fantasy Bundle/STYLIZED Fantasy Forge & Armory - Low Poly 3D Art/Prefabs/Scene Prefabs/SFFA_Weapon_Stand_004.prefab","Assets/Daniel Mistage/STYLIZED Low Poly Fantasy Bundle/STYLIZED Fantasy Forge & Armory - Low Poly 3D Art/Materials/BLUE_GLOW.mat","Assets/BornToDig/PrefabGallery/GalleryMaterials/BLUE_GLOW_1e526fdc_Transparent.mat","BLUE_GLOW","Universal Render Pipeline/2D/Mesh2D-Lit-Default","Universal Render Pipeline/Lit"
"gallery_copy_applied","urp_2d_shader_on_3d_renderer","Assets/Daniel Mistage/STYLIZED Low Poly Fantasy Bundle/STYLIZED Fantasy Forge & Armory - Low Poly 3D Art/Prefabs/Scene Prefabs/SFFA_Weapon_Stand_004.prefab","Assets/Daniel Mistage/STYLIZED Low Poly Fantasy Bundle/STYLIZED Fantasy Forge & Armory - Low Poly 3D Art/Materials/BLUE_GLOW.mat","Assets/BornToDig/PrefabGallery/GalleryMaterials/BLUE_GLOW_1e526fdc_Transparent.mat","BLUE_GLOW","Universal Render Pipeline/2D/Mesh2D-Lit-Default","Universal Render Pipeline/Lit"
"gallery_copy_applied","urp_2d_shader_on_3d_renderer","Assets/Daniel Mistage/STYLIZED Low Poly Fantasy Bundle/STYLIZED Fantasy Forge & Armory - Low Poly 3D Art/Prefabs/Scene Prefabs/SFFA_Weapon_Stand_004.prefab","Assets/Daniel Mistage/STYLIZED Low Poly Fantasy Bundle/STYLIZED Fantasy Forge & Armory - Low Poly 3D Art/Materials/BLUE_GLOW.mat","Assets/BornToDig/PrefabGallery/GalleryMaterials/BLUE_GLOW_1e526fdc_Transparent.mat","BLUE_GLOW","Universal Render Pipeline/2D/Mesh2D-Lit-Default","Universal Render Pipeline/Lit"
"gallery_copy_applied","urp_2d_shader_on_3d_renderer","Assets/Daniel Mistage/STYLIZED Low Poly Fantasy Bundle/STYLIZED Fantasy Forge & Armory - Low Poly 3D Art/Prefabs/Steam Hammer/Individual Parts/SFFA_Steam_Hammer_001.prefab","Assets/Daniel Mistage/STYLIZED Low Poly Fantasy Bundle/STYLIZED Fantasy Forge & Armory - Low Poly 3D Art/Materials/BLUE_GLOW.mat","Assets/BornToDig/PrefabGallery/GalleryMaterials/BLUE_GLOW_1e526fdc_Transparent.mat","BLUE_GLOW","Universal Render Pipeline/2D/Mesh2D-Lit-Default","Universal Render Pipeline/Lit"
"gallery_copy_applied","urp_2d_shader_on_3d_renderer","Assets/Daniel Mistage/STYLIZED Low Poly Fantasy Bundle/STYLIZED Fantasy Forge & Armory - Low Poly 3D Art/Prefabs/Steam Hammer/SFFA_Steam_Hammer_002.prefab","Assets/Daniel Mistage/STYLIZED Low Poly Fantasy Bundle/STYLIZED Fantasy Forge & Armory - Low Poly 3D Art/Materials/BLUE_GLOW.mat","Assets/BornToDig/PrefabGallery/GalleryMaterials/BLUE_GLOW_1e526fdc_Transparent.mat","BLUE_GLOW","Universal Render Pipeline/2D/Mesh2D-Lit-Default","Universal Render Pipeline/Lit"
"gallery_copy_applied","urp_2d_shader_on_3d_renderer","Assets/Daniel Mistage/STYLIZED Low Poly Fantasy Bundle/STYLIZED Fantasy Forge & Armory - Low Poly 3D Art/Prefabs/Tools/Hammers/SFFA_Hammer_Stylized_002.prefab","Assets/Daniel Mistage/STYLIZED Low Poly Fantasy Bundle/STYLIZED Fantasy Forge & Armory - Low Poly 3D Art/Materials/BLUE_GLOW.mat","Assets/BornToDig/PrefabGallery/GalleryMaterials/BLUE_GLOW_1e526fdc_Transparent.mat","BLUE_GLOW","Universal Render Pipeline/2D/Mesh2D-Lit-Default","Universal Render Pipeline/Lit"
"gallery_copy_applied","urp_2d_shader_on_3d_renderer","Assets/Daniel Mistage/STYLIZED Low Poly Fantasy Bundle/STYLIZED Fantasy Forge & Armory - Low Poly 3D Art/Prefabs/Tools/Hammers/SFFA_Hammer_Stylized_004.prefab","Assets/Daniel Mistage/STYLIZED Low Poly Fantasy Bundle/STYLIZED Fantasy Forge & Armory - Low Poly 3D Art/Materials/BLUE_GLOW.mat","Assets/BornToDig/PrefabGallery/GalleryMaterials/BLUE_GLOW_1e526fdc_Transparent.mat","BLUE_GLOW","Universal Render Pipeline/2D/Mesh2D-Lit-Default","Universal Render Pipeline/Lit"
"gallery_copy_applied","urp_2d_shader_on_3d_renderer","Assets/Daniel Mistage/STYLIZED Low Poly Fantasy Bundle/STYLIZED Fantasy Forge & Armory - Low Poly 3D Art/Prefabs/Weapons/Bows/Arrow Bag/SFFA_Arrow_Bag_Runical_001.prefab","Assets/Daniel Mistage/STYLIZED Low Poly Fantasy Bundle/STYLIZED Fantasy Forge & Armory - Low Poly 3D Art/Materials/BLUE_GLOW.mat","Assets/BornToDig/PrefabGallery/GalleryMaterials/BLUE_GLOW_1e526fdc_Transparent.mat","BLUE_GLOW","Universal Render Pipeline/2D/Mesh2D-Lit-Default","Universal Render Pipeline/Lit"
"gallery_copy_applied","urp_2d_shader_on_3d_renderer","Assets/Daniel Mistage/STYLIZED Low Poly Fantasy Bundle/STYLIZED Fantasy Forge & Armory - Low Poly 3D Art/Prefabs/Weapons/Bows/Arrow Bag/SFFA_Arrow_Bag_Runical_002.prefab","Assets/Daniel Mistage/STYLIZED Low Poly Fantasy Bundle/STYLIZED Fantasy Forge & Armory - Low Poly 3D Art/Materials/BLUE_GLOW.mat","Assets/BornToDig/PrefabGallery/GalleryMaterials/BLUE_GLOW_1e526fdc_Transparent.mat","BLUE_GLOW","Universal Render Pipeline/2D/Mesh2D-Lit-Default","Universal Render Pipeline/Lit"
"gallery_copy_applied","urp_2d_shader_on_3d_renderer","Assets/Daniel Mistage/STYLIZED Low Poly Fantasy Bundle/STYLIZED Fantasy Forge & Armory - Low Poly 3D Art/Prefabs/Weapons/Bows/Arrows/SFFA_Arrow_Runical.prefab","Assets/Daniel Mistage/STYLIZED Low Poly Fantasy Bundle/STYLIZED Fantasy Forge & Armory - Low Poly 3D Art/Materials/BLUE_GLOW.mat","Assets/BornToDig/PrefabGallery/GalleryMaterials/BLUE_GLOW_1e526fdc_Transparent.mat","BLUE_GLOW","Universal Render Pipeline/2D/Mesh2D-Lit-Default","Universal Render Pipeline/Lit"
"gallery_copy_applied","urp_2d_shader_on_3d_renderer","Assets/Daniel Mistage/STYLIZED Low Poly Fantasy Bundle/STYLIZED Fantasy Forge & Armory - Low Poly 3D Art/Prefabs/Weapons/Bows/Bows/Individual Parts/SFFA_Bow_001.prefab","Assets/Daniel Mistage/STYLIZED Low Poly Fantasy Bundle/STYLIZED Fantasy Forge & Armory - Low Poly 3D Art/Materials/BLUE_GLOW.mat","Assets/BornToDig/PrefabGallery/GalleryMaterials/BLUE_GLOW_1e526fdc_Transparent.mat","BLUE_GLOW","Universal Render Pipeline/2D/Mesh2D-Lit-Default","Universal Render Pipeline/Lit"
"gallery_copy_applied","urp_2d_shader_on_3d_renderer","Assets/Daniel Mistage/STYLIZED Low Poly Fantasy Bundle/STYLIZED Fantasy Forge & Armory - Low Poly 3D Art/Prefabs/Weapons/Bows/Bows/SFFA_Bow_001.prefab","Assets/Daniel Mistage/STYLIZED Low Poly Fantasy Bundle/STYLIZED Fantasy Forge & Armory - Low Poly 3D Art/Materials/BLUE_GLOW.mat","Assets/BornToDig/PrefabGallery/GalleryMaterials/BLUE_GLOW_1e526fdc_Transparent.mat","BLUE_GLOW","Universal Render Pipeline/2D/Mesh2D-Lit-Default","Universal Render Pipeline/Lit"
"gallery_copy_applied","urp_2d_shader_on_3d_renderer","Assets/Daniel Mistage/STYLIZED Low Poly Fantasy Bundle/STYLIZED Fantasy Forge & Armory - Low Poly 3D Art/Prefabs/Weapons/Gold/Axes/SFFA_Weapon_Axe_Gold_001.prefab","Assets/Daniel Mistage/STYLIZED Low Poly Fantasy Bundle/STYLIZED Fantasy Forge & Armory - Low Poly 3D Art/Materials/BLUE_GLOW.mat","Assets/BornToDig/PrefabGallery/GalleryMaterials/BLUE_GLOW_1e526fdc_Transparent.mat","BLUE_GLOW","Universal Render Pipeline/2D/Mesh2D-Lit-Default","Universal Render Pipeline/Lit"
"gallery_copy_applied","urp_2d_shader_on_3d_renderer","Assets/Daniel Mistage/STYLIZED Low Poly Fantasy Bundle/STYLIZED Fantasy Forge & Armory - Low Poly 3D Art/Prefabs/Weapons/Gold/Axes/SFFA_Weapon_Axe_Gold_002.prefab","Assets/Daniel Mistage/STYLIZED Low Poly Fantasy Bundle/STYLIZED Fantasy Forge & Armory - Low Poly 3D Art/Materials/BLUE_GLOW.mat","Assets/BornToDig/PrefabGallery/GalleryMaterials/BLUE_GLOW_1e526fdc_Transparent.mat","BLUE_GLOW","Universal Render Pipeline/2D/Mesh2D-Lit-Default","Universal Render Pipeline/Lit"
"gallery_copy_applied","urp_2d_shader_on_3d_renderer","Assets/Daniel Mistage/STYLIZED Low Poly Fantasy Bundle/STYLIZED Fantasy Forge & Armory - Low Poly 3D Art/Prefabs/Weapons/Gold/Axes/SFFA_Weapon_Axe_Gold_003.prefab","Assets/Daniel Mistage/STYLIZED Low Poly Fantasy Bundle/STYLIZED Fantasy Forge & Armory - Low Poly 3D Art/Materials/BLUE_GLOW.mat","Assets/BornToDig/PrefabGallery/GalleryMaterials/BLUE_GLOW_1e526fdc_Transparent.mat","BLUE_GLOW","Universal Render Pipeline/2D/Mesh2D-Lit-Default","Universal Render Pipeline/Lit"
"gallery_copy_applied","urp_2d_shader_on_3d_renderer","Assets/Daniel Mistage/STYLIZED Low Poly Fantasy Bundle/STYLIZED Fantasy Forge & Armory - Low Poly 3D Art/Prefabs/Weapons/Gold/Axes/SFFA_Weapon_Axe_Gold_004.prefab","Assets/Daniel Mistage/STYLIZED Low Poly Fantasy Bundle/STYLIZED Fantasy Forge & Armory - Low Poly 3D Art/Materials/BLUE_GLOW.mat","Assets/BornToDig/PrefabGallery/GalleryMaterials/BLUE_GLOW_1e526fdc_Transparent.mat","BLUE_GLOW","Universal Render Pipeline/2D/Mesh2D-Lit-Default","Universal Render Pipeline/Lit"
"gallery_copy_applied","urp_2d_shader_on_3d_renderer","Assets/Daniel Mistage/STYLIZED Low Poly Fantasy Bundle/STYLIZED Fantasy Forge & Armory - Low Poly 3D Art/Prefabs/Weapons/Gold/Axes/SFFA_Weapon_Axe_Gold_005.prefab","Assets/Daniel Mistage/STYLIZED Low Poly Fantasy Bundle/STYLIZED Fantasy Forge & Armory - Low Poly 3D Art/Materials/BLUE_GLOW.mat","Assets/BornToDig/PrefabGallery/GalleryMaterials/BLUE_GLOW_1e526fdc_Transparent.mat","BLUE_GLOW","Universal Render Pipeline/2D/Mesh2D-Lit-Default","Universal Render Pipeline/Lit"
"gallery_copy_applied","urp_2d_shader_on_3d_renderer","Assets/Daniel Mistage/STYLIZED Low Poly Fantasy Bundle/STYLIZED Fantasy Forge & Armory - Low Poly 3D Art/Prefabs/Weapons/Gold/Axes/SFFA_Weapon_Axe_Gold_006.prefab","Assets/Daniel Mistage/STYLIZED Low Poly Fantasy Bundle/STYLIZED Fantasy Forge & Armory - Low Poly 3D Art/Materials/BLUE_GLOW.mat","Assets/BornToDig/PrefabGallery/GalleryMaterials/BLUE_GLOW_1e526fdc_Transparent.mat","BLUE_GLOW","Universal Render Pipeline/2D/Mesh2D-Lit-Default","Universal Render Pipeline/Lit"
"gallery_copy_applied","urp_2d_shader_on_3d_renderer","Assets/Daniel Mistage/STYLIZED Low Poly Fantasy Bundle/STYLIZED Fantasy Forge & Armory - Low Poly 3D Art/Prefabs/Weapons/Gold/Chakram/SFFA_Weapon_Chakram_Gold_001.prefab","Assets/Daniel Mistage/STYLIZED Low Poly Fantasy Bundle/STYLIZED Fantasy Forge & Armory - Low Poly 3D Art/Materials/BLUE_GLOW.mat","Assets/BornToDig/PrefabGallery/GalleryMaterials/BLUE_GLOW_1e526fdc_Transparent.mat","BLUE_GLOW","Universal Render Pipeline/2D/Mesh2D-Lit-Default","Universal Render Pipeline/Lit"
"gallery_copy_applied","urp_2d_shader_on_3d_renderer","Assets/Daniel Mistage/STYLIZED Low Poly Fantasy Bundle/STYLIZED Fantasy Forge & Armory - Low Poly 3D Art/Prefabs/Weapons/Gold/Chakram/SFFA_Weapon_Chakram_Gold_002.prefab","Assets/Daniel Mistage/STYLIZED Low Poly Fantasy Bundle/STYLIZED Fantasy Forge & Armory - Low Poly 3D Art/Materials/BLUE_GLOW.mat","Assets/BornToDig/PrefabGallery/GalleryMaterials/BLUE_GLOW_1e526fdc_Transparent.mat","BLUE_GLOW","Universal Render Pipeline/2D/Mesh2D-Lit-Default","Universal Render Pipeline/Lit"
"gallery_copy_applied","urp_2d_shader_on_3d_renderer","Assets/Daniel Mistage/STYLIZED Low Poly Fantasy Bundle/STYLIZED Fantasy Forge & Armory - Low Poly 3D Art/Prefabs/Weapons/Gold/Chakram/SFFA_Weapon_Chakram_Gold_003.prefab","Assets/Daniel Mistage/STYLIZED Low Poly Fantasy Bundle/STYLIZED Fantasy Forge & Armory - Low Poly 3D Art/Materials/BLUE_GLOW.mat","Assets/BornToDig/PrefabGallery/GalleryMaterials/BLUE_GLOW_1e526fdc_Transparent.mat","BLUE_GLOW","Universal Render Pipeline/2D/Mesh2D-Lit-Default","Universal Render Pipeline/Lit"
"gallery_copy_applied","urp_2d_shader_on_3d_renderer","Assets/Daniel Mistage/STYLIZED Low Poly Fantasy Bundle/STYLIZED Fantasy Forge & Armory - Low Poly 3D Art/Prefabs/Weapons/Gold/Hammers/SFFA_Weapon_Hammer_Gold_002.prefab","Assets/Daniel Mistage/STYLIZED Low Poly Fantasy Bundle/STYLIZED Fantasy Forge & Armory - Low Poly 3D Art/Materials/BLUE_GLOW.mat","Assets/BornToDig/PrefabGallery/GalleryMaterials/BLUE_GLOW_1e526fdc_Transparent.mat","BLUE_GLOW","Universal Render Pipeline/2D/Mesh2D-Lit-Default","Universal Render Pipeline/Lit"
"gallery_copy_applied","urp_2d_shader_on_3d_renderer","Assets/Daniel Mistage/STYLIZED Low Poly Fantasy Bundle/STYLIZED Fantasy Forge & Armory - Low Poly 3D Art/Prefabs/Weapons/Gold/Hammers/SFFA_Weapon_Hammer_Gold_003.prefab","Assets/Daniel Mistage/STYLIZED Low Poly Fantasy Bundle/STYLIZED Fantasy Forge & Armory - Low Poly 3D Art/Materials/BLUE_GLOW.mat","Assets/BornToDig/PrefabGallery/GalleryMaterials/BLUE_GLOW_1e526fdc_Transparent.mat","BLUE_GLOW","Universal Render Pipeline/2D/Mesh2D-Lit-Default","Universal Render Pipeline/Lit"
"gallery_copy_applied","urp_2d_shader_on_3d_renderer","Assets/Daniel Mistage/STYLIZED Low Poly Fantasy Bundle/STYLIZED Fantasy Forge & Armory - Low Poly 3D Art/Prefabs/Weapons/Gold/Hammers/SFFA_Weapon_Hammer_Gold_004.prefab","Assets/Daniel Mistage/STYLIZED Low Poly Fantasy Bundle/STYLIZED Fantasy Forge & Armory - Low Poly 3D Art/Materials/BLUE_GLOW.mat","Assets/BornToDig/PrefabGallery/GalleryMaterials/BLUE_GLOW_1e526fdc_Transparent.mat","BLUE_GLOW","Universal Render Pipeline/2D/Mesh2D-Lit-Default","Universal Render Pipeline/Lit"
"gallery_copy_applied","urp_2d_shader_on_3d_renderer","Assets/Daniel Mistage/STYLIZED Low Poly Fantasy Bundle/STYLIZED Fantasy Forge & Armory - Low Poly 3D Art/Prefabs/Weapons/Gold/Hammers/SFFA_Weapon_Hammer_Gold_005.prefab","Assets/Daniel Mistage/STYLIZED Low Poly Fantasy Bundle/STYLIZED Fantasy Forge & Armory - Low Poly 3D Art/Materials/BLUE_GLOW.mat","Assets/BornToDig/PrefabGallery/GalleryMaterials/BLUE_GLOW_1e526fdc_Transparent.mat","BLUE_GLOW","Universal Render Pipeline/2D/Mesh2D-Lit-Default","Universal Render Pipeline/Lit"
"gallery_copy_applied","urp_2d_shader_on_3d_renderer","Assets/Daniel Mistage/STYLIZED Low Poly Fantasy Bundle/STYLIZED Fantasy Forge & Armory - Low Poly 3D Art/Prefabs/Weapons/Gold/Hammers/SFFA_Weapon_Hammer_Gold_006.prefab","Assets/Daniel Mistage/STYLIZED Low Poly Fantasy Bundle/STYLIZED Fantasy Forge & Armory - Low Poly 3D Art/Materials/BLUE_GLOW.mat","Assets/BornToDig/PrefabGallery/GalleryMaterials/BLUE_GLOW_1e526fdc_Transparent.mat","BLUE_GLOW","Universal Render Pipeline/2D/Mesh2D-Lit-Default","Universal Render Pipeline/Lit"
"gallery_copy_applied","urp_2d_shader_on_3d_renderer","Assets/Daniel Mistage/STYLIZED Low Poly Fantasy Bundle/STYLIZED Fantasy Forge & Armory - Low Poly 3D Art/Prefabs/Weapons/Gold/Knives/SFFA_Weapon_Knife_Gold_003.prefab","Assets/Daniel Mistage/STYLIZED Low Poly Fantasy Bundle/STYLIZED Fantasy Forge & Armory - Low Poly 3D Art/Materials/BLUE_GLOW.mat","Assets/BornToDig/PrefabGallery/GalleryMaterials/BLUE_GLOW_1e526fdc_Transparent.mat","BLUE_GLOW","Universal Render Pipeline/2D/Mesh2D-Lit-Default","Universal Render Pipeline/Lit"
"gallery_copy_applied","urp_2d_shader_on_3d_renderer","Assets/Daniel Mistage/STYLIZED Low Poly Fantasy Bundle/STYLIZED Fantasy Forge & Armory - Low Poly 3D Art/Prefabs/Weapons/Gold/Knives/SFFA_Weapon_Knife_Gold_004.prefab","Assets/Daniel Mistage/STYLIZED Low Poly Fantasy Bundle/STYLIZED Fantasy Forge & Armory - Low Poly 3D Art/Materials/BLUE_GLOW.mat","Assets/BornToDig/PrefabGallery/GalleryMaterials/BLUE_GLOW_1e526fdc_Transparent.mat","BLUE_GLOW","Universal Render Pipeline/2D/Mesh2D-Lit-Default","Universal Render Pipeline/Lit"
"gallery_copy_applied","urp_2d_shader_on_3d_renderer","Assets/Daniel Mistage/STYLIZED Low Poly Fantasy Bundle/STYLIZED Fantasy Forge & Armory - Low Poly 3D Art/Prefabs/Weapons/Gold/Knives/SFFA_Weapon_Knife_Gold_005.prefab","Assets/Daniel Mistage/STYLIZED Low Poly Fantasy Bundle/STYLIZED Fantasy Forge & Armory - Low Poly 3D Art/Materials/BLUE_GLOW.mat","Assets/BornToDig/PrefabGallery/GalleryMaterials/BLUE_GLOW_1e526fdc_Transparent.mat","BLUE_GLOW","Universal Render Pipeline/2D/Mesh2D-Lit-Default","Universal Render Pipeline/Lit"
"gallery_copy_applied","urp_2d_shader_on_3d_renderer","Assets/Daniel Mistage/STYLIZED Low Poly Fantasy Bundle/STYLIZED Fantasy Forge & Armory - Low Poly 3D Art/Prefabs/Weapons/Gold/Knives/SFFA_Weapon_Knife_Gold_006.prefab","Assets/Daniel Mistage/STYLIZED Low Poly Fantasy Bundle/STYLIZED Fantasy Forge & Armory - Low Poly 3D Art/Materials/BLUE_GLOW.mat","Assets/BornToDig/PrefabGallery/GalleryMaterials/BLUE_GLOW_1e526fdc_Transparent.mat","BLUE_GLOW","Universal Render Pipeline/2D/Mesh2D-Lit-Default","Universal Render Pipeline/Lit"
"gallery_copy_applied","urp_2d_shader_on_3d_renderer","Assets/Daniel Mistage/STYLIZED Low Poly Fantasy Bundle/STYLIZED Fantasy Forge & Armory - Low Poly 3D Art/Prefabs/Weapons/Gold/Knives/SFFA_Weapon_Knife_Gold_007.prefab","Assets/Daniel Mistage/STYLIZED Low Poly Fantasy Bundle/STYLIZED Fantasy Forge & Armory - Low Poly 3D Art/Materials/BLUE_GLOW.mat","Assets/BornToDig/PrefabGallery/GalleryMaterials/BLUE_GLOW_1e526fdc_Transparent.mat","BLUE_GLOW","Universal Render Pipeline/2D/Mesh2D-Lit-Default","Universal Render Pipeline/Lit"
"gallery_copy_applied","urp_2d_shader_on_3d_renderer","Assets/Daniel Mistage/STYLIZED Low Poly Fantasy Bundle/STYLIZED Fantasy Forge & Armory - Low Poly 3D Art/Prefabs/Weapons/Gold/Longswords/SFFA_Weapon_Longsword_Gold_001.prefab","Assets/Daniel Mistage/STYLIZED Low Poly Fantasy Bundle/STYLIZED Fantasy Forge & Armory - Low Poly 3D Art/Materials/BLUE_GLOW.mat","Assets/BornToDig/PrefabGallery/GalleryMaterials/BLUE_GLOW_1e526fdc_Transparent.mat","BLUE_GLOW","Universal Render Pipeline/2D/Mesh2D-Lit-Default","Universal Render Pipeline/Lit"
"gallery_copy_applied","urp_2d_shader_on_3d_renderer","Assets/Daniel Mistage/STYLIZED Low Poly Fantasy Bundle/STYLIZED Fantasy Forge & Armory - Low Poly 3D Art/Prefabs/Weapons/Gold/Longswords/SFFA_Weapon_Longsword_Gold_002.prefab","Assets/Daniel Mistage/STYLIZED Low Poly Fantasy Bundle/STYLIZED Fantasy Forge & Armory - Low Poly 3D Art/Materials/BLUE_GLOW.mat","Assets/BornToDig/PrefabGallery/GalleryMaterials/BLUE_GLOW_1e526fdc_Transparent.mat","BLUE_GLOW","Universal Render Pipeline/2D/Mesh2D-Lit-Default","Universal Render Pipeline/Lit"
"gallery_copy_applied","urp_2d_shader_on_3d_renderer","Assets/Daniel Mistage/STYLIZED Low Poly Fantasy Bundle/STYLIZED Fantasy Forge & Armory - Low Poly 3D Art/Prefabs/Weapons/Gold/Longswords/SFFA_Weapon_Longsword_Gold_003.prefab","Assets/Daniel Mistage/STYLIZED Low Poly Fantasy Bundle/STYLIZED Fantasy Forge & Armory - Low Poly 3D Art/Materials/BLUE_GLOW.mat","Assets/BornToDig/PrefabGallery/GalleryMaterials/BLUE_GLOW_1e526fdc_Transparent.mat","BLUE_GLOW","Universal Render Pipeline/2D/Mesh2D-Lit-Default","Universal Render Pipeline/Lit"
"gallery_copy_applied","urp_2d_shader_on_3d_renderer","Assets/Daniel Mistage/STYLIZED Low Poly Fantasy Bundle/STYLIZED Fantasy Forge & Armory - Low Poly 3D Art/Prefabs/Weapons/Gold/Longswords/SFFA_Weapon_Longsword_Gold_004.prefab","Assets/Daniel Mistage/STYLIZED Low Poly Fantasy Bundle/STYLIZED Fantasy Forge & Armory - Low Poly 3D Art/Materials/BLUE_GLOW.mat","Assets/BornToDig/PrefabGallery/GalleryMaterials/BLUE_GLOW_1e526fdc_Transparent.mat","BLUE_GLOW","Universal Render Pipeline/2D/Mesh2D-Lit-Default","Universal Render Pipeline/Lit"
"gallery_copy_applied","urp_2d_shader_on_3d_renderer","Assets/Daniel Mistage/STYLIZED Low Poly Fantasy Bundle/STYLIZED Fantasy Forge & Armory - Low Poly 3D Art/Prefabs/Weapons/Gold/Longswords/SFFA_Weapon_Longsword_Gold_005.prefab","Assets/Daniel Mistage/STYLIZED Low Poly Fantasy Bundle/STYLIZED Fantasy Forge & Armory - Low Poly 3D Art/Materials/BLUE_GLOW.mat","Assets/BornToDig/PrefabGallery/GalleryMaterials/BLUE_GLOW_1e526fdc_Transparent.mat","BLUE_GLOW","Universal Render Pipeline/2D/Mesh2D-Lit-Default","Universal Render Pipeline/Lit"
"gallery_copy_applied","urp_2d_shader_on_3d_renderer","Assets/Daniel Mistage/STYLIZED Low Poly Fantasy Bundle/STYLIZED Fantasy Forge & Armory - Low Poly 3D Art/Prefabs/Weapons/Gold/Longswords/SFFA_Weapon_Longsword_Gold_006.prefab","Assets/Daniel Mistage/STYLIZED Low Poly Fantasy Bundle/STYLIZED Fantasy Forge & Armory - Low Poly 3D Art/Materials/BLUE_GLOW.mat","Assets/BornToDig/PrefabGallery/GalleryMaterials/BLUE_GLOW_1e526fdc_Transparent.mat","BLUE_GLOW","Universal Render Pipeline/2D/Mesh2D-Lit-Default","Universal Render Pipeline/Lit"
"gallery_copy_applied","urp_2d_shader_on_3d_renderer","Assets/Daniel Mistage/STYLIZED Low Poly Fantasy Bundle/STYLIZED Fantasy Forge & Armory - Low Poly 3D Art/Prefabs/Weapons/Gold/Maces/SFFA_Weapon_Mace_Gold_002.prefab","Assets/Daniel Mistage/STYLIZED Low Poly Fantasy Bundle/STYLIZED Fantasy Forge & Armory - Low Poly 3D Art/Materials/BLUE_GLOW.mat","Assets/BornToDig/PrefabGallery/GalleryMaterials/BLUE_GLOW_1e526fdc_Transparent.mat","BLUE_GLOW","Universal Render Pipeline/2D/Mesh2D-Lit-Default","Universal Render Pipeline/Lit"
"gallery_copy_applied","urp_2d_shader_on_3d_renderer","Assets/Daniel Mistage/STYLIZED Low Poly Fantasy Bundle/STYLIZED Fantasy Forge & Armory - Low Poly 3D Art/Prefabs/Weapons/Gold/Maces/SFFA_Weapon_Mace_Gold_003.prefab","Assets/Daniel Mistage/STYLIZED Low Poly Fantasy Bundle/STYLIZED Fantasy Forge & Armory - Low Poly 3D Art/Materials/BLUE_GLOW.mat","Assets/BornToDig/PrefabGallery/GalleryMaterials/BLUE_GLOW_1e526fdc_Transparent.mat","BLUE_GLOW","Universal Render Pipeline/2D/Mesh2D-Lit-Default","Universal Render Pipeline/Lit"
"gallery_copy_applied","urp_2d_shader_on_3d_renderer","Assets/Daniel Mistage/STYLIZED Low Poly Fantasy Bundle/STYLIZED Fantasy Forge & Armory - Low Poly 3D Art/Prefabs/Weapons/Gold/Maces/SFFA_Weapon_Mace_Gold_006.prefab","Assets/Daniel Mistage/STYLIZED Low Poly Fantasy Bundle/STYLIZED Fantasy Forge & Armory - Low Poly 3D Art/Materials/BLUE_GLOW.mat","Assets/BornToDig/PrefabGallery/GalleryMaterials/BLUE_GLOW_1e526fdc_Transparent.mat","BLUE_GLOW","Universal Render Pipeline/2D/Mesh2D-Lit-Default","Universal Render Pipeline/Lit"
"gallery_copy_applied","urp_2d_shader_on_3d_renderer","Assets/Daniel Mistage/STYLIZED Low Poly Fantasy Bundle/STYLIZED Fantasy Forge & Armory - Low Poly 3D Art/Prefabs/Weapons/Gold/Maces/SFFA_Weapon_Mace_Gold_007.prefab","Assets/Daniel Mistage/STYLIZED Low Poly Fantasy Bundle/STYLIZED Fantasy Forge & Armory - Low Poly 3D Art/Materials/BLUE_GLOW.mat","Assets/BornToDig/PrefabGallery/GalleryMaterials/BLUE_GLOW_1e526fdc_Transparent.mat","BLUE_GLOW","Universal Render Pipeline/2D/Mesh2D-Lit-Default","Universal Render Pipeline/Lit"
"gallery_copy_applied","urp_2d_shader_on_3d_renderer","Assets/Daniel Mistage/STYLIZED Low Poly Fantasy Bundle/STYLIZED Fantasy Forge & Armory - Low Poly 3D Art/Prefabs/Weapons/Gold/Spears/SFFA_Weapon_Spear_Gold_001.prefab","Assets/Daniel Mistage/STYLIZED Low Poly Fantasy Bundle/STYLIZED Fantasy Forge & Armory - Low Poly 3D Art/Materials/BLUE_GLOW.mat","Assets/BornToDig/PrefabGallery/GalleryMaterials/BLUE_GLOW_1e526fdc_Transparent.mat","BLUE_GLOW","Universal Render Pipeline/2D/Mesh2D-Lit-Default","Universal Render Pipeline/Lit"
"gallery_copy_applied","urp_2d_shader_on_3d_renderer","Assets/Daniel Mistage/STYLIZED Low Poly Fantasy Bundle/STYLIZED Fantasy Forge & Armory - Low Poly 3D Art/Prefabs/Weapons/Gold/Spears/SFFA_Weapon_Spear_Gold_003.prefab","Assets/Daniel Mistage/STYLIZED Low Poly Fantasy Bundle/STYLIZED Fantasy Forge & Armory - Low Poly 3D Art/Materials/BLUE_GLOW.mat","Assets/BornToDig/PrefabGallery/GalleryMaterials/BLUE_GLOW_1e526fdc_Transparent.mat","BLUE_GLOW","Universal Render Pipeline/2D/Mesh2D-Lit-Default","Universal Render Pipeline/Lit"
"gallery_copy_applied","urp_2d_shader_on_3d_renderer","Assets/Daniel Mistage/STYLIZED Low Poly Fantasy Bundle/STYLIZED Fantasy Forge & Armory - Low Poly 3D Art/Prefabs/Weapons/Gold/Spears/SFFA_Weapon_Spear_Gold_004.prefab","Assets/Daniel Mistage/STYLIZED Low Poly Fantasy Bundle/STYLIZED Fantasy Forge & Armory - Low Poly 3D Art/Materials/BLUE_GLOW.mat","Assets/BornToDig/PrefabGallery/GalleryMaterials/BLUE_GLOW_1e526fdc_Transparent.mat","BLUE_GLOW","Universal Render Pipeline/2D/Mesh2D-Lit-Default","Universal Render Pipeline/Lit"
"gallery_copy_applied","urp_2d_shader_on_3d_renderer","Assets/Daniel Mistage/STYLIZED Low Poly Fantasy Bundle/STYLIZED Fantasy Forge & Armory - Low Poly 3D Art/Prefabs/Weapons/Gold/Spears/SFFA_Weapon_Spear_Gold_005.prefab","Assets/Daniel Mistage/STYLIZED Low Poly Fantasy Bundle/STYLIZED Fantasy Forge & Armory - Low Poly 3D Art/Materials/BLUE_GLOW.mat","Assets/BornToDig/PrefabGallery/GalleryMaterials/BLUE_GLOW_1e526fdc_Transparent.mat","BLUE_GLOW","Universal Render Pipeline/2D/Mesh2D-Lit-Default","Universal Render Pipeline/Lit"
"gallery_copy_applied","urp_2d_shader_on_3d_renderer","Assets/Daniel Mistage/STYLIZED Low Poly Fantasy Bundle/STYLIZED Fantasy Forge & Armory - Low Poly 3D Art/Prefabs/Weapons/Gold/Spears/SFFA_Weapon_Spear_Gold_006.prefab","Assets/Daniel Mistage/STYLIZED Low Poly Fantasy Bundle/STYLIZED Fantasy Forge & Armory - Low Poly 3D Art/Materials/BLUE_GLOW.mat","Assets/BornToDig/PrefabGallery/GalleryMaterials/BLUE_GLOW_1e526fdc_Transparent.mat","BLUE_GLOW","Universal Render Pipeline/2D/Mesh2D-Lit-Default","Universal Render Pipeline/Lit"
"gallery_copy_applied","urp_2d_shader_on_3d_renderer","Assets/Daniel Mistage/STYLIZED Low Poly Fantasy Bundle/STYLIZED Fantasy Forge & Armory - Low Poly 3D Art/Prefabs/Weapons/Gold/Swords/SFFA_Weapon_Sword_Gold_003.prefab","Assets/Daniel Mistage/STYLIZED Low Poly Fantasy Bundle/STYLIZED Fantasy Forge & Armory - Low Poly 3D Art/Materials/BLUE_GLOW.mat","Assets/BornToDig/PrefabGallery/GalleryMaterials/BLUE_GLOW_1e526fdc_Transparent.mat","BLUE_GLOW","Universal Render Pipeline/2D/Mesh2D-Lit-Default","Universal Render Pipeline/Lit"
"gallery_copy_applied","urp_2d_shader_on_3d_renderer","Assets/Daniel Mistage/STYLIZED Low Poly Fantasy Bundle/STYLIZED Fantasy Forge & Armory - Low Poly 3D Art/Prefabs/Weapons/Gold/Swords/SFFA_Weapon_Sword_Gold_004.prefab","Assets/Daniel Mistage/STYLIZED Low Poly Fantasy Bundle/STYLIZED Fantasy Forge & Armory - Low Poly 3D Art/Materials/BLUE_GLOW.mat","Assets/BornToDig/PrefabGallery/GalleryMaterials/BLUE_GLOW_1e526fdc_Transparent.mat","BLUE_GLOW","Universal Render Pipeline/2D/Mesh2D-Lit-Default","Universal Render Pipeline/Lit"
"gallery_copy_applied","urp_2d_shader_on_3d_renderer","Assets/Daniel Mistage/STYLIZED Low Poly Fantasy Bundle/STYLIZED Fantasy Forge & Armory - Low Poly 3D Art/Prefabs/Weapons/Gold/Swords/SFFA_Weapon_Sword_Gold_005.prefab","Assets/Daniel Mistage/STYLIZED Low Poly Fantasy Bundle/STYLIZED Fantasy Forge & Armory - Low Poly 3D Art/Materials/BLUE_GLOW.mat","Assets/BornToDig/PrefabGallery/GalleryMaterials/BLUE_GLOW_1e526fdc_Transparent.mat","BLUE_GLOW","Universal Render Pipeline/2D/Mesh2D-Lit-Default","Universal Render Pipeline/Lit"
"gallery_copy_applied","urp_2d_shader_on_3d_renderer","Assets/Daniel Mistage/STYLIZED Low Poly Fantasy Bundle/STYLIZED Fantasy Forge & Armory - Low Poly 3D Art/Prefabs/Weapons/Gold/Swords/SFFA_Weapon_Sword_Gold_006.prefab","Assets/Daniel Mistage/STYLIZED Low Poly Fantasy Bundle/STYLIZED Fantasy Forge & Armory - Low Poly 3D Art/Materials/BLUE_GLOW.mat","Assets/BornToDig/PrefabGallery/GalleryMaterials/BLUE_GLOW_1e526fdc_Transparent.mat","BLUE_GLOW","Universal Render Pipeline/2D/Mesh2D-Lit-Default","Universal Render Pipeline/Lit"
"gallery_copy_applied","urp_2d_shader_on_3d_renderer","Assets/Daniel Mistage/STYLIZED Low Poly Fantasy Bundle/STYLIZED Fantasy Forge & Armory - Low Poly 3D Art/Prefabs/Weapons/Guns/Crossbow/Individual Parts/SFFA_Weapon_Crossbow_001.prefab","Assets/Daniel Mistage/STYLIZED Low Poly Fantasy Bundle/STYLIZED Fantasy Forge & Armory - Low Poly 3D Art/Materials/BLUE_GLOW.mat","Assets/BornToDig/PrefabGallery/GalleryMaterials/BLUE_GLOW_1e526fdc_Transparent.mat","BLUE_GLOW","Universal Render Pipeline/2D/Mesh2D-Lit-Default","Universal Render Pipeline/Lit"
"gallery_copy_applied","urp_2d_shader_on_3d_renderer","Assets/Daniel Mistage/STYLIZED Low Poly Fantasy Bundle/STYLIZED Fantasy Forge & Armory - Low Poly 3D Art/Prefabs/Weapons/Guns/Crossbow/Individual Parts/SFFA_Weapon_Crossbow_002.prefab","Assets/Daniel Mistage/STYLIZED Low Poly Fantasy Bundle/STYLIZED Fantasy Forge & Armory - Low Poly 3D Art/Materials/BLUE_GLOW.mat","Assets/BornToDig/PrefabGallery/GalleryMaterials/BLUE_GLOW_1e526fdc_Transparent.mat","BLUE_GLOW","Universal Render Pipeline/2D/Mesh2D-Lit-Default","Universal Render Pipeline/Lit"
"gallery_copy_applied","urp_2d_shader_on_3d_renderer","Assets/Daniel Mistage/STYLIZED Low Poly Fantasy Bundle/STYLIZED Fantasy Forge & Armory - Low Poly 3D Art/Prefabs/Weapons/Guns/Crossbow/Individual Parts/SFFA_Weapon_Crossbow_003.prefab","Assets/Daniel Mistage/STYLIZED Low Poly Fantasy Bundle/STYLIZED Fantasy Forge & Armory - Low Poly 3D Art/Materials/BLUE_GLOW.mat","Assets/BornToDig/PrefabGallery/GalleryMaterials/BLUE_GLOW_1e526fdc_Transparent.mat","BLUE_GLOW","Universal Render Pipeline/2D/Mesh2D-Lit-Default","Universal Render Pipeline/Lit"
"gallery_copy_applied","urp_2d_shader_on_3d_renderer","Assets/Daniel Mistage/STYLIZED Low Poly Fantasy Bundle/STYLIZED Fantasy Forge & Armory - Low Poly 3D Art/Prefabs/Weapons/Guns/Pístol/Individual Parts/SFFA_Pistol_Stylized_001.prefab","Assets/Daniel Mistage/STYLIZED Low Poly Fantasy Bundle/STYLIZED Fantasy Forge & Armory - Low Poly 3D Art/Materials/BLUE_GLOW.mat","Assets/BornToDig/PrefabGallery/GalleryMaterials/BLUE_GLOW_1e526fdc_Transparent.mat","BLUE_GLOW","Universal Render Pipeline/2D/Mesh2D-Lit-Default","Universal Render Pipeline/Lit"
"gallery_copy_applied","urp_2d_shader_on_3d_renderer","Assets/Daniel Mistage/STYLIZED Low Poly Fantasy Bundle/STYLIZED Fantasy Forge & Armory - Low Poly 3D Art/Prefabs/Weapons/Guns/Pístol/Individual Parts/SFFA_Pistol_Stylized_002.prefab","Assets/Daniel Mistage/STYLIZED Low Poly Fantasy Bundle/STYLIZED Fantasy Forge & Armory - Low Poly 3D Art/Materials/BLUE_GLOW.mat","Assets/BornToDig/PrefabGallery/GalleryMaterials/BLUE_GLOW_1e526fdc_Transparent.mat","BLUE_GLOW","Universal Render Pipeline/2D/Mesh2D-Lit-Default","Universal Render Pipeline/Lit"
"gallery_copy_applied","urp_2d_shader_on_3d_renderer","Assets/Daniel Mistage/STYLIZED Low Poly Fantasy Bundle/STYLIZED Fantasy Forge & Armory - Low Poly 3D Art/Prefabs/Weapons/Guns/Pístol/SFFA_Pistol_Stylized_001.prefab","Assets/Daniel Mistage/STYLIZED Low Poly Fantasy Bundle/STYLIZED Fantasy Forge & Armory - Low Poly 3D Art/Materials/BLUE_GLOW.mat","Assets/BornToDig/PrefabGallery/GalleryMaterials/BLUE_GLOW_1e526fdc_Transparent.mat","BLUE_GLOW","Universal Render Pipeline/2D/Mesh2D-Lit-Default","Universal Render Pipeline/Lit"
"gallery_copy_applied","urp_2d_shader_on_3d_renderer","Assets/Daniel Mistage/STYLIZED Low Poly Fantasy Bundle/STYLIZED Fantasy Forge & Armory - Low Poly 3D Art/Prefabs/Weapons/Guns/Pístol/SFFA_Pistol_Stylized_002.prefab","Assets/Daniel Mistage/STYLIZED Low Poly Fantasy Bundle/STYLIZED Fantasy Forge & Armory - Low Poly 3D Art/Materials/BLUE_GLOW.mat","Assets/BornToDig/PrefabGallery/GalleryMaterials/BLUE_GLOW_1e526fdc_Transparent.mat","BLUE_GLOW","Universal Render Pipeline/2D/Mesh2D-Lit-Default","Universal Render Pipeline/Lit"
"gallery_copy_applied","urp_2d_shader_on_3d_renderer","Assets/Daniel Mistage/STYLIZED Low Poly Fantasy Bundle/STYLIZED Fantasy Forge & Armory - Low Poly 3D Art/Prefabs/Weapons/Guns/Rifles/Individual Parts/SFFA_Rifle_001.prefab","Assets/Daniel Mistage/STYLIZED Low Poly Fantasy Bundle/STYLIZED Fantasy Forge & Armory - Low Poly 3D Art/Materials/BLUE_GLOW.mat","Assets/BornToDig/PrefabGallery/GalleryMaterials/BLUE_GLOW_1e526fdc_Transparent.mat","BLUE_GLOW","Universal Render Pipeline/2D/Mesh2D-Lit-Default","Universal Render Pipeline/Lit"
"gallery_copy_applied","urp_2d_shader_on_3d_renderer","Assets/Daniel Mistage/STYLIZED Low Poly Fantasy Bundle/STYLIZED Fantasy Forge & Armory - Low Poly 3D Art/Prefabs/Weapons/Guns/Rifles/Individual Parts/SFFA_Rifle_002.prefab","Assets/Daniel Mistage/STYLIZED Low Poly Fantasy Bundle/STYLIZED Fantasy Forge & Armory - Low Poly 3D Art/Materials/BLUE_GLOW.mat","Assets/BornToDig/PrefabGallery/GalleryMaterials/BLUE_GLOW_1e526fdc_Transparent.mat","BLUE_GLOW","Universal Render Pipeline/2D/Mesh2D-Lit-Default","Universal Render Pipeline/Lit"
"gallery_copy_applied","urp_2d_shader_on_3d_renderer","Assets/Daniel Mistage/STYLIZED Low Poly Fantasy Bundle/STYLIZED Fantasy Forge & Armory - Low Poly 3D Art/Prefabs/Weapons/Guns/Rifles/SFFA_Rifle_001.prefab","Assets/Daniel Mistage/STYLIZED Low Poly Fantasy Bundle/STYLIZED Fantasy Forge & Armory - Low Poly 3D Art/Materials/BLUE_GLOW.mat","Assets/BornToDig/PrefabGallery/GalleryMaterials/BLUE_GLOW_1e526fdc_Transparent.mat","BLUE_GLOW","Universal Render Pipeline/2D/Mesh2D-Lit-Default","Universal Render Pipeline/Lit"
"gallery_copy_applied","urp_2d_shader_on_3d_renderer","Assets/Daniel Mistage/STYLIZED Low Poly Fantasy Bundle/STYLIZED Fantasy Forge & Armory - Low Poly 3D Art/Prefabs/Weapons/Guns/Rifles/SFFA_Rifle_002.prefab","Assets/Daniel Mistage/STYLIZED Low Poly Fantasy Bundle/STYLIZED Fantasy Forge & Armory - Low Poly 3D Art/Materials/BLUE_GLOW.mat","Assets/BornToDig/PrefabGallery/GalleryMaterials/BLUE_GLOW_1e526fdc_Transparent.mat","BLUE_GLOW","Universal Render Pipeline/2D/Mesh2D-Lit-Default","Universal Render Pipeline/Lit"
"gallery_copy_applied","urp_2d_shader_on_3d_renderer","Assets/Daniel Mistage/STYLIZED Low Poly Fantasy Bundle/STYLIZED Fantasy Forge & Armory - Low Poly 3D Art/Prefabs/Weapons/Iron/Axes/SFFA_Weapon_Axe_Iron_001.prefab","Assets/Daniel Mistage/STYLIZED Low Poly Fantasy Bundle/STYLIZED Fantasy Forge & Armory - Low Poly 3D Art/Materials/BLUE_GLOW.mat","Assets/BornToDig/PrefabGallery/GalleryMaterials/BLUE_GLOW_1e526fdc_Transparent.mat","BLUE_GLOW","Universal Render Pipeline/2D/Mesh2D-Lit-Default","Universal Render Pipeline/Lit"
"gallery_copy_applied","urp_2d_shader_on_3d_renderer","Assets/Daniel Mistage/STYLIZED Low Poly Fantasy Bundle/STYLIZED Fantasy Forge & Armory - Low Poly 3D Art/Prefabs/Weapons/Iron/Axes/SFFA_Weapon_Axe_Iron_002.prefab","Assets/Daniel Mistage/STYLIZED Low Poly Fantasy Bundle/STYLIZED Fantasy Forge & Armory - Low Poly 3D Art/Materials/BLUE_GLOW.mat","Assets/BornToDig/PrefabGallery/GalleryMaterials/BLUE_GLOW_1e526fdc_Transparent.mat","BLUE_GLOW","Universal Render Pipeline/2D/Mesh2D-Lit-Default","Universal Render Pipeline/Lit"
"gallery_copy_applied","urp_2d_shader_on_3d_renderer","Assets/Daniel Mistage/STYLIZED Low Poly Fantasy Bundle/STYLIZED Fantasy Forge & Armory - Low Poly 3D Art/Prefabs/Weapons/Iron/Axes/SFFA_Weapon_Axe_Iron_003.prefab","Assets/Daniel Mistage/STYLIZED Low Poly Fantasy Bundle/STYLIZED Fantasy Forge & Armory - Low Poly 3D Art/Materials/BLUE_GLOW.mat","Assets/BornToDig/PrefabGallery/GalleryMaterials/BLUE_GLOW_1e526fdc_Transparent.mat","BLUE_GLOW","Universal Render Pipeline/2D/Mesh2D-Lit-Default","Universal Render Pipeline/Lit"
"gallery_copy_applied","urp_2d_shader_on_3d_renderer","Assets/Daniel Mistage/STYLIZED Low Poly Fantasy Bundle/STYLIZED Fantasy Forge & Armory - Low Poly 3D Art/Prefabs/Weapons/Iron/Axes/SFFA_Weapon_Axe_Iron_004.prefab","Assets/Daniel Mistage/STYLIZED Low Poly Fantasy Bundle/STYLIZED Fantasy Forge & Armory - Low Poly 3D Art/Materials/BLUE_GLOW.mat","Assets/BornToDig/PrefabGallery/GalleryMaterials/BLUE_GLOW_1e526fdc_Transparent.mat","BLUE_GLOW","Universal Render Pipeline/2D/Mesh2D-Lit-Default","Universal Render Pipeline/Lit"
"gallery_copy_applied","urp_2d_shader_on_3d_renderer","Assets/Daniel Mistage/STYLIZED Low Poly Fantasy Bundle/STYLIZED Fantasy Forge & Armory - Low Poly 3D Art/Prefabs/Weapons/Iron/Axes/SFFA_Weapon_Axe_Iron_005.prefab","Assets/Daniel Mistage/STYLIZED Low Poly Fantasy Bundle/STYLIZED Fantasy Forge & Armory - Low Poly 3D Art/Materials/BLUE_GLOW.mat","Assets/BornToDig/PrefabGallery/GalleryMaterials/BLUE_GLOW_1e526fdc_Transparent.mat","BLUE_GLOW","Universal Render Pipeline/2D/Mesh2D-Lit-Default","Universal Render Pipeline/Lit"
"gallery_copy_applied","urp_2d_shader_on_3d_renderer","Assets/Daniel Mistage/STYLIZED Low Poly Fantasy Bundle/STYLIZED Fantasy Forge & Armory - Low Poly 3D Art/Prefabs/Weapons/Iron/Axes/SFFA_Weapon_Axe_Iron_006.prefab","Assets/Daniel Mistage/STYLIZED Low Poly Fantasy Bundle/STYLIZED Fantasy Forge & Armory - Low Poly 3D Art/Materials/BLUE_GLOW.mat","Assets/BornToDig/PrefabGallery/GalleryMaterials/BLUE_GLOW_1e526fdc_Transparent.mat","BLUE_GLOW","Universal Render Pipeline/2D/Mesh2D-Lit-Default","Universal Render Pipeline/Lit"
"gallery_copy_applied","urp_2d_shader_on_3d_renderer","Assets/Daniel Mistage/STYLIZED Low Poly Fantasy Bundle/STYLIZED Fantasy Forge & Armory - Low Poly 3D Art/Prefabs/Weapons/Iron/Chakram/SFFA_Weapon_Chakram_Iron_001.prefab","Assets/Daniel Mistage/STYLIZED Low Poly Fantasy Bundle/STYLIZED Fantasy Forge & Armory - Low Poly 3D Art/Materials/BLUE_GLOW.mat","Assets/BornToDig/PrefabGallery/GalleryMaterials/BLUE_GLOW_1e526fdc_Transparent.mat","BLUE_GLOW","Universal Render Pipeline/2D/Mesh2D-Lit-Default","Universal Render Pipeline/Lit"
"gallery_copy_applied","urp_2d_shader_on_3d_renderer","Assets/Daniel Mistage/STYLIZED Low Poly Fantasy Bundle/STYLIZED Fantasy Forge & Armory - Low Poly 3D Art/Prefabs/Weapons/Iron/Chakram/SFFA_Weapon_Chakram_Iron_002.prefab","Assets/Daniel Mistage/STYLIZED Low Poly Fantasy Bundle/STYLIZED Fantasy Forge & Armory - Low Poly 3D Art/Materials/BLUE_GLOW.mat","Assets/BornToDig/PrefabGallery/GalleryMaterials/BLUE_GLOW_1e526fdc_Transparent.mat","BLUE_GLOW","Universal Render Pipeline/2D/Mesh2D-Lit-Default","Universal Render Pipeline/Lit"
"gallery_copy_applied","urp_2d_shader_on_3d_renderer","Assets/Daniel Mistage/STYLIZED Low Poly Fantasy Bundle/STYLIZED Fantasy Forge & Armory - Low Poly 3D Art/Prefabs/Weapons/Iron/Chakram/SFFA_Weapon_Chakram_Iron_003.prefab","Assets/Daniel Mistage/STYLIZED Low Poly Fantasy Bundle/STYLIZED Fantasy Forge & Armory - Low Poly 3D Art/Materials/BLUE_GLOW.mat","Assets/BornToDig/PrefabGallery/GalleryMaterials/BLUE_GLOW_1e526fdc_Transparent.mat","BLUE_GLOW","Universal Render Pipeline/2D/Mesh2D-Lit-Default","Universal Render Pipeline/Lit"
"gallery_copy_applied","urp_2d_shader_on_3d_renderer","Assets/Daniel Mistage/STYLIZED Low Poly Fantasy Bundle/STYLIZED Fantasy Forge & Armory - Low Poly 3D Art/Prefabs/Weapons/Iron/Hammers/SFFA_Weapon_Hammer_Iron_002.prefab","Assets/Daniel Mistage/STYLIZED Low Poly Fantasy Bundle/STYLIZED Fantasy Forge & Armory - Low Poly 3D Art/Materials/BLUE_GLOW.mat","Assets/BornToDig/PrefabGallery/GalleryMaterials/BLUE_GLOW_1e526fdc_Transparent.mat","BLUE_GLOW","Universal Render Pipeline/2D/Mesh2D-Lit-Default","Universal Render Pipeline/Lit"
"gallery_copy_applied","urp_2d_shader_on_3d_renderer","Assets/Daniel Mistage/STYLIZED Low Poly Fantasy Bundle/STYLIZED Fantasy Forge & Armory - Low Poly 3D Art/Prefabs/Weapons/Iron/Hammers/SFFA_Weapon_Hammer_Iron_003.prefab","Assets/Daniel Mistage/STYLIZED Low Poly Fantasy Bundle/STYLIZED Fantasy Forge & Armory - Low Poly 3D Art/Materials/BLUE_GLOW.mat","Assets/BornToDig/PrefabGallery/GalleryMaterials/BLUE_GLOW_1e526fdc_Transparent.mat","BLUE_GLOW","Universal Render Pipeline/2D/Mesh2D-Lit-Default","Universal Render Pipeline/Lit"
"gallery_copy_applied","urp_2d_shader_on_3d_renderer","Assets/Daniel Mistage/STYLIZED Low Poly Fantasy Bundle/STYLIZED Fantasy Forge & Armory - Low Poly 3D Art/Prefabs/Weapons/Iron/Hammers/SFFA_Weapon_Hammer_Iron_004.prefab","Assets/Daniel Mistage/STYLIZED Low Poly Fantasy Bundle/STYLIZED Fantasy Forge & Armory - Low Poly 3D Art/Materials/BLUE_GLOW.mat","Assets/BornToDig/PrefabGallery/GalleryMaterials/BLUE_GLOW_1e526fdc_Transparent.mat","BLUE_GLOW","Universal Render Pipeline/2D/Mesh2D-Lit-Default","Universal Render Pipeline/Lit"
"gallery_copy_applied","urp_2d_shader_on_3d_renderer","Assets/Daniel Mistage/STYLIZED Low Poly Fantasy Bundle/STYLIZED Fantasy Forge & Armory - Low Poly 3D Art/Prefabs/Weapons/Iron/Hammers/SFFA_Weapon_Hammer_Iron_005.prefab","Assets/Daniel Mistage/STYLIZED Low Poly Fantasy Bundle/STYLIZED Fantasy Forge & Armory - Low Poly 3D Art/Materials/BLUE_GLOW.mat","Assets/BornToDig/PrefabGallery/GalleryMaterials/BLUE_GLOW_1e526fdc_Transparent.mat","BLUE_GLOW","Universal Render Pipeline/2D/Mesh2D-Lit-Default","Universal Render Pipeline/Lit"
"gallery_copy_applied","urp_2d_shader_on_3d_renderer","Assets/Daniel Mistage/STYLIZED Low Poly Fantasy Bundle/STYLIZED Fantasy Forge & Armory - Low Poly 3D Art/Prefabs/Weapons/Iron/Hammers/SFFA_Weapon_Hammer_Iron_006.prefab","Assets/Daniel Mistage/STYLIZED Low Poly Fantasy Bundle/STYLIZED Fantasy Forge & Armory - Low Poly 3D Art/Materials/BLUE_GLOW.mat","Assets/BornToDig/PrefabGallery/GalleryMaterials/BLUE_GLOW_1e526fdc_Transparent.mat","BLUE_GLOW","Universal Render Pipeline/2D/Mesh2D-Lit-Default","Universal Render Pipeline/Lit"
"gallery_copy_applied","urp_2d_shader_on_3d_renderer","Assets/Daniel Mistage/STYLIZED Low Poly Fantasy Bundle/STYLIZED Fantasy Forge & Armory - Low Poly 3D Art/Prefabs/Weapons/Iron/Knifes/SFFA_Weapon_Knife_Iron_001.prefab","Assets/Daniel Mistage/STYLIZED Low Poly Fantasy Bundle/STYLIZED Fantasy Forge & Armory - Low Poly 3D Art/Materials/BLUE_GLOW.mat","Assets/BornToDig/PrefabGallery/GalleryMaterials/BLUE_GLOW_1e526fdc_Transparent.mat","BLUE_GLOW","Universal Render Pipeline/2D/Mesh2D-Lit-Default","Universal Render Pipeline/Lit"
"gallery_copy_applied","urp_2d_shader_on_3d_renderer","Assets/Daniel Mistage/STYLIZED Low Poly Fantasy Bundle/STYLIZED Fantasy Forge & Armory - Low Poly 3D Art/Prefabs/Weapons/Iron/Knifes/SFFA_Weapon_Knife_Iron_002.prefab","Assets/Daniel Mistage/STYLIZED Low Poly Fantasy Bundle/STYLIZED Fantasy Forge & Armory - Low Poly 3D Art/Materials/BLUE_GLOW.mat","Assets/BornToDig/PrefabGallery/GalleryMaterials/BLUE_GLOW_1e526fdc_Transparent.mat","BLUE_GLOW","Universal Render Pipeline/2D/Mesh2D-Lit-Default","Universal Render Pipeline/Lit"
"gallery_copy_applied","urp_2d_shader_on_3d_renderer","Assets/Daniel Mistage/STYLIZED Low Poly Fantasy Bundle/STYLIZED Fantasy Forge & Armory - Low Poly 3D Art/Prefabs/Weapons/Iron/Knifes/SFFA_Weapon_Knife_Iron_003.prefab","Assets/Daniel Mistage/STYLIZED Low Poly Fantasy Bundle/STYLIZED Fantasy Forge & Armory - Low Poly 3D Art/Materials/BLUE_GLOW.mat","Assets/BornToDig/PrefabGallery/GalleryMaterials/BLUE_GLOW_1e526fdc_Transparent.mat","BLUE_GLOW","Universal Render Pipeline/2D/Mesh2D-Lit-Default","Universal Render Pipeline/Lit"
"gallery_copy_applied","urp_2d_shader_on_3d_renderer","Assets/Daniel Mistage/STYLIZED Low Poly Fantasy Bundle/STYLIZED Fantasy Forge & Armory - Low Poly 3D Art/Prefabs/Weapons/Iron/Knifes/SFFA_Weapon_Knife_Iron_005.prefab","Assets/Daniel Mistage/STYLIZED Low Poly Fantasy Bundle/STYLIZED Fantasy Forge & Armory - Low Poly 3D Art/Materials/BLUE_GLOW.mat","Assets/BornToDig/PrefabGallery/GalleryMaterials/BLUE_GLOW_1e526fdc_Transparent.mat","BLUE_GLOW","Universal Render Pipeline/2D/Mesh2D-Lit-Default","Universal Render Pipeline/Lit"
"gallery_copy_applied","urp_2d_shader_on_3d_renderer","Assets/Daniel Mistage/STYLIZED Low Poly Fantasy Bundle/STYLIZED Fantasy Forge & Armory - Low Poly 3D Art/Prefabs/Weapons/Iron/Knifes/SFFA_Weapon_Knife_Iron_006.prefab","Assets/Daniel Mistage/STYLIZED Low Poly Fantasy Bundle/STYLIZED Fantasy Forge & Armory - Low Poly 3D Art/Materials/BLUE_GLOW.mat","Assets/BornToDig/PrefabGallery/GalleryMaterials/BLUE_GLOW_1e526fdc_Transparent.mat","BLUE_GLOW","Universal Render Pipeline/2D/Mesh2D-Lit-Default","Universal Render Pipeline/Lit"
"gallery_copy_applied","urp_2d_shader_on_3d_renderer","Assets/Daniel Mistage/STYLIZED Low Poly Fantasy Bundle/STYLIZED Fantasy Forge & Armory - Low Poly 3D Art/Prefabs/Weapons/Iron/Longswords/SFFA_Weapon_Longsword_Iron_001.prefab","Assets/Daniel Mistage/STYLIZED Low Poly Fantasy Bundle/STYLIZED Fantasy Forge & Armory - Low Poly 3D Art/Materials/BLUE_GLOW.mat","Assets/BornToDig/PrefabGallery/GalleryMaterials/BLUE_GLOW_1e526fdc_Transparent.mat","BLUE_GLOW","Universal Render Pipeline/2D/Mesh2D-Lit-Default","Universal Render Pipeline/Lit"
"gallery_copy_applied","urp_2d_shader_on_3d_renderer","Assets/Daniel Mistage/STYLIZED Low Poly Fantasy Bundle/STYLIZED Fantasy Forge & Armory - Low Poly 3D Art/Prefabs/Weapons/Iron/Longswords/SFFA_Weapon_Longsword_Iron_002.prefab","Assets/Daniel Mistage/STYLIZED Low Poly Fantasy Bundle/STYLIZED Fantasy Forge & Armory - Low Poly 3D Art/Materials/BLUE_GLOW.mat","Assets/BornToDig/PrefabGallery/GalleryMaterials/BLUE_GLOW_1e526fdc_Transparent.mat","BLUE_GLOW","Universal Render Pipeline/2D/Mesh2D-Lit-Default","Universal Render Pipeline/Lit"
"gallery_copy_applied","urp_2d_shader_on_3d_renderer","Assets/Daniel Mistage/STYLIZED Low Poly Fantasy Bundle/STYLIZED Fantasy Forge & Armory - Low Poly 3D Art/Prefabs/Weapons/Iron/Longswords/SFFA_Weapon_Longsword_Iron_003.prefab","Assets/Daniel Mistage/STYLIZED Low Poly Fantasy Bundle/STYLIZED Fantasy Forge & Armory - Low Poly 3D Art/Materials/BLUE_GLOW.mat","Assets/BornToDig/PrefabGallery/GalleryMaterials/BLUE_GLOW_1e526fdc_Transparent.mat","BLUE_GLOW","Universal Render Pipeline/2D/Mesh2D-Lit-Default","Universal Render Pipeline/Lit"
"gallery_copy_applied","urp_2d_shader_on_3d_renderer","Assets/Daniel Mistage/STYLIZED Low Poly Fantasy Bundle/STYLIZED Fantasy Forge & Armory - Low Poly 3D Art/Prefabs/Weapons/Iron/Longswords/SFFA_Weapon_Longsword_Iron_004.prefab","Assets/Daniel Mistage/STYLIZED Low Poly Fantasy Bundle/STYLIZED Fantasy Forge & Armory - Low Poly 3D Art/Materials/BLUE_GLOW.mat","Assets/BornToDig/PrefabGallery/GalleryMaterials/BLUE_GLOW_1e526fdc_Transparent.mat","BLUE_GLOW","Universal Render Pipeline/2D/Mesh2D-Lit-Default","Universal Render Pipeline/Lit"
"gallery_copy_applied","urp_2d_shader_on_3d_renderer","Assets/Daniel Mistage/STYLIZED Low Poly Fantasy Bundle/STYLIZED Fantasy Forge & Armory - Low Poly 3D Art/Prefabs/Weapons/Iron/Longswords/SFFA_Weapon_Longsword_Iron_005.prefab","Assets/Daniel Mistage/STYLIZED Low Poly Fantasy Bundle/STYLIZED Fantasy Forge & Armory - Low Poly 3D Art/Materials/BLUE_GLOW.mat","Assets/BornToDig/PrefabGallery/GalleryMaterials/BLUE_GLOW_1e526fdc_Transparent.mat","BLUE_GLOW","Universal Render Pipeline/2D/Mesh2D-Lit-Default","Universal Render Pipeline/Lit"
"gallery_copy_applied","urp_2d_shader_on_3d_renderer","Assets/Daniel Mistage/STYLIZED Low Poly Fantasy Bundle/STYLIZED Fantasy Forge & Armory - Low Poly 3D Art/Prefabs/Weapons/Iron/Longswords/SFFA_Weapon_Longsword_Iron_006.prefab","Assets/Daniel Mistage/STYLIZED Low Poly Fantasy Bundle/STYLIZED Fantasy Forge & Armory - Low Poly 3D Art/Materials/BLUE_GLOW.mat","Assets/BornToDig/PrefabGallery/GalleryMaterials/BLUE_GLOW_1e526fdc_Transparent.mat","BLUE_GLOW","Universal Render Pipeline/2D/Mesh2D-Lit-Default","Universal Render Pipeline/Lit"
"gallery_copy_applied","urp_2d_shader_on_3d_renderer","Assets/Daniel Mistage/STYLIZED Low Poly Fantasy Bundle/STYLIZED Fantasy Forge & Armory - Low Poly 3D Art/Prefabs/Weapons/Iron/Maces/SFFA_Weapon_Mace_Iron_002.prefab","Assets/Daniel Mistage/STYLIZED Low Poly Fantasy Bundle/STYLIZED Fantasy Forge & Armory - Low Poly 3D Art/Materials/BLUE_GLOW.mat","Assets/BornToDig/PrefabGallery/GalleryMaterials/BLUE_GLOW_1e526fdc_Transparent.mat","BLUE_GLOW","Universal Render Pipeline/2D/Mesh2D-Lit-Default","Universal Render Pipeline/Lit"
"gallery_copy_applied","urp_2d_shader_on_3d_renderer","Assets/Daniel Mistage/STYLIZED Low Poly Fantasy Bundle/STYLIZED Fantasy Forge & Armory - Low Poly 3D Art/Prefabs/Weapons/Iron/Maces/SFFA_Weapon_Mace_Iron_003.prefab","Assets/Daniel Mistage/STYLIZED Low Poly Fantasy Bundle/STYLIZED Fantasy Forge & Armory - Low Poly 3D Art/Materials/BLUE_GLOW.mat","Assets/BornToDig/PrefabGallery/GalleryMaterials/BLUE_GLOW_1e526fdc_Transparent.mat","BLUE_GLOW","Universal Render Pipeline/2D/Mesh2D-Lit-Default","Universal Render Pipeline/Lit"
"gallery_copy_applied","urp_2d_shader_on_3d_renderer","Assets/Daniel Mistage/STYLIZED Low Poly Fantasy Bundle/STYLIZED Fantasy Forge & Armory - Low Poly 3D Art/Prefabs/Weapons/Iron/Maces/SFFA_Weapon_Mace_Iron_006.prefab","Assets/Daniel Mistage/STYLIZED Low Poly Fantasy Bundle/STYLIZED Fantasy Forge & Armory - Low Poly 3D Art/Materials/BLUE_GLOW.mat","Assets/BornToDig/PrefabGallery/GalleryMaterials/BLUE_GLOW_1e526fdc_Transparent.mat","BLUE_GLOW","Universal Render Pipeline/2D/Mesh2D-Lit-Default","Universal Render Pipeline/Lit"
"gallery_copy_applied","urp_2d_shader_on_3d_renderer","Assets/Daniel Mistage/STYLIZED Low Poly Fantasy Bundle/STYLIZED Fantasy Forge & Armory - Low Poly 3D Art/Prefabs/Weapons/Iron/Maces/SFFA_Weapon_Mace_Iron_007.prefab","Assets/Daniel Mistage/STYLIZED Low Poly Fantasy Bundle/STYLIZED Fantasy Forge & Armory - Low Poly 3D Art/Materials/BLUE_GLOW.mat","Assets/BornToDig/PrefabGallery/GalleryMaterials/BLUE_GLOW_1e526fdc_Transparent.mat","BLUE_GLOW","Universal Render Pipeline/2D/Mesh2D-Lit-Default","Universal Render Pipeline/Lit"
"gallery_copy_applied","urp_2d_shader_on_3d_renderer","Assets/Daniel Mistage/STYLIZED Low Poly Fantasy Bundle/STYLIZED Fantasy Forge & Armory - Low Poly 3D Art/Prefabs/Weapons/Iron/Spears/SFFA_Weapon_Spear_Iron_001.prefab","Assets/Daniel Mistage/STYLIZED Low Poly Fantasy Bundle/STYLIZED Fantasy Forge & Armory - Low Poly 3D Art/Materials/BLUE_GLOW.mat","Assets/BornToDig/PrefabGallery/GalleryMaterials/BLUE_GLOW_1e526fdc_Transparent.mat","BLUE_GLOW","Universal Render Pipeline/2D/Mesh2D-Lit-Default","Universal Render Pipeline/Lit"
"gallery_copy_applied","urp_2d_shader_on_3d_renderer","Assets/Daniel Mistage/STYLIZED Low Poly Fantasy Bundle/STYLIZED Fantasy Forge & Armory - Low Poly 3D Art/Prefabs/Weapons/Iron/Spears/SFFA_Weapon_Spear_Iron_003.prefab","Assets/Daniel Mistage/STYLIZED Low Poly Fantasy Bundle/STYLIZED Fantasy Forge & Armory - Low Poly 3D Art/Materials/BLUE_GLOW.mat","Assets/BornToDig/PrefabGallery/GalleryMaterials/BLUE_GLOW_1e526fdc_Transparent.mat","BLUE_GLOW","Universal Render Pipeline/2D/Mesh2D-Lit-Default","Universal Render Pipeline/Lit"
"gallery_copy_applied","urp_2d_shader_on_3d_renderer","Assets/Daniel Mistage/STYLIZED Low Poly Fantasy Bundle/STYLIZED Fantasy Forge & Armory - Low Poly 3D Art/Prefabs/Weapons/Iron/Spears/SFFA_Weapon_Spear_Iron_004.prefab","Assets/Daniel Mistage/STYLIZED Low Poly Fantasy Bundle/STYLIZED Fantasy Forge & Armory - Low Poly 3D Art/Materials/BLUE_GLOW.mat","Assets/BornToDig/PrefabGallery/GalleryMaterials/BLUE_GLOW_1e526fdc_Transparent.mat","BLUE_GLOW","Universal Render Pipeline/2D/Mesh2D-Lit-Default","Universal Render Pipeline/Lit"
"gallery_copy_applied","urp_2d_shader_on_3d_renderer","Assets/Daniel Mistage/STYLIZED Low Poly Fantasy Bundle/STYLIZED Fantasy Forge & Armory - Low Poly 3D Art/Prefabs/Weapons/Iron/Spears/SFFA_Weapon_Spear_Iron_005.prefab","Assets/Daniel Mistage/STYLIZED Low Poly Fantasy Bundle/STYLIZED Fantasy Forge & Armory - Low Poly 3D Art/Materials/BLUE_GLOW.mat","Assets/BornToDig/PrefabGallery/GalleryMaterials/BLUE_GLOW_1e526fdc_Transparent.mat","BLUE_GLOW","Universal Render Pipeline/2D/Mesh2D-Lit-Default","Universal Render Pipeline/Lit"
"gallery_copy_applied","urp_2d_shader_on_3d_renderer","Assets/Daniel Mistage/STYLIZED Low Poly Fantasy Bundle/STYLIZED Fantasy Forge & Armory - Low Poly 3D Art/Prefabs/Weapons/Iron/Spears/SFFA_Weapon_Spear_Iron_006.prefab","Assets/Daniel Mistage/STYLIZED Low Poly Fantasy Bundle/STYLIZED Fantasy Forge & Armory - Low Poly 3D Art/Materials/BLUE_GLOW.mat","Assets/BornToDig/PrefabGallery/GalleryMaterials/BLUE_GLOW_1e526fdc_Transparent.mat","BLUE_GLOW","Universal Render Pipeline/2D/Mesh2D-Lit-Default","Universal Render Pipeline/Lit"
"gallery_copy_applied","urp_2d_shader_on_3d_renderer","Assets/Daniel Mistage/STYLIZED Low Poly Fantasy Bundle/STYLIZED Fantasy Forge & Armory - Low Poly 3D Art/Prefabs/Weapons/Iron/Swords/SFFA_Weapon_Sword_Iron_003.prefab","Assets/Daniel Mistage/STYLIZED Low Poly Fantasy Bundle/STYLIZED Fantasy Forge & Armory - Low Poly 3D Art/Materials/BLUE_GLOW.mat","Assets/BornToDig/PrefabGallery/GalleryMaterials/BLUE_GLOW_1e526fdc_Transparent.mat","BLUE_GLOW","Universal Render Pipeline/2D/Mesh2D-Lit-Default","Universal Render Pipeline/Lit"
"gallery_copy_applied","urp_2d_shader_on_3d_renderer","Assets/Daniel Mistage/STYLIZED Low Poly Fantasy Bundle/STYLIZED Fantasy Forge & Armory - Low Poly 3D Art/Prefabs/Weapons/Iron/Swords/SFFA_Weapon_Sword_Iron_004.prefab","Assets/Daniel Mistage/STYLIZED Low Poly Fantasy Bundle/STYLIZED Fantasy Forge & Armory - Low Poly 3D Art/Materials/BLUE_GLOW.mat","Assets/BornToDig/PrefabGallery/GalleryMaterials/BLUE_GLOW_1e526fdc_Transparent.mat","BLUE_GLOW","Universal Render Pipeline/2D/Mesh2D-Lit-Default","Universal Render Pipeline/Lit"
"gallery_copy_applied","urp_2d_shader_on_3d_renderer","Assets/Daniel Mistage/STYLIZED Low Poly Fantasy Bundle/STYLIZED Fantasy Forge & Armory - Low Poly 3D Art/Prefabs/Weapons/Iron/Swords/SFFA_Weapon_Sword_Iron_005.prefab","Assets/Daniel Mistage/STYLIZED Low Poly Fantasy Bundle/STYLIZED Fantasy Forge & Armory - Low Poly 3D Art/Materials/BLUE_GLOW.mat","Assets/BornToDig/PrefabGallery/GalleryMaterials/BLUE_GLOW_1e526fdc_Transparent.mat","BLUE_GLOW","Universal Render Pipeline/2D/Mesh2D-Lit-Default","Universal Render Pipeline/Lit"
"gallery_copy_applied","urp_2d_shader_on_3d_renderer","Assets/Daniel Mistage/STYLIZED Low Poly Fantasy Bundle/STYLIZED Fantasy Forge & Armory - Low Poly 3D Art/Prefabs/Weapons/Iron/Swords/SFFA_Weapon_Sword_Iron_006.prefab","Assets/Daniel Mistage/STYLIZED Low Poly Fantasy Bundle/STYLIZED Fantasy Forge & Armory - Low Poly 3D Art/Materials/BLUE_GLOW.mat","Assets/BornToDig/PrefabGallery/GalleryMaterials/BLUE_GLOW_1e526fdc_Transparent.mat","BLUE_GLOW","Universal Render Pipeline/2D/Mesh2D-Lit-Default","Universal Render Pipeline/Lit"
"gallery_copy_applied","urp_2d_shader_on_3d_renderer","Assets/Daniel Mistage/STYLIZED Low Poly Fantasy Bundle/STYLIZED Fantasy Forge & Armory - Low Poly 3D Art/Prefabs/Weapons/Runical/Axes/SFFA_Weapon_Axe_Runical_001.prefab","Assets/Daniel Mistage/STYLIZED Low Poly Fantasy Bundle/STYLIZED Fantasy Forge & Armory - Low Poly 3D Art/Materials/BLUE_GLOW.mat","Assets/BornToDig/PrefabGallery/GalleryMaterials/BLUE_GLOW_1e526fdc_Transparent.mat","BLUE_GLOW","Universal Render Pipeline/2D/Mesh2D-Lit-Default","Universal Render Pipeline/Lit"
"gallery_copy_applied","urp_2d_shader_on_3d_renderer","Assets/Daniel Mistage/STYLIZED Low Poly Fantasy Bundle/STYLIZED Fantasy Forge & Armory - Low Poly 3D Art/Prefabs/Weapons/Runical/Axes/SFFA_Weapon_Axe_Runical_002.prefab","Assets/Daniel Mistage/STYLIZED Low Poly Fantasy Bundle/STYLIZED Fantasy Forge & Armory - Low Poly 3D Art/Materials/BLUE_GLOW.mat","Assets/BornToDig/PrefabGallery/GalleryMaterials/BLUE_GLOW_1e526fdc_Transparent.mat","BLUE_GLOW","Universal Render Pipeline/2D/Mesh2D-Lit-Default","Universal Render Pipeline/Lit"
"gallery_copy_applied","urp_2d_shader_on_3d_renderer","Assets/Daniel Mistage/STYLIZED Low Poly Fantasy Bundle/STYLIZED Fantasy Forge & Armory - Low Poly 3D Art/Prefabs/Weapons/Runical/Axes/SFFA_Weapon_Axe_Runical_003.prefab","Assets/Daniel Mistage/STYLIZED Low Poly Fantasy Bundle/STYLIZED Fantasy Forge & Armory - Low Poly 3D Art/Materials/BLUE_GLOW.mat","Assets/BornToDig/PrefabGallery/GalleryMaterials/BLUE_GLOW_1e526fdc_Transparent.mat","BLUE_GLOW","Universal Render Pipeline/2D/Mesh2D-Lit-Default","Universal Render Pipeline/Lit"
"gallery_copy_applied","urp_2d_shader_on_3d_renderer","Assets/Daniel Mistage/STYLIZED Low Poly Fantasy Bundle/STYLIZED Fantasy Forge & Armory - Low Poly 3D Art/Prefabs/Weapons/Runical/Axes/SFFA_Weapon_Axe_Runical_004.prefab","Assets/Daniel Mistage/STYLIZED Low Poly Fantasy Bundle/STYLIZED Fantasy Forge & Armory - Low Poly 3D Art/Materials/BLUE_GLOW.mat","Assets/BornToDig/PrefabGallery/GalleryMaterials/BLUE_GLOW_1e526fdc_Transparent.mat","BLUE_GLOW","Universal Render Pipeline/2D/Mesh2D-Lit-Default","Universal Render Pipeline/Lit"
"gallery_copy_applied","urp_2d_shader_on_3d_renderer","Assets/Daniel Mistage/STYLIZED Low Poly Fantasy Bundle/STYLIZED Fantasy Forge & Armory - Low Poly 3D Art/Prefabs/Weapons/Runical/Axes/SFFA_Weapon_Axe_Runical_005.prefab","Assets/Daniel Mistage/STYLIZED Low Poly Fantasy Bundle/STYLIZED Fantasy Forge & Armory - Low Poly 3D Art/Materials/BLUE_GLOW.mat","Assets/BornToDig/PrefabGallery/GalleryMaterials/BLUE_GLOW_1e526fdc_Transparent.mat","BLUE_GLOW","Universal Render Pipeline/2D/Mesh2D-Lit-Default","Universal Render Pipeline/Lit"
"gallery_copy_applied","urp_2d_shader_on_3d_renderer","Assets/Daniel Mistage/STYLIZED Low Poly Fantasy Bundle/STYLIZED Fantasy Forge & Armory - Low Poly 3D Art/Prefabs/Weapons/Runical/Axes/SFFA_Weapon_Axe_Runical_006.prefab","Assets/Daniel Mistage/STYLIZED Low Poly Fantasy Bundle/STYLIZED Fantasy Forge & Armory - Low Poly 3D Art/Materials/BLUE_GLOW.mat","Assets/BornToDig/PrefabGallery/GalleryMaterials/BLUE_GLOW_1e526fdc_Transparent.mat","BLUE_GLOW","Universal Render Pipeline/2D/Mesh2D-Lit-Default","Universal Render Pipeline/Lit"
"gallery_copy_applied","urp_2d_shader_on_3d_renderer","Assets/Daniel Mistage/STYLIZED Low Poly Fantasy Bundle/STYLIZED Fantasy Forge & Armory - Low Poly 3D Art/Prefabs/Weapons/Runical/Chakram/SFFA_Weapon_Chakram_Runical_001.prefab","Assets/Daniel Mistage/STYLIZED Low Poly Fantasy Bundle/STYLIZED Fantasy Forge & Armory - Low Poly 3D Art/Materials/BLUE_GLOW.mat","Assets/BornToDig/PrefabGallery/GalleryMaterials/BLUE_GLOW_1e526fdc_Transparent.mat","BLUE_GLOW","Universal Render Pipeline/2D/Mesh2D-Lit-Default","Universal Render Pipeline/Lit"
"gallery_copy_applied","urp_2d_shader_on_3d_renderer","Assets/Daniel Mistage/STYLIZED Low Poly Fantasy Bundle/STYLIZED Fantasy Forge & Armory - Low Poly 3D Art/Prefabs/Weapons/Runical/Chakram/SFFA_Weapon_Chakram_Runical_002.prefab","Assets/Daniel Mistage/STYLIZED Low Poly Fantasy Bundle/STYLIZED Fantasy Forge & Armory - Low Poly 3D Art/Materials/BLUE_GLOW.mat","Assets/BornToDig/PrefabGallery/GalleryMaterials/BLUE_GLOW_1e526fdc_Transparent.mat","BLUE_GLOW","Universal Render Pipeline/2D/Mesh2D-Lit-Default","Universal Render Pipeline/Lit"
"gallery_copy_applied","urp_2d_shader_on_3d_renderer","Assets/Daniel Mistage/STYLIZED Low Poly Fantasy Bundle/STYLIZED Fantasy Forge & Armory - Low Poly 3D Art/Prefabs/Weapons/Runical/Chakram/SFFA_Weapon_Chakram_Runical_003.prefab","Assets/Daniel Mistage/STYLIZED Low Poly Fantasy Bundle/STYLIZED Fantasy Forge & Armory - Low Poly 3D Art/Materials/BLUE_GLOW.mat","Assets/BornToDig/PrefabGallery/GalleryMaterials/BLUE_GLOW_1e526fdc_Transparent.mat","BLUE_GLOW","Universal Render Pipeline/2D/Mesh2D-Lit-Default","Universal Render Pipeline/Lit"
"gallery_copy_applied","urp_2d_shader_on_3d_renderer","Assets/Daniel Mistage/STYLIZED Low Poly Fantasy Bundle/STYLIZED Fantasy Forge & Armory - Low Poly 3D Art/Prefabs/Weapons/Runical/Hammers/SFFA_Weapon_Hammer_Runical_001.prefab","Assets/Daniel Mistage/STYLIZED Low Poly Fantasy Bundle/STYLIZED Fantasy Forge & Armory - Low Poly 3D Art/Materials/BLUE_GLOW.mat","Assets/BornToDig/PrefabGallery/GalleryMaterials/BLUE_GLOW_1e526fdc_Transparent.mat","BLUE_GLOW","Universal Render Pipeline/2D/Mesh2D-Lit-Default","Universal Render Pipeline/Lit"
"gallery_copy_applied","urp_2d_shader_on_3d_renderer","Assets/Daniel Mistage/STYLIZED Low Poly Fantasy Bundle/STYLIZED Fantasy Forge & Armory - Low Poly 3D Art/Prefabs/Weapons/Runical/Hammers/SFFA_Weapon_Hammer_Runical_002.prefab","Assets/Daniel Mistage/STYLIZED Low Poly Fantasy Bundle/STYLIZED Fantasy Forge & Armory - Low Poly 3D Art/Materials/BLUE_GLOW.mat","Assets/BornToDig/PrefabGallery/GalleryMaterials/BLUE_GLOW_1e526fdc_Transparent.mat","BLUE_GLOW","Universal Render Pipeline/2D/Mesh2D-Lit-Default","Universal Render Pipeline/Lit"
"gallery_copy_applied","urp_2d_shader_on_3d_renderer","Assets/Daniel Mistage/STYLIZED Low Poly Fantasy Bundle/STYLIZED Fantasy Forge & Armory - Low Poly 3D Art/Prefabs/Weapons/Runical/Hammers/SFFA_Weapon_Hammer_Runical_003.prefab","Assets/Daniel Mistage/STYLIZED Low Poly Fantasy Bundle/STYLIZED Fantasy Forge & Armory - Low Poly 3D Art/Materials/BLUE_GLOW.mat","Assets/BornToDig/PrefabGallery/GalleryMaterials/BLUE_GLOW_1e526fdc_Transparent.mat","BLUE_GLOW","Universal Render Pipeline/2D/Mesh2D-Lit-Default","Universal Render Pipeline/Lit"
"gallery_copy_applied","urp_2d_shader_on_3d_renderer","Assets/Daniel Mistage/STYLIZED Low Poly Fantasy Bundle/STYLIZED Fantasy Forge & Armory - Low Poly 3D Art/Prefabs/Weapons/Runical/Hammers/SFFA_Weapon_Hammer_Runical_004.prefab","Assets/Daniel Mistage/STYLIZED Low Poly Fantasy Bundle/STYLIZED Fantasy Forge & Armory - Low Poly 3D Art/Materials/BLUE_GLOW.mat","Assets/BornToDig/PrefabGallery/GalleryMaterials/BLUE_GLOW_1e526fdc_Transparent.mat","BLUE_GLOW","Universal Render Pipeline/2D/Mesh2D-Lit-Default","Universal Render Pipeline/Lit"
"gallery_copy_applied","urp_2d_shader_on_3d_renderer","Assets/Daniel Mistage/STYLIZED Low Poly Fantasy Bundle/STYLIZED Fantasy Forge & Armory - Low Poly 3D Art/Prefabs/Weapons/Runical/Hammers/SFFA_Weapon_Hammer_Runical_005.prefab","Assets/Daniel Mistage/STYLIZED Low Poly Fantasy Bundle/STYLIZED Fantasy Forge & Armory - Low Poly 3D Art/Materials/BLUE_GLOW.mat","Assets/BornToDig/PrefabGallery/GalleryMaterials/BLUE_GLOW_1e526fdc_Transparent.mat","BLUE_GLOW","Universal Render Pipeline/2D/Mesh2D-Lit-Default","Universal Render Pipeline/Lit"
"gallery_copy_applied","urp_2d_shader_on_3d_renderer","Assets/Daniel Mistage/STYLIZED Low Poly Fantasy Bundle/STYLIZED Fantasy Forge & Armory - Low Poly 3D Art/Prefabs/Weapons/Runical/Hammers/SFFA_Weapon_Hammer_Runical_006.prefab","Assets/Daniel Mistage/STYLIZED Low Poly Fantasy Bundle/STYLIZED Fantasy Forge & Armory - Low Poly 3D Art/Materials/BLUE_GLOW.mat","Assets/BornToDig/PrefabGallery/GalleryMaterials/BLUE_GLOW_1e526fdc_Transparent.mat","BLUE_GLOW","Universal Render Pipeline/2D/Mesh2D-Lit-Default","Universal Render Pipeline/Lit"
"gallery_copy_applied","urp_2d_shader_on_3d_renderer","Assets/Daniel Mistage/STYLIZED Low Poly Fantasy Bundle/STYLIZED Fantasy Forge & Armory - Low Poly 3D Art/Prefabs/Weapons/Runical/Knifes/SFFA_Weapon_Knife_Runical_001.prefab","Assets/Daniel Mistage/STYLIZED Low Poly Fantasy Bundle/STYLIZED Fantasy Forge & Armory - Low Poly 3D Art/Materials/BLUE_GLOW.mat","Assets/BornToDig/PrefabGallery/GalleryMaterials/BLUE_GLOW_1e526fdc_Transparent.mat","BLUE_GLOW","Universal Render Pipeline/2D/Mesh2D-Lit-Default","Universal Render Pipeline/Lit"
"gallery_copy_applied","urp_2d_shader_on_3d_renderer","Assets/Daniel Mistage/STYLIZED Low Poly Fantasy Bundle/STYLIZED Fantasy Forge & Armory - Low Poly 3D Art/Prefabs/Weapons/Runical/Knifes/SFFA_Weapon_Knife_Runical_002.prefab","Assets/Daniel Mistage/STYLIZED Low Poly Fantasy Bundle/STYLIZED Fantasy Forge & Armory - Low Poly 3D Art/Materials/BLUE_GLOW.mat","Assets/BornToDig/PrefabGallery/GalleryMaterials/BLUE_GLOW_1e526fdc_Transparent.mat","BLUE_GLOW","Universal Render Pipeline/2D/Mesh2D-Lit-Default","Universal Render Pipeline/Lit"
"gallery_copy_applied","urp_2d_shader_on_3d_renderer","Assets/Daniel Mistage/STYLIZED Low Poly Fantasy Bundle/STYLIZED Fantasy Forge & Armory - Low Poly 3D Art/Prefabs/Weapons/Runical/Knifes/SFFA_Weapon_Knife_Runical_003.prefab","Assets/Daniel Mistage/STYLIZED Low Poly Fantasy Bundle/STYLIZED Fantasy Forge & Armory - Low Poly 3D Art/Materials/BLUE_GLOW.mat","Assets/BornToDig/PrefabGallery/GalleryMaterials/BLUE_GLOW_1e526fdc_Transparent.mat","BLUE_GLOW","Universal Render Pipeline/2D/Mesh2D-Lit-Default","Universal Render Pipeline/Lit"
"gallery_copy_applied","urp_2d_shader_on_3d_renderer","Assets/Daniel Mistage/STYLIZED Low Poly Fantasy Bundle/STYLIZED Fantasy Forge & Armory - Low Poly 3D Art/Prefabs/Weapons/Runical/Knifes/SFFA_Weapon_Knife_Runical_004.prefab","Assets/Daniel Mistage/STYLIZED Low Poly Fantasy Bundle/STYLIZED Fantasy Forge & Armory - Low Poly 3D Art/Materials/BLUE_GLOW.mat","Assets/BornToDig/PrefabGallery/GalleryMaterials/BLUE_GLOW_1e526fdc_Transparent.mat","BLUE_GLOW","Universal Render Pipeline/2D/Mesh2D-Lit-Default","Universal Render Pipeline/Lit"
"gallery_copy_applied","urp_2d_shader_on_3d_renderer","Assets/Daniel Mistage/STYLIZED Low Poly Fantasy Bundle/STYLIZED Fantasy Forge & Armory - Low Poly 3D Art/Prefabs/Weapons/Runical/Knifes/SFFA_Weapon_Knife_Runical_005.prefab","Assets/Daniel Mistage/STYLIZED Low Poly Fantasy Bundle/STYLIZED Fantasy Forge & Armory - Low Poly 3D Art/Materials/BLUE_GLOW.mat","Assets/BornToDig/PrefabGallery/GalleryMaterials/BLUE_GLOW_1e526fdc_Transparent.mat","BLUE_GLOW","Universal Render Pipeline/2D/Mesh2D-Lit-Default","Universal Render Pipeline/Lit"
"gallery_copy_applied","urp_2d_shader_on_3d_renderer","Assets/Daniel Mistage/STYLIZED Low Poly Fantasy Bundle/STYLIZED Fantasy Forge & Armory - Low Poly 3D Art/Prefabs/Weapons/Runical/Knifes/SFFA_Weapon_Knife_Runical_006.prefab","Assets/Daniel Mistage/STYLIZED Low Poly Fantasy Bundle/STYLIZED Fantasy Forge & Armory - Low Poly 3D Art/Materials/BLUE_GLOW.mat","Assets/BornToDig/PrefabGallery/GalleryMaterials/BLUE_GLOW_1e526fdc_Transparent.mat","BLUE_GLOW","Universal Render Pipeline/2D/Mesh2D-Lit-Default","Universal Render Pipeline/Lit"
"gallery_copy_applied","urp_2d_shader_on_3d_renderer","Assets/Daniel Mistage/STYLIZED Low Poly Fantasy Bundle/STYLIZED Fantasy Forge & Armory - Low Poly 3D Art/Prefabs/Weapons/Runical/Longswords/SFFA_Weapon_Longsword_Runical_001.prefab","Assets/Daniel Mistage/STYLIZED Low Poly Fantasy Bundle/STYLIZED Fantasy Forge & Armory - Low Poly 3D Art/Materials/BLUE_GLOW.mat","Assets/BornToDig/PrefabGallery/GalleryMaterials/BLUE_GLOW_1e526fdc_Transparent.mat","BLUE_GLOW","Universal Render Pipeline/2D/Mesh2D-Lit-Default","Universal Render Pipeline/Lit"
"gallery_copy_applied","urp_2d_shader_on_3d_renderer","Assets/Daniel Mistage/STYLIZED Low Poly Fantasy Bundle/STYLIZED Fantasy Forge & Armory - Low Poly 3D Art/Prefabs/Weapons/Runical/Longswords/SFFA_Weapon_Longsword_Runical_002.prefab","Assets/Daniel Mistage/STYLIZED Low Poly Fantasy Bundle/STYLIZED Fantasy Forge & Armory - Low Poly 3D Art/Materials/BLUE_GLOW.mat","Assets/BornToDig/PrefabGallery/GalleryMaterials/BLUE_GLOW_1e526fdc_Transparent.mat","BLUE_GLOW","Universal Render Pipeline/2D/Mesh2D-Lit-Default","Universal Render Pipeline/Lit"
"gallery_copy_applied","urp_2d_shader_on_3d_renderer","Assets/Daniel Mistage/STYLIZED Low Poly Fantasy Bundle/STYLIZED Fantasy Forge & Armory - Low Poly 3D Art/Prefabs/Weapons/Runical/Longswords/SFFA_Weapon_Longsword_Runical_003.prefab","Assets/Daniel Mistage/STYLIZED Low Poly Fantasy Bundle/STYLIZED Fantasy Forge & Armory - Low Poly 3D Art/Materials/BLUE_GLOW.mat","Assets/BornToDig/PrefabGallery/GalleryMaterials/BLUE_GLOW_1e526fdc_Transparent.mat","BLUE_GLOW","Universal Render Pipeline/2D/Mesh2D-Lit-Default","Universal Render Pipeline/Lit"
"gallery_copy_applied","urp_2d_shader_on_3d_renderer","Assets/Daniel Mistage/STYLIZED Low Poly Fantasy Bundle/STYLIZED Fantasy Forge & Armory - Low Poly 3D Art/Prefabs/Weapons/Runical/Longswords/SFFA_Weapon_Longsword_Runical_004.prefab","Assets/Daniel Mistage/STYLIZED Low Poly Fantasy Bundle/STYLIZED Fantasy Forge & Armory - Low Poly 3D Art/Materials/BLUE_GLOW.mat","Assets/BornToDig/PrefabGallery/GalleryMaterials/BLUE_GLOW_1e526fdc_Transparent.mat","BLUE_GLOW","Universal Render Pipeline/2D/Mesh2D-Lit-Default","Universal Render Pipeline/Lit"
"gallery_copy_applied","urp_2d_shader_on_3d_renderer","Assets/Daniel Mistage/STYLIZED Low Poly Fantasy Bundle/STYLIZED Fantasy Forge & Armory - Low Poly 3D Art/Prefabs/Weapons/Runical/Longswords/SFFA_Weapon_Longsword_Runical_005.prefab","Assets/Daniel Mistage/STYLIZED Low Poly Fantasy Bundle/STYLIZED Fantasy Forge & Armory - Low Poly 3D Art/Materials/BLUE_GLOW.mat","Assets/BornToDig/PrefabGallery/GalleryMaterials/BLUE_GLOW_1e526fdc_Transparent.mat","BLUE_GLOW","Universal Render Pipeline/2D/Mesh2D-Lit-Default","Universal Render Pipeline/Lit"
"gallery_copy_applied","urp_2d_shader_on_3d_renderer","Assets/Daniel Mistage/STYLIZED Low Poly Fantasy Bundle/STYLIZED Fantasy Forge & Armory - Low Poly 3D Art/Prefabs/Weapons/Runical/Longswords/SFFA_Weapon_Longsword_Runical_006.prefab","Assets/Daniel Mistage/STYLIZED Low Poly Fantasy Bundle/STYLIZED Fantasy Forge & Armory - Low Poly 3D Art/Materials/BLUE_GLOW.mat","Assets/BornToDig/PrefabGallery/GalleryMaterials/BLUE_GLOW_1e526fdc_Transparent.mat","BLUE_GLOW","Universal Render Pipeline/2D/Mesh2D-Lit-Default","Universal Render Pipeline/Lit"
"gallery_copy_applied","urp_2d_shader_on_3d_renderer","Assets/Daniel Mistage/STYLIZED Low Poly Fantasy Bundle/STYLIZED Fantasy Forge & Armory - Low Poly 3D Art/Prefabs/Weapons/Runical/Maces/SFFA_Weapon_Mace_Runical_001.prefab","Assets/Daniel Mistage/STYLIZED Low Poly Fantasy Bundle/STYLIZED Fantasy Forge & Armory - Low Poly 3D Art/Materials/BLUE_GLOW.mat","Assets/BornToDig/PrefabGallery/GalleryMaterials/BLUE_GLOW_1e526fdc_Transparent.mat","BLUE_GLOW","Universal Render Pipeline/2D/Mesh2D-Lit-Default","Universal Render Pipeline/Lit"
"gallery_copy_applied","urp_2d_shader_on_3d_renderer","Assets/Daniel Mistage/STYLIZED Low Poly Fantasy Bundle/STYLIZED Fantasy Forge & Armory - Low Poly 3D Art/Prefabs/Weapons/Runical/Maces/SFFA_Weapon_Mace_Runical_002.prefab","Assets/Daniel Mistage/STYLIZED Low Poly Fantasy Bundle/STYLIZED Fantasy Forge & Armory - Low Poly 3D Art/Materials/BLUE_GLOW.mat","Assets/BornToDig/PrefabGallery/GalleryMaterials/BLUE_GLOW_1e526fdc_Transparent.mat","BLUE_GLOW","Universal Render Pipeline/2D/Mesh2D-Lit-Default","Universal Render Pipeline/Lit"
"gallery_copy_applied","urp_2d_shader_on_3d_renderer","Assets/Daniel Mistage/STYLIZED Low Poly Fantasy Bundle/STYLIZED Fantasy Forge & Armory - Low Poly 3D Art/Prefabs/Weapons/Runical/Maces/SFFA_Weapon_Mace_Runical_003.prefab","Assets/Daniel Mistage/STYLIZED Low Poly Fantasy Bundle/STYLIZED Fantasy Forge & Armory - Low Poly 3D Art/Materials/BLUE_GLOW.mat","Assets/BornToDig/PrefabGallery/GalleryMaterials/BLUE_GLOW_1e526fdc_Transparent.mat","BLUE_GLOW","Universal Render Pipeline/2D/Mesh2D-Lit-Default","Universal Render Pipeline/Lit"
"gallery_copy_applied","urp_2d_shader_on_3d_renderer","Assets/Daniel Mistage/STYLIZED Low Poly Fantasy Bundle/STYLIZED Fantasy Forge & Armory - Low Poly 3D Art/Prefabs/Weapons/Runical/Maces/SFFA_Weapon_Mace_Runical_004.prefab","Assets/Daniel Mistage/STYLIZED Low Poly Fantasy Bundle/STYLIZED Fantasy Forge & Armory - Low Poly 3D Art/Materials/BLUE_GLOW.mat","Assets/BornToDig/PrefabGallery/GalleryMaterials/BLUE_GLOW_1e526fdc_Transparent.mat","BLUE_GLOW","Universal Render Pipeline/2D/Mesh2D-Lit-Default","Universal Render Pipeline/Lit"
"gallery_copy_applied","urp_2d_shader_on_3d_renderer","Assets/Daniel Mistage/STYLIZED Low Poly Fantasy Bundle/STYLIZED Fantasy Forge & Armory - Low Poly 3D Art/Prefabs/Weapons/Runical/Maces/SFFA_Weapon_Mace_Runical_005.prefab","Assets/Daniel Mistage/STYLIZED Low Poly Fantasy Bundle/STYLIZED Fantasy Forge & Armory - Low Poly 3D Art/Materials/BLUE_GLOW.mat","Assets/BornToDig/PrefabGallery/GalleryMaterials/BLUE_GLOW_1e526fdc_Transparent.mat","BLUE_GLOW","Universal Render Pipeline/2D/Mesh2D-Lit-Default","Universal Render Pipeline/Lit"
"gallery_copy_applied","urp_2d_shader_on_3d_renderer","Assets/Daniel Mistage/STYLIZED Low Poly Fantasy Bundle/STYLIZED Fantasy Forge & Armory - Low Poly 3D Art/Prefabs/Weapons/Runical/Maces/SFFA_Weapon_Mace_Runical_006.prefab","Assets/Daniel Mistage/STYLIZED Low Poly Fantasy Bundle/STYLIZED Fantasy Forge & Armory - Low Poly 3D Art/Materials/BLUE_GLOW.mat","Assets/BornToDig/PrefabGallery/GalleryMaterials/BLUE_GLOW_1e526fdc_Transparent.mat","BLUE_GLOW","Universal Render Pipeline/2D/Mesh2D-Lit-Default","Universal Render Pipeline/Lit"
"gallery_copy_applied","urp_2d_shader_on_3d_renderer","Assets/Daniel Mistage/STYLIZED Low Poly Fantasy Bundle/STYLIZED Fantasy Forge & Armory - Low Poly 3D Art/Prefabs/Weapons/Runical/Maces/SFFA_Weapon_Mace_Runical_007.prefab","Assets/Daniel Mistage/STYLIZED Low Poly Fantasy Bundle/STYLIZED Fantasy Forge & Armory - Low Poly 3D Art/Materials/BLUE_GLOW.mat","Assets/BornToDig/PrefabGallery/GalleryMaterials/BLUE_GLOW_1e526fdc_Transparent.mat","BLUE_GLOW","Universal Render Pipeline/2D/Mesh2D-Lit-Default","Universal Render Pipeline/Lit"
"gallery_copy_applied","urp_2d_shader_on_3d_renderer","Assets/Daniel Mistage/STYLIZED Low Poly Fantasy Bundle/STYLIZED Fantasy Forge & Armory - Low Poly 3D Art/Prefabs/Weapons/Runical/Shuriken/SFFA_Shuriken_Glow.prefab","Assets/Daniel Mistage/STYLIZED Low Poly Fantasy Bundle/STYLIZED Fantasy Forge & Armory - Low Poly 3D Art/Materials/BLUE_GLOW.mat","Assets/BornToDig/PrefabGallery/GalleryMaterials/BLUE_GLOW_1e526fdc_Transparent.mat","BLUE_GLOW","Universal Render Pipeline/2D/Mesh2D-Lit-Default","Universal Render Pipeline/Lit"
"gallery_copy_applied","urp_2d_shader_on_3d_renderer","Assets/Daniel Mistage/STYLIZED Low Poly Fantasy Bundle/STYLIZED Fantasy Forge & Armory - Low Poly 3D Art/Prefabs/Weapons/Runical/Spears/SFFA_Weapon_Spear_Runical_001.prefab","Assets/Daniel Mistage/STYLIZED Low Poly Fantasy Bundle/STYLIZED Fantasy Forge & Armory - Low Poly 3D Art/Materials/BLUE_GLOW.mat","Assets/BornToDig/PrefabGallery/GalleryMaterials/BLUE_GLOW_1e526fdc_Transparent.mat","BLUE_GLOW","Universal Render Pipeline/2D/Mesh2D-Lit-Default","Universal Render Pipeline/Lit"
"gallery_copy_applied","urp_2d_shader_on_3d_renderer","Assets/Daniel Mistage/STYLIZED Low Poly Fantasy Bundle/STYLIZED Fantasy Forge & Armory - Low Poly 3D Art/Prefabs/Weapons/Runical/Spears/SFFA_Weapon_Spear_Runical_002.prefab","Assets/Daniel Mistage/STYLIZED Low Poly Fantasy Bundle/STYLIZED Fantasy Forge & Armory - Low Poly 3D Art/Materials/BLUE_GLOW.mat","Assets/BornToDig/PrefabGallery/GalleryMaterials/BLUE_GLOW_1e526fdc_Transparent.mat","BLUE_GLOW","Universal Render Pipeline/2D/Mesh2D-Lit-Default","Universal Render Pipeline/Lit"
"gallery_copy_applied","urp_2d_shader_on_3d_renderer","Assets/Daniel Mistage/STYLIZED Low Poly Fantasy Bundle/STYLIZED Fantasy Forge & Armory - Low Poly 3D Art/Prefabs/Weapons/Runical/Spears/SFFA_Weapon_Spear_Runical_003.prefab","Assets/Daniel Mistage/STYLIZED Low Poly Fantasy Bundle/STYLIZED Fantasy Forge & Armory - Low Poly 3D Art/Materials/BLUE_GLOW.mat","Assets/BornToDig/PrefabGallery/GalleryMaterials/BLUE_GLOW_1e526fdc_Transparent.mat","BLUE_GLOW","Universal Render Pipeline/2D/Mesh2D-Lit-Default","Universal Render Pipeline/Lit"
"gallery_copy_applied","urp_2d_shader_on_3d_renderer","Assets/Daniel Mistage/STYLIZED Low Poly Fantasy Bundle/STYLIZED Fantasy Forge & Armory - Low Poly 3D Art/Prefabs/Weapons/Runical/Spears/SFFA_Weapon_Spear_Runical_004.prefab","Assets/Daniel Mistage/STYLIZED Low Poly Fantasy Bundle/STYLIZED Fantasy Forge & Armory - Low Poly 3D Art/Materials/BLUE_GLOW.mat","Assets/BornToDig/PrefabGallery/GalleryMaterials/BLUE_GLOW_1e526fdc_Transparent.mat","BLUE_GLOW","Universal Render Pipeline/2D/Mesh2D-Lit-Default","Universal Render Pipeline/Lit"
"gallery_copy_applied","urp_2d_shader_on_3d_renderer","Assets/Daniel Mistage/STYLIZED Low Poly Fantasy Bundle/STYLIZED Fantasy Forge & Armory - Low Poly 3D Art/Prefabs/Weapons/Runical/Spears/SFFA_Weapon_Spear_Runical_005.prefab","Assets/Daniel Mistage/STYLIZED Low Poly Fantasy Bundle/STYLIZED Fantasy Forge & Armory - Low Poly 3D Art/Materials/BLUE_GLOW.mat","Assets/BornToDig/PrefabGallery/GalleryMaterials/BLUE_GLOW_1e526fdc_Transparent.mat","BLUE_GLOW","Universal Render Pipeline/2D/Mesh2D-Lit-Default","Universal Render Pipeline/Lit"
"gallery_copy_applied","urp_2d_shader_on_3d_renderer","Assets/Daniel Mistage/STYLIZED Low Poly Fantasy Bundle/STYLIZED Fantasy Forge & Armory - Low Poly 3D Art/Prefabs/Weapons/Runical/Spears/SFFA_Weapon_Spear_Runical_006.prefab","Assets/Daniel Mistage/STYLIZED Low Poly Fantasy Bundle/STYLIZED Fantasy Forge & Armory - Low Poly 3D Art/Materials/BLUE_GLOW.mat","Assets/BornToDig/PrefabGallery/GalleryMaterials/BLUE_GLOW_1e526fdc_Transparent.mat","BLUE_GLOW","Universal Render Pipeline/2D/Mesh2D-Lit-Default","Universal Render Pipeline/Lit"
"gallery_copy_applied","urp_2d_shader_on_3d_renderer","Assets/Daniel Mistage/STYLIZED Low Poly Fantasy Bundle/STYLIZED Fantasy Forge & Armory - Low Poly 3D Art/Prefabs/Weapons/Runical/Swords/SFFA_Weapon_Sword_Runical_001.prefab","Assets/Daniel Mistage/STYLIZED Low Poly Fantasy Bundle/STYLIZED Fantasy Forge & Armory - Low Poly 3D Art/Materials/BLUE_GLOW.mat","Assets/BornToDig/PrefabGallery/GalleryMaterials/BLUE_GLOW_1e526fdc_Transparent.mat","BLUE_GLOW","Universal Render Pipeline/2D/Mesh2D-Lit-Default","Universal Render Pipeline/Lit"
"gallery_copy_applied","urp_2d_shader_on_3d_renderer","Assets/Daniel Mistage/STYLIZED Low Poly Fantasy Bundle/STYLIZED Fantasy Forge & Armory - Low Poly 3D Art/Prefabs/Weapons/Runical/Swords/SFFA_Weapon_Sword_Runical_002.prefab","Assets/Daniel Mistage/STYLIZED Low Poly Fantasy Bundle/STYLIZED Fantasy Forge & Armory - Low Poly 3D Art/Materials/BLUE_GLOW.mat","Assets/BornToDig/PrefabGallery/GalleryMaterials/BLUE_GLOW_1e526fdc_Transparent.mat","BLUE_GLOW","Universal Render Pipeline/2D/Mesh2D-Lit-Default","Universal Render Pipeline/Lit"
"gallery_copy_applied","urp_2d_shader_on_3d_renderer","Assets/Daniel Mistage/STYLIZED Low Poly Fantasy Bundle/STYLIZED Fantasy Forge & Armory - Low Poly 3D Art/Prefabs/Weapons/Runical/Swords/SFFA_Weapon_Sword_Runical_003.prefab","Assets/Daniel Mistage/STYLIZED Low Poly Fantasy Bundle/STYLIZED Fantasy Forge & Armory - Low Poly 3D Art/Materials/BLUE_GLOW.mat","Assets/BornToDig/PrefabGallery/GalleryMaterials/BLUE_GLOW_1e526fdc_Transparent.mat","BLUE_GLOW","Universal Render Pipeline/2D/Mesh2D-Lit-Default","Universal Render Pipeline/Lit"
"gallery_copy_applied","urp_2d_shader_on_3d_renderer","Assets/Daniel Mistage/STYLIZED Low Poly Fantasy Bundle/STYLIZED Fantasy Forge & Armory - Low Poly 3D Art/Prefabs/Weapons/Runical/Swords/SFFA_Weapon_Sword_Runical_004.prefab","Assets/Daniel Mistage/STYLIZED Low Poly Fantasy Bundle/STYLIZED Fantasy Forge & Armory - Low Poly 3D Art/Materials/BLUE_GLOW.mat","Assets/BornToDig/PrefabGallery/GalleryMaterials/BLUE_GLOW_1e526fdc_Transparent.mat","BLUE_GLOW","Universal Render Pipeline/2D/Mesh2D-Lit-Default","Universal Render Pipeline/Lit"
"gallery_copy_applied","urp_2d_shader_on_3d_renderer","Assets/Daniel Mistage/STYLIZED Low Poly Fantasy Bundle/STYLIZED Fantasy Forge & Armory - Low Poly 3D Art/Prefabs/Weapons/Runical/Swords/SFFA_Weapon_Sword_Runical_005.prefab","Assets/Daniel Mistage/STYLIZED Low Poly Fantasy Bundle/STYLIZED Fantasy Forge & Armory - Low Poly 3D Art/Materials/BLUE_GLOW.mat","Assets/BornToDig/PrefabGallery/GalleryMaterials/BLUE_GLOW_1e526fdc_Transparent.mat","BLUE_GLOW","Universal Render Pipeline/2D/Mesh2D-Lit-Default","Universal Render Pipeline/Lit"
"gallery_copy_applied","urp_2d_shader_on_3d_renderer","Assets/Daniel Mistage/STYLIZED Low Poly Fantasy Bundle/STYLIZED Fantasy Forge & Armory - Low Poly 3D Art/Prefabs/Weapons/Runical/Swords/SFFA_Weapon_Sword_Runical_006.prefab","Assets/Daniel Mistage/STYLIZED Low Poly Fantasy Bundle/STYLIZED Fantasy Forge & Armory - Low Poly 3D Art/Materials/BLUE_GLOW.mat","Assets/BornToDig/PrefabGallery/GalleryMaterials/BLUE_GLOW_1e526fdc_Transparent.mat","BLUE_GLOW","Universal Render Pipeline/2D/Mesh2D-Lit-Default","Universal Render Pipeline/Lit"
"gallery_copy_applied","urp_2d_shader_on_3d_renderer","Assets/Daniel Mistage/STYLIZED Low Poly Fantasy Bundle/STYLIZED Fantasy Forge & Armory - Low Poly 3D Art/Prefabs/Weapons/Shields/SFFA_Shield_Stylized_001.prefab","Assets/Daniel Mistage/STYLIZED Low Poly Fantasy Bundle/STYLIZED Fantasy Forge & Armory - Low Poly 3D Art/Materials/BLUE_GLOW.mat","Assets/BornToDig/PrefabGallery/GalleryMaterials/BLUE_GLOW_1e526fdc_Transparent.mat","BLUE_GLOW","Universal Render Pipeline/2D/Mesh2D-Lit-Default","Universal Render Pipeline/Lit"
"gallery_copy_applied","urp_2d_shader_on_3d_renderer","Assets/Daniel Mistage/STYLIZED Low Poly Fantasy Bundle/STYLIZED Fantasy Forge & Armory - Low Poly 3D Art/Prefabs/Weapons/Shields/SFFA_Shield_Stylized_002.prefab","Assets/Daniel Mistage/STYLIZED Low Poly Fantasy Bundle/STYLIZED Fantasy Forge & Armory - Low Poly 3D Art/Materials/BLUE_GLOW.mat","Assets/BornToDig/PrefabGallery/GalleryMaterials/BLUE_GLOW_1e526fdc_Transparent.mat","BLUE_GLOW","Universal Render Pipeline/2D/Mesh2D-Lit-Default","Universal Render Pipeline/Lit"
"gallery_copy_applied","urp_2d_shader_on_3d_renderer","Assets/Daniel Mistage/STYLIZED Low Poly Fantasy Bundle/STYLIZED Fantasy Forge & Armory - Low Poly 3D Art/Prefabs/Scene Prefabs/SFFA_Weapon_Stand_005.prefab","Assets/Daniel Mistage/STYLIZED Low Poly Fantasy Bundle/STYLIZED Fantasy Forge & Armory - Low Poly 3D Art/Materials/RED_GLOW.mat","Assets/BornToDig/PrefabGallery/GalleryMaterials/RED_GLOW_165ef095_Transparent.mat","RED_GLOW","Universal Render Pipeline/2D/Mesh2D-Lit-Default","Universal Render Pipeline/Lit"
"gallery_copy_applied","urp_2d_shader_on_3d_renderer","Assets/Daniel Mistage/STYLIZED Low Poly Fantasy Bundle/STYLIZED Fantasy Forge & Armory - Low Poly 3D Art/Prefabs/Scene Prefabs/SFFA_Weapon_Stand_005.prefab","Assets/Daniel Mistage/STYLIZED Low Poly Fantasy Bundle/STYLIZED Fantasy Forge & Armory - Low Poly 3D Art/Materials/RED_GLOW.mat","Assets/BornToDig/PrefabGallery/GalleryMaterials/RED_GLOW_165ef095_Transparent.mat","RED_GLOW","Universal Render Pipeline/2D/Mesh2D-Lit-Default","Universal Render Pipeline/Lit"
"gallery_copy_applied","urp_2d_shader_on_3d_renderer","Assets/Daniel Mistage/STYLIZED Low Poly Fantasy Bundle/STYLIZED Fantasy Forge & Armory - Low Poly 3D Art/Prefabs/Scene Prefabs/SFFA_Weapon_Stand_005.prefab","Assets/Daniel Mistage/STYLIZED Low Poly Fantasy Bundle/STYLIZED Fantasy Forge & Armory - Low Poly 3D Art/Materials/RED_GLOW.mat","Assets/BornToDig/PrefabGallery/GalleryMaterials/RED_GLOW_165ef095_Transparent.mat","RED_GLOW","Universal Render Pipeline/2D/Mesh2D-Lit-Default","Universal Render Pipeline/Lit"
"gallery_copy_applied","urp_2d_shader_on_3d_renderer","Assets/Daniel Mistage/STYLIZED Low Poly Fantasy Bundle/STYLIZED Fantasy Forge & Armory - Low Poly 3D Art/Prefabs/Weapons/Guns/Crossbow/SFFA_Weapon_Crossbow_001.prefab","Assets/Daniel Mistage/STYLIZED Low Poly Fantasy Bundle/STYLIZED Fantasy Forge & Armory - Low Poly 3D Art/Materials/RED_GLOW.mat","Assets/BornToDig/PrefabGallery/GalleryMaterials/RED_GLOW_165ef095_Transparent.mat","RED_GLOW","Universal Render Pipeline/2D/Mesh2D-Lit-Default","Universal Render Pipeline/Lit"
"gallery_copy_applied","urp_2d_shader_on_3d_renderer","Assets/Daniel Mistage/STYLIZED Low Poly Fantasy Bundle/STYLIZED Fantasy Forge & Armory - Low Poly 3D Art/Prefabs/Weapons/Guns/Crossbow/SFFA_Weapon_Crossbow_002.prefab","Assets/Daniel Mistage/STYLIZED Low Poly Fantasy Bundle/STYLIZED Fantasy Forge & Armory - Low Poly 3D Art/Materials/RED_GLOW.mat","Assets/BornToDig/PrefabGallery/GalleryMaterials/RED_GLOW_165ef095_Transparent.mat","RED_GLOW","Universal Render Pipeline/2D/Mesh2D-Lit-Default","Universal Render Pipeline/Lit"
"gallery_copy_applied","urp_2d_shader_on_3d_renderer","Assets/Daniel Mistage/STYLIZED Low Poly Fantasy Bundle/STYLIZED Fantasy Forge & Armory - Low Poly 3D Art/Prefabs/Weapons/Guns/Crossbow/SFFA_Weapon_Crossbow_003.prefab","Assets/Daniel Mistage/STYLIZED Low Poly Fantasy Bundle/STYLIZED Fantasy Forge & Armory - Low Poly 3D Art/Materials/RED_GLOW.mat","Assets/BornToDig/PrefabGallery/GalleryMaterials/RED_GLOW_165ef095_Transparent.mat","RED_GLOW","Universal Render Pipeline/2D/Mesh2D-Lit-Default","Universal Render Pipeline/Lit"
"gallery_copy_applied","urp_2d_shader_on_3d_renderer","Assets/Daniel Mistage/STYLIZED Low Poly Fantasy Bundle/STYLIZED Fantasy Forge & Armory - Low Poly 3D Art/Prefabs/Bars and Rods/Rods/SFFA_Rod_002 1.prefab","Assets/Daniel Mistage/STYLIZED Low Poly Fantasy Bundle/STYLIZED Fantasy Forge & Armory - Low Poly 3D Art/Materials/YELLOW_GLOW.mat","Assets/BornToDig/PrefabGallery/GalleryMaterials/YELLOW_GLOW_6cad903d_Transparent.mat","YELLOW_GLOW","Universal Render Pipeline/2D/Mesh2D-Lit-Default","Universal Render Pipeline/Lit"
"gallery_copy_applied","urp_2d_shader_on_3d_renderer","Assets/Daniel Mistage/STYLIZED Low Poly Fantasy Bundle/STYLIZED Fantasy Forge & Armory - Low Poly 3D Art/Prefabs/Bars and Rods/Rods/SFFA_Rod_003 1.prefab","Assets/Daniel Mistage/STYLIZED Low Poly Fantasy Bundle/STYLIZED Fantasy Forge & Armory - Low Poly 3D Art/Materials/YELLOW_GLOW.mat","Assets/BornToDig/PrefabGallery/GalleryMaterials/YELLOW_GLOW_6cad903d_Transparent.mat","YELLOW_GLOW","Universal Render Pipeline/2D/Mesh2D-Lit-Default","Universal Render Pipeline/Lit"
"gallery_copy_applied","urp_2d_shader_on_3d_renderer","Assets/Daniel Mistage/STYLIZED Low Poly Fantasy Bundle/STYLIZED Fantasy Forge & Armory - Low Poly 3D Art/Prefabs/Blades/SFFA_Blade_Glow_001 1.prefab","Assets/Daniel Mistage/STYLIZED Low Poly Fantasy Bundle/STYLIZED Fantasy Forge & Armory - Low Poly 3D Art/Materials/YELLOW_GLOW.mat","Assets/BornToDig/PrefabGallery/GalleryMaterials/YELLOW_GLOW_6cad903d_Transparent.mat","YELLOW_GLOW","Universal Render Pipeline/2D/Mesh2D-Lit-Default","Universal Render Pipeline/Lit"
"gallery_copy_applied","urp_2d_shader_on_3d_renderer","Assets/Daniel Mistage/STYLIZED Low Poly Fantasy Bundle/STYLIZED Fantasy Forge & Armory - Low Poly 3D Art/Prefabs/Blades/SFFA_Blade_Glow_002 1.prefab","Assets/Daniel Mistage/STYLIZED Low Poly Fantasy Bundle/STYLIZED Fantasy Forge & Armory - Low Poly 3D Art/Materials/YELLOW_GLOW.mat","Assets/BornToDig/PrefabGallery/GalleryMaterials/YELLOW_GLOW_6cad903d_Transparent.mat","YELLOW_GLOW","Universal Render Pipeline/2D/Mesh2D-Lit-Default","Universal Render Pipeline/Lit"
"gallery_copy_applied","urp_2d_shader_on_3d_renderer","Assets/Daniel Mistage/STYLIZED Low Poly Fantasy Bundle/STYLIZED Fantasy Forge & Armory - Low Poly 3D Art/Prefabs/Blades/SFFA_Blade_Glow_003 1.prefab","Assets/Daniel Mistage/STYLIZED Low Poly Fantasy Bundle/STYLIZED Fantasy Forge & Armory - Low Poly 3D Art/Materials/YELLOW_GLOW.mat","Assets/BornToDig/PrefabGallery/GalleryMaterials/YELLOW_GLOW_6cad903d_Transparent.mat","YELLOW_GLOW","Universal Render Pipeline/2D/Mesh2D-Lit-Default","Universal Render Pipeline/Lit"
"gallery_copy_applied","urp_2d_shader_on_3d_renderer","Assets/Daniel Mistage/STYLIZED Low Poly Fantasy Bundle/STYLIZED Fantasy Forge & Armory - Low Poly 3D Art/Prefabs/Blades/SFFA_Blade_Glow_004 1.prefab","Assets/Daniel Mistage/STYLIZED Low Poly Fantasy Bundle/STYLIZED Fantasy Forge & Armory - Low Poly 3D Art/Materials/YELLOW_GLOW.mat","Assets/BornToDig/PrefabGallery/GalleryMaterials/YELLOW_GLOW_6cad903d_Transparent.mat","YELLOW_GLOW","Universal Render Pipeline/2D/Mesh2D-Lit-Default","Universal Render Pipeline/Lit"
"gallery_copy_applied","urp_2d_shader_on_3d_renderer","Assets/Daniel Mistage/STYLIZED Low Poly Fantasy Bundle/STYLIZED Fantasy Forge & Armory - Low Poly 3D Art/Prefabs/Building/Building Empty/SFFA_Building_Empty 1.prefab","Assets/Daniel Mistage/STYLIZED Low Poly Fantasy Bundle/STYLIZED Fantasy Forge & Armory - Low Poly 3D Art/Materials/YELLOW_GLOW.mat","Assets/BornToDig/PrefabGallery/GalleryMaterials/YELLOW_GLOW_6cad903d_Transparent.mat","YELLOW_GLOW","Universal Render Pipeline/2D/Mesh2D-Lit-Default","Universal Render Pipeline/Lit"
"gallery_copy_applied","urp_2d_shader_on_3d_renderer","Assets/Daniel Mistage/STYLIZED Low Poly Fantasy Bundle/STYLIZED Fantasy Forge & Armory - Low Poly 3D Art/Prefabs/Building/Building Empty/SFFA_Building_Empty.prefab","Assets/Daniel Mistage/STYLIZED Low Poly Fantasy Bundle/STYLIZED Fantasy Forge & Armory - Low Poly 3D Art/Materials/YELLOW_GLOW.mat","Assets/BornToDig/PrefabGallery/GalleryMaterials/YELLOW_GLOW_6cad903d_Transparent.mat","YELLOW_GLOW","Universal Render Pipeline/2D/Mesh2D-Lit-Default","Universal Render Pipeline/Lit"
"gallery_copy_applied","urp_2d_shader_on_3d_renderer","Assets/Daniel Mistage/STYLIZED Low Poly Fantasy Bundle/STYLIZED Fantasy Forge & Armory - Low Poly 3D Art/Prefabs/Forge Oven and Other/Individual Parts/SFFA_ChemneyGlow.prefab","Assets/Daniel Mistage/STYLIZED Low Poly Fantasy Bundle/STYLIZED Fantasy Forge & Armory - Low Poly 3D Art/Materials/YELLOW_GLOW.mat","Assets/BornToDig/PrefabGallery/GalleryMaterials/YELLOW_GLOW_6cad903d_Transparent.mat","YELLOW_GLOW","Universal Render Pipeline/2D/Mesh2D-Lit-Default","Universal Render Pipeline/Lit"
"gallery_copy_applied","urp_2d_shader_on_3d_renderer","Assets/Daniel Mistage/STYLIZED Low Poly Fantasy Bundle/STYLIZED Fantasy Forge & Armory - Low Poly 3D Art/Prefabs/Forge Oven and Other/SFFA_Forge_Coal_Prop.prefab","Assets/Daniel Mistage/STYLIZED Low Poly Fantasy Bundle/STYLIZED Fantasy Forge & Armory - Low Poly 3D Art/Materials/YELLOW_GLOW.mat","Assets/BornToDig/PrefabGallery/GalleryMaterials/YELLOW_GLOW_6cad903d_Transparent.mat","YELLOW_GLOW","Universal Render Pipeline/2D/Mesh2D-Lit-Default","Universal Render Pipeline/Lit"
"gallery_copy_applied","urp_2d_shader_on_3d_renderer","Assets/Daniel Mistage/STYLIZED Low Poly Fantasy Bundle/STYLIZED Fantasy Forge & Armory - Low Poly 3D Art/Prefabs/Forge Oven and Other/SFFA_Forge_Oven - Copy - Copy - Copy.prefab","Assets/Daniel Mistage/STYLIZED Low Poly Fantasy Bundle/STYLIZED Fantasy Forge & Armory - Low Poly 3D Art/Materials/YELLOW_GLOW.mat","Assets/BornToDig/PrefabGallery/GalleryMaterials/YELLOW_GLOW_6cad903d_Transparent.mat","YELLOW_GLOW","Universal Render Pipeline/2D/Mesh2D-Lit-Default","Universal Render Pipeline/Lit"
"gallery_copy_applied","urp_2d_shader_on_3d_renderer","Assets/Daniel Mistage/STYLIZED Low Poly Fantasy Bundle/STYLIZED Fantasy Forge & Armory - Low Poly 3D Art/Prefabs/Forge Oven and Other/SFFA_Forge_Oven.prefab","Assets/Daniel Mistage/STYLIZED Low Poly Fantasy Bundle/STYLIZED Fantasy Forge & Armory - Low Poly 3D Art/Materials/YELLOW_GLOW.mat","Assets/BornToDig/PrefabGallery/GalleryMaterials/YELLOW_GLOW_6cad903d_Transparent.mat","YELLOW_GLOW","Universal Render Pipeline/2D/Mesh2D-Lit-Default","Universal Render Pipeline/Lit"
"gallery_copy_applied","urp_2d_shader_on_3d_renderer","Assets/Daniel Mistage/STYLIZED Low Poly Fantasy Bundle/STYLIZED Fantasy Forge & Armory - Low Poly 3D Art/Prefabs/Forge Prop/Individual Parts/SFFA_Forge_Prop_Glow.prefab","Assets/Daniel Mistage/STYLIZED Low Poly Fantasy Bundle/STYLIZED Fantasy Forge & Armory - Low Poly 3D Art/Materials/YELLOW_GLOW.mat","Assets/BornToDig/PrefabGallery/GalleryMaterials/YELLOW_GLOW_6cad903d_Transparent.mat","YELLOW_GLOW","Universal Render Pipeline/2D/Mesh2D-Lit-Default","Universal Render Pipeline/Lit"
"gallery_copy_applied","urp_2d_shader_on_3d_renderer","Assets/Daniel Mistage/STYLIZED Low Poly Fantasy Bundle/STYLIZED Fantasy Forge & Armory - Low Poly 3D Art/Prefabs/Forge Prop/SFFA_Forge_Prop_002 1.prefab","Assets/Daniel Mistage/STYLIZED Low Poly Fantasy Bundle/STYLIZED Fantasy Forge & Armory - Low Poly 3D Art/Materials/YELLOW_GLOW.mat","Assets/BornToDig/PrefabGallery/GalleryMaterials/YELLOW_GLOW_6cad903d_Transparent.mat","YELLOW_GLOW","Universal Render Pipeline/2D/Mesh2D-Lit-Default","Universal Render Pipeline/Lit"
"gallery_copy_applied","urp_2d_shader_on_3d_renderer","Assets/Daniel Mistage/STYLIZED Low Poly Fantasy Bundle/STYLIZED Fantasy Forge & Armory - Low Poly 3D Art/Prefabs/Forge Prop/SFFA_Forge_Prop_002 1.prefab","Assets/Daniel Mistage/STYLIZED Low Poly Fantasy Bundle/STYLIZED Fantasy Forge & Armory - Low Poly 3D Art/Materials/YELLOW_GLOW.mat","Assets/BornToDig/PrefabGallery/GalleryMaterials/YELLOW_GLOW_6cad903d_Transparent.mat","YELLOW_GLOW","Universal Render Pipeline/2D/Mesh2D-Lit-Default","Universal Render Pipeline/Lit"
"gallery_copy_applied","urp_2d_shader_on_3d_renderer","Assets/Daniel Mistage/STYLIZED Low Poly Fantasy Bundle/STYLIZED Fantasy Forge & Armory - Low Poly 3D Art/Prefabs/Scene Prefabs/SFFA_Forge_Oven.prefab","Assets/Daniel Mistage/STYLIZED Low Poly Fantasy Bundle/STYLIZED Fantasy Forge & Armory - Low Poly 3D Art/Materials/YELLOW_GLOW.mat","Assets/BornToDig/PrefabGallery/GalleryMaterials/YELLOW_GLOW_6cad903d_Transparent.mat","YELLOW_GLOW","Universal Render Pipeline/2D/Mesh2D-Lit-Default","Universal Render Pipeline/Lit"
"gallery_copy_applied","urp_2d_shader_on_3d_renderer","Assets/Daniel Mistage/STYLIZED Low Poly Fantasy Bundle/STYLIZED Fantasy Forge & Armory - Low Poly 3D Art/Prefabs/Scene Prefabs/SFFA_Forge_Oven.prefab","Assets/Daniel Mistage/STYLIZED Low Poly Fantasy Bundle/STYLIZED Fantasy Forge & Armory - Low Poly 3D Art/Materials/YELLOW_GLOW.mat","Assets/BornToDig/PrefabGallery/GalleryMaterials/YELLOW_GLOW_6cad903d_Transparent.mat","YELLOW_GLOW","Universal Render Pipeline/2D/Mesh2D-Lit-Default","Universal Render Pipeline/Lit"
"gallery_copy_applied","urp_2d_shader_on_3d_renderer","Assets/Daniel Mistage/STYLIZED Low Poly Fantasy Bundle/STYLIZED Fantasy Forge & Armory - Low Poly 3D Art/Prefabs/Scene Prefabs/SFFA_Forge_Oven.prefab","Assets/Daniel Mistage/STYLIZED Low Poly Fantasy Bundle/STYLIZED Fantasy Forge & Armory - Low Poly 3D Art/Materials/YELLOW_GLOW.mat","Assets/BornToDig/PrefabGallery/GalleryMaterials/YELLOW_GLOW_6cad903d_Transparent.mat","YELLOW_GLOW","Universal Render Pipeline/2D/Mesh2D-Lit-Default","Universal Render Pipeline/Lit"
"gallery_copy_applied","urp_2d_shader_on_3d_renderer","Assets/Daniel Mistage/STYLIZED Low Poly Fantasy Bundle/STYLIZED Fantasy Forge & Armory - Low Poly 3D Art/Prefabs/Scene Prefabs/SFFA_Forge_Oven.prefab","Assets/Daniel Mistage/STYLIZED Low Poly Fantasy Bundle/STYLIZED Fantasy Forge & Armory - Low Poly 3D Art/Materials/YELLOW_GLOW.mat","Assets/BornToDig/PrefabGallery/GalleryMaterials/YELLOW_GLOW_6cad903d_Transparent.mat","YELLOW_GLOW","Universal Render Pipeline/2D/Mesh2D-Lit-Default","Universal Render Pipeline/Lit"
"gallery_copy_applied","urp_2d_shader_on_3d_renderer","Assets/Daniel Mistage/STYLIZED Low Poly Fantasy Bundle/STYLIZED Fantasy Forge & Armory - Low Poly 3D Art/Prefabs/Scene Prefabs/SFFA_Forge_Oven.prefab","Assets/Daniel Mistage/STYLIZED Low Poly Fantasy Bundle/STYLIZED Fantasy Forge & Armory - Low Poly 3D Art/Materials/YELLOW_GLOW.mat","Assets/BornToDig/PrefabGallery/GalleryMaterials/YELLOW_GLOW_6cad903d_Transparent.mat","YELLOW_GLOW","Universal Render Pipeline/2D/Mesh2D-Lit-Default","Universal Render Pipeline/Lit"
"gallery_copy_applied","urp_2d_shader_on_3d_renderer","Assets/Daniel Mistage/STYLIZED Low Poly Fantasy Bundle/STYLIZED Fantasy Forge & Armory - Low Poly 3D Art/Prefabs/Scene Prefabs/SFFA_Forge_Oven.prefab","Assets/Daniel Mistage/STYLIZED Low Poly Fantasy Bundle/STYLIZED Fantasy Forge & Armory - Low Poly 3D Art/Materials/YELLOW_GLOW.mat","Assets/BornToDig/PrefabGallery/GalleryMaterials/YELLOW_GLOW_6cad903d_Transparent.mat","YELLOW_GLOW","Universal Render Pipeline/2D/Mesh2D-Lit-Default","Universal Render Pipeline/Lit"
"gallery_copy_applied","urp_2d_shader_on_3d_renderer","Assets/Daniel Mistage/STYLIZED Low Poly Fantasy Bundle/STYLIZED Fantasy Interior Pack - Low Poly 3D Art/Prefabs/Furniture/Tables/SFI_RTable_001 1.prefab","Assets/Daniel Mistage/STYLIZED Low Poly Fantasy Bundle/STYLIZED Fantasy Interior Pack - Low Poly 3D Art/Materials/CANDLE_FLAME.mat","Assets/BornToDig/PrefabGallery/GalleryMaterials/CANDLE_FLAME_c4d549c9_Transparent.mat","CANDLE_FLAME","Universal Render Pipeline/2D/Mesh2D-Lit-Default","Universal Render Pipeline/Lit"
"gallery_copy_applied","urp_2d_shader_on_3d_renderer","Assets/Daniel Mistage/STYLIZED Low Poly Fantasy Bundle/STYLIZED Fantasy Interior Pack - Low Poly 3D Art/Prefabs/Furniture/Tables/SFI_Table_S_006 2.prefab","Assets/Daniel Mistage/STYLIZED Low Poly Fantasy Bundle/STYLIZED Fantasy Interior Pack - Low Poly 3D Art/Materials/CANDLE_FLAME.mat","Assets/BornToDig/PrefabGallery/GalleryMaterials/CANDLE_FLAME_c4d549c9_Transparent.mat","CANDLE_FLAME","Universal Render Pipeline/2D/Mesh2D-Lit-Default","Universal Render Pipeline/Lit"
"gallery_copy_applied","urp_2d_shader_on_3d_renderer","Assets/Daniel Mistage/STYLIZED Low Poly Fantasy Bundle/STYLIZED Fantasy Interior Pack - Low Poly 3D Art/Prefabs/Kitchen/Other/SFI_Kitchen_Decorative.prefab","Assets/Daniel Mistage/STYLIZED Low Poly Fantasy Bundle/STYLIZED Fantasy Interior Pack - Low Poly 3D Art/Materials/CANDLE_FLAME.mat","Assets/BornToDig/PrefabGallery/GalleryMaterials/CANDLE_FLAME_c4d549c9_Transparent.mat","CANDLE_FLAME","Universal Render Pipeline/2D/Mesh2D-Lit-Default","Universal Render Pipeline/Lit"
"gallery_copy_applied","urp_2d_shader_on_3d_renderer","Assets/Daniel Mistage/STYLIZED Low Poly Fantasy Bundle/STYLIZED Fantasy Interior Pack - Low Poly 3D Art/Prefabs/Kitchen/Other/SFI_Kitchen_Decorative.prefab","Assets/Daniel Mistage/STYLIZED Low Poly Fantasy Bundle/STYLIZED Fantasy Interior Pack - Low Poly 3D Art/Materials/CANDLE_FLAME.mat","Assets/BornToDig/PrefabGallery/GalleryMaterials/CANDLE_FLAME_c4d549c9_Transparent.mat","CANDLE_FLAME","Universal Render Pipeline/2D/Mesh2D-Lit-Default","Universal Render Pipeline/Lit"
"gallery_copy_applied","urp_2d_shader_on_3d_renderer","Assets/Daniel Mistage/STYLIZED Low Poly Fantasy Bundle/STYLIZED Fantasy Interior Pack - Low Poly 3D Art/Prefabs/Kitchen/Other/SFI_Kitchen_Decorative.prefab","Assets/Daniel Mistage/STYLIZED Low Poly Fantasy Bundle/STYLIZED Fantasy Interior Pack - Low Poly 3D Art/Materials/CANDLE_FLAME.mat","Assets/BornToDig/PrefabGallery/GalleryMaterials/CANDLE_FLAME_c4d549c9_Transparent.mat","CANDLE_FLAME","Universal Render Pipeline/2D/Mesh2D-Lit-Default","Universal Render Pipeline/Lit"
"gallery_copy_applied","urp_2d_shader_on_3d_renderer","Assets/Daniel Mistage/STYLIZED Low Poly Fantasy Bundle/STYLIZED Fantasy Interior Pack - Low Poly 3D Art/Prefabs/Kitchen/Other/SFI_Kitchen_Decorative.prefab","Assets/Daniel Mistage/STYLIZED Low Poly Fantasy Bundle/STYLIZED Fantasy Interior Pack - Low Poly 3D Art/Materials/CANDLE_FLAME.mat","Assets/BornToDig/PrefabGallery/GalleryMaterials/CANDLE_FLAME_c4d549c9_Transparent.mat","CANDLE_FLAME","Universal Render Pipeline/2D/Mesh2D-Lit-Default","Universal Render Pipeline/Lit"
"gallery_copy_applied","urp_2d_shader_on_3d_renderer","Assets/Daniel Mistage/STYLIZED Low Poly Fantasy Bundle/STYLIZED Fantasy Interior Pack - Low Poly 3D Art/Prefabs/Kitchen/Other/SFI_Kitchen_Decorative.prefab","Assets/Daniel Mistage/STYLIZED Low Poly Fantasy Bundle/STYLIZED Fantasy Interior Pack - Low Poly 3D Art/Materials/CANDLE_FLAME.mat","Assets/BornToDig/PrefabGallery/GalleryMaterials/CANDLE_FLAME_c4d549c9_Transparent.mat","CANDLE_FLAME","Universal Render Pipeline/2D/Mesh2D-Lit-Default","Universal Render Pipeline/Lit"
"gallery_copy_applied","urp_2d_shader_on_3d_renderer","Assets/Daniel Mistage/STYLIZED Low Poly Fantasy Bundle/STYLIZED Fantasy Interior Pack - Low Poly 3D Art/Prefabs/Lightning/Candles/Candle Flame/SFI_Candle_Flame.prefab","Assets/Daniel Mistage/STYLIZED Low Poly Fantasy Bundle/STYLIZED Fantasy Interior Pack - Low Poly 3D Art/Materials/CANDLE_FLAME.mat","Assets/BornToDig/PrefabGallery/GalleryMaterials/CANDLE_FLAME_c4d549c9_Transparent.mat","CANDLE_FLAME","Universal Render Pipeline/2D/Mesh2D-Lit-Default","Universal Render Pipeline/Lit"
"gallery_copy_applied","urp_2d_shader_on_3d_renderer","Assets/Daniel Mistage/STYLIZED Low Poly Fantasy Bundle/STYLIZED Fantasy Interior Pack - Low Poly 3D Art/Prefabs/Lightning/Candles/Candle_Flame/SFI_Candle_001 1 (1).prefab","Assets/Daniel Mistage/STYLIZED Low Poly Fantasy Bundle/STYLIZED Fantasy Interior Pack - Low Poly 3D Art/Materials/CANDLE_FLAME.mat","Assets/BornToDig/PrefabGallery/GalleryMaterials/CANDLE_FLAME_c4d549c9_Transparent.mat","CANDLE_FLAME","Universal Render Pipeline/2D/Mesh2D-Lit-Default","Universal Render Pipeline/Lit"
"gallery_copy_applied","urp_2d_shader_on_3d_renderer","Assets/Daniel Mistage/STYLIZED Low Poly Fantasy Bundle/STYLIZED Fantasy Interior Pack - Low Poly 3D Art/Prefabs/Lightning/Candles/Candle_Flame/SFI_Candle_001 1 (1).prefab","Assets/Daniel Mistage/STYLIZED Low Poly Fantasy Bundle/STYLIZED Fantasy Interior Pack - Low Poly 3D Art/Materials/CANDLE_FLAME.mat","Assets/BornToDig/PrefabGallery/GalleryMaterials/CANDLE_FLAME_c4d549c9_Transparent.mat","CANDLE_FLAME","Universal Render Pipeline/2D/Mesh2D-Lit-Default","Universal Render Pipeline/Lit"
"gallery_copy_applied","urp_2d_shader_on_3d_renderer","Assets/Daniel Mistage/STYLIZED Low Poly Fantasy Bundle/STYLIZED Fantasy Interior Pack - Low Poly 3D Art/Prefabs/Lightning/Candles/Candle_Flame/SFI_Candle_001 1.prefab","Assets/Daniel Mistage/STYLIZED Low Poly Fantasy Bundle/STYLIZED Fantasy Interior Pack - Low Poly 3D Art/Materials/CANDLE_FLAME.mat","Assets/BornToDig/PrefabGallery/GalleryMaterials/CANDLE_FLAME_c4d549c9_Transparent.mat","CANDLE_FLAME","Universal Render Pipeline/2D/Mesh2D-Lit-Default","Universal Render Pipeline/Lit"
"gallery_copy_applied","urp_2d_shader_on_3d_renderer","Assets/Daniel Mistage/STYLIZED Low Poly Fantasy Bundle/STYLIZED Fantasy Interior Pack - Low Poly 3D Art/Prefabs/Lightning/Candles/Candle_Flame/SFI_Candle_002 1.prefab","Assets/Daniel Mistage/STYLIZED Low Poly Fantasy Bundle/STYLIZED Fantasy Interior Pack - Low Poly 3D Art/Materials/CANDLE_FLAME.mat","Assets/BornToDig/PrefabGallery/GalleryMaterials/CANDLE_FLAME_c4d549c9_Transparent.mat","CANDLE_FLAME","Universal Render Pipeline/2D/Mesh2D-Lit-Default","Universal Render Pipeline/Lit"
"gallery_copy_applied","urp_2d_shader_on_3d_renderer","Assets/Daniel Mistage/STYLIZED Low Poly Fantasy Bundle/STYLIZED Fantasy Interior Pack - Low Poly 3D Art/Prefabs/Lightning/Candles/Candle_Flame/SFI_Candle_003 1.prefab","Assets/Daniel Mistage/STYLIZED Low Poly Fantasy Bundle/STYLIZED Fantasy Interior Pack - Low Poly 3D Art/Materials/CANDLE_FLAME.mat","Assets/BornToDig/PrefabGallery/GalleryMaterials/CANDLE_FLAME_c4d549c9_Transparent.mat","CANDLE_FLAME","Universal Render Pipeline/2D/Mesh2D-Lit-Default","Universal Render Pipeline/Lit"
"gallery_copy_applied","urp_2d_shader_on_3d_renderer","Assets/Daniel Mistage/STYLIZED Low Poly Fantasy Bundle/STYLIZED Fantasy Interior Pack - Low Poly 3D Art/Prefabs/Lightning/Candles/Candle_Flame/SFI_Candle_004 1.prefab","Assets/Daniel Mistage/STYLIZED Low Poly Fantasy Bundle/STYLIZED Fantasy Interior Pack - Low Poly 3D Art/Materials/CANDLE_FLAME.mat","Assets/BornToDig/PrefabGallery/GalleryMaterials/CANDLE_FLAME_c4d549c9_Transparent.mat","CANDLE_FLAME","Universal Render Pipeline/2D/Mesh2D-Lit-Default","Universal Render Pipeline/Lit"
"gallery_copy_applied","urp_2d_shader_on_3d_renderer","Assets/Daniel Mistage/STYLIZED Low Poly Fantasy Bundle/STYLIZED Fantasy Interior Pack - Low Poly 3D Art/Prefabs/Lightning/Candles/Candle_Flame/SFI_Candle_005 1 (1).prefab","Assets/Daniel Mistage/STYLIZED Low Poly Fantasy Bundle/STYLIZED Fantasy Interior Pack - Low Poly 3D Art/Materials/CANDLE_FLAME.mat","Assets/BornToDig/PrefabGallery/GalleryMaterials/CANDLE_FLAME_c4d549c9_Transparent.mat","CANDLE_FLAME","Universal Render Pipeline/2D/Mesh2D-Lit-Default","Universal Render Pipeline/Lit"
"gallery_copy_applied","urp_2d_shader_on_3d_renderer","Assets/Daniel Mistage/STYLIZED Low Poly Fantasy Bundle/STYLIZED Fantasy Interior Pack - Low Poly 3D Art/Prefabs/Lightning/Candles/Candle_Flame/SFI_Candle_005 1 (1).prefab","Assets/Daniel Mistage/STYLIZED Low Poly Fantasy Bundle/STYLIZED Fantasy Interior Pack - Low Poly 3D Art/Materials/CANDLE_FLAME.mat","Assets/BornToDig/PrefabGallery/GalleryMaterials/CANDLE_FLAME_c4d549c9_Transparent.mat","CANDLE_FLAME","Universal Render Pipeline/2D/Mesh2D-Lit-Default","Universal Render Pipeline/Lit"
"gallery_copy_applied","urp_2d_shader_on_3d_renderer","Assets/Daniel Mistage/STYLIZED Low Poly Fantasy Bundle/STYLIZED Fantasy Interior Pack - Low Poly 3D Art/Prefabs/Lightning/Candles/Candle_Flame/SFI_Candle_005 1 (2).prefab","Assets/Daniel Mistage/STYLIZED Low Poly Fantasy Bundle/STYLIZED Fantasy Interior Pack - Low Poly 3D Art/Materials/CANDLE_FLAME.mat","Assets/BornToDig/PrefabGallery/GalleryMaterials/CANDLE_FLAME_c4d549c9_Transparent.mat","CANDLE_FLAME","Universal Render Pipeline/2D/Mesh2D-Lit-Default","Universal Render Pipeline/Lit"
"gallery_copy_applied","urp_2d_shader_on_3d_renderer","Assets/Daniel Mistage/STYLIZED Low Poly Fantasy Bundle/STYLIZED Fantasy Interior Pack - Low Poly 3D Art/Prefabs/Lightning/Candles/Candle_Flame/SFI_Candle_005 1 (2).prefab","Assets/Daniel Mistage/STYLIZED Low Poly Fantasy Bundle/STYLIZED Fantasy Interior Pack - Low Poly 3D Art/Materials/CANDLE_FLAME.mat","Assets/BornToDig/PrefabGallery/GalleryMaterials/CANDLE_FLAME_c4d549c9_Transparent.mat","CANDLE_FLAME","Universal Render Pipeline/2D/Mesh2D-Lit-Default","Universal Render Pipeline/Lit"
"gallery_copy_applied","urp_2d_shader_on_3d_renderer","Assets/Daniel Mistage/STYLIZED Low Poly Fantasy Bundle/STYLIZED Fantasy Interior Pack - Low Poly 3D Art/Prefabs/Lightning/Candles/Candle_Flame/SFI_Candle_005 1 1.prefab","Assets/Daniel Mistage/STYLIZED Low Poly Fantasy Bundle/STYLIZED Fantasy Interior Pack - Low Poly 3D Art/Materials/CANDLE_FLAME.mat","Assets/BornToDig/PrefabGallery/GalleryMaterials/CANDLE_FLAME_c4d549c9_Transparent.mat","CANDLE_FLAME","Universal Render Pipeline/2D/Mesh2D-Lit-Default","Universal Render Pipeline/Lit"
"gallery_copy_applied","urp_2d_shader_on_3d_renderer","Assets/Daniel Mistage/STYLIZED Low Poly Fantasy Bundle/STYLIZED Fantasy Interior Pack - Low Poly 3D Art/Prefabs/Lightning/Candles/Candle_Flame/SFI_Candle_005 1 1.prefab","Assets/Daniel Mistage/STYLIZED Low Poly Fantasy Bundle/STYLIZED Fantasy Interior Pack - Low Poly 3D Art/Materials/CANDLE_FLAME.mat","Assets/BornToDig/PrefabGallery/GalleryMaterials/CANDLE_FLAME_c4d549c9_Transparent.mat","CANDLE_FLAME","Universal Render Pipeline/2D/Mesh2D-Lit-Default","Universal Render Pipeline/Lit"
"gallery_copy_applied","urp_2d_shader_on_3d_renderer","Assets/Daniel Mistage/STYLIZED Low Poly Fantasy Bundle/STYLIZED Fantasy Interior Pack - Low Poly 3D Art/Prefabs/Lightning/Candles/Candle_Flame/SFI_Candle_005 1 1.prefab","Assets/Daniel Mistage/STYLIZED Low Poly Fantasy Bundle/STYLIZED Fantasy Interior Pack - Low Poly 3D Art/Materials/CANDLE_FLAME.mat","Assets/BornToDig/PrefabGallery/GalleryMaterials/CANDLE_FLAME_c4d549c9_Transparent.mat","CANDLE_FLAME","Universal Render Pipeline/2D/Mesh2D-Lit-Default","Universal Render Pipeline/Lit"
"gallery_copy_applied","urp_2d_shader_on_3d_renderer","Assets/Daniel Mistage/STYLIZED Low Poly Fantasy Bundle/STYLIZED Fantasy Interior Pack - Low Poly 3D Art/Prefabs/Lightning/Candles/Candle_Flame/SFI_Candle_005 1.prefab","Assets/Daniel Mistage/STYLIZED Low Poly Fantasy Bundle/STYLIZED Fantasy Interior Pack - Low Poly 3D Art/Materials/CANDLE_FLAME.mat","Assets/BornToDig/PrefabGallery/GalleryMaterials/CANDLE_FLAME_c4d549c9_Transparent.mat","CANDLE_FLAME","Universal Render Pipeline/2D/Mesh2D-Lit-Default","Universal Render Pipeline/Lit"
"gallery_copy_applied","urp_2d_shader_on_3d_renderer","Assets/Daniel Mistage/STYLIZED Low Poly Fantasy Bundle/STYLIZED Fantasy Interior Pack - Low Poly 3D Art/Prefabs/Lightning/Candles/Candle_Flame/SFI_Candle_006 1.prefab","Assets/Daniel Mistage/STYLIZED Low Poly Fantasy Bundle/STYLIZED Fantasy Interior Pack - Low Poly 3D Art/Materials/CANDLE_FLAME.mat","Assets/BornToDig/PrefabGallery/GalleryMaterials/CANDLE_FLAME_c4d549c9_Transparent.mat","CANDLE_FLAME","Universal Render Pipeline/2D/Mesh2D-Lit-Default","Universal Render Pipeline/Lit"
"gallery_copy_applied","urp_2d_shader_on_3d_renderer","Assets/Daniel Mistage/STYLIZED Low Poly Fantasy Bundle/STYLIZED Fantasy Interior Pack - Low Poly 3D Art/Prefabs/Lightning/Chandeliers/Chandelier_Flame/SFI_Chandelier_001 2.prefab","Assets/Daniel Mistage/STYLIZED Low Poly Fantasy Bundle/STYLIZED Fantasy Interior Pack - Low Poly 3D Art/Materials/CANDLE_FLAME.mat","Assets/BornToDig/PrefabGallery/GalleryMaterials/CANDLE_FLAME_c4d549c9_Transparent.mat","CANDLE_FLAME","Universal Render Pipeline/2D/Mesh2D-Lit-Default","Universal Render Pipeline/Lit"
"gallery_copy_applied","urp_2d_shader_on_3d_renderer","Assets/Daniel Mistage/STYLIZED Low Poly Fantasy Bundle/STYLIZED Fantasy Interior Pack - Low Poly 3D Art/Prefabs/Lightning/Chandeliers/Chandelier_Flame/SFI_Chandelier_001 2.prefab","Assets/Daniel Mistage/STYLIZED Low Poly Fantasy Bundle/STYLIZED Fantasy Interior Pack - Low Poly 3D Art/Materials/CANDLE_FLAME.mat","Assets/BornToDig/PrefabGallery/GalleryMaterials/CANDLE_FLAME_c4d549c9_Transparent.mat","CANDLE_FLAME","Universal Render Pipeline/2D/Mesh2D-Lit-Default","Universal Render Pipeline/Lit"
"gallery_copy_applied","urp_2d_shader_on_3d_renderer","Assets/Daniel Mistage/STYLIZED Low Poly Fantasy Bundle/STYLIZED Fantasy Interior Pack - Low Poly 3D Art/Prefabs/Lightning/Chandeliers/Chandelier_Flame/SFI_Chandelier_001 2.prefab","Assets/Daniel Mistage/STYLIZED Low Poly Fantasy Bundle/STYLIZED Fantasy Interior Pack - Low Poly 3D Art/Materials/CANDLE_FLAME.mat","Assets/BornToDig/PrefabGallery/GalleryMaterials/CANDLE_FLAME_c4d549c9_Transparent.mat","CANDLE_FLAME","Universal Render Pipeline/2D/Mesh2D-Lit-Default","Universal Render Pipeline/Lit"
"gallery_copy_applied","urp_2d_shader_on_3d_renderer","Assets/Daniel Mistage/STYLIZED Low Poly Fantasy Bundle/STYLIZED Fantasy Interior Pack - Low Poly 3D Art/Prefabs/Lightning/Chandeliers/Chandelier_Flame/SFI_Chandelier_001 2.prefab","Assets/Daniel Mistage/STYLIZED Low Poly Fantasy Bundle/STYLIZED Fantasy Interior Pack - Low Poly 3D Art/Materials/CANDLE_FLAME.mat","Assets/BornToDig/PrefabGallery/GalleryMaterials/CANDLE_FLAME_c4d549c9_Transparent.mat","CANDLE_FLAME","Universal Render Pipeline/2D/Mesh2D-Lit-Default","Universal Render Pipeline/Lit"
"gallery_copy_applied","urp_2d_shader_on_3d_renderer","Assets/Daniel Mistage/STYLIZED Low Poly Fantasy Bundle/STYLIZED Fantasy Interior Pack - Low Poly 3D Art/Prefabs/Lightning/Chandeliers/Chandelier_Flame/SFI_Chandelier_001 2.prefab","Assets/Daniel Mistage/STYLIZED Low Poly Fantasy Bundle/STYLIZED Fantasy Interior Pack - Low Poly 3D Art/Materials/CANDLE_FLAME.mat","Assets/BornToDig/PrefabGallery/GalleryMaterials/CANDLE_FLAME_c4d549c9_Transparent.mat","CANDLE_FLAME","Universal Render Pipeline/2D/Mesh2D-Lit-Default","Universal Render Pipeline/Lit"
"gallery_copy_applied","urp_2d_shader_on_3d_renderer","Assets/Daniel Mistage/STYLIZED Low Poly Fantasy Bundle/STYLIZED Fantasy Interior Pack - Low Poly 3D Art/Prefabs/Lightning/Chandeliers/Chandelier_Flame/SFI_Chandelier_001 2.prefab","Assets/Daniel Mistage/STYLIZED Low Poly Fantasy Bundle/STYLIZED Fantasy Interior Pack - Low Poly 3D Art/Materials/CANDLE_FLAME.mat","Assets/BornToDig/PrefabGallery/GalleryMaterials/CANDLE_FLAME_c4d549c9_Transparent.mat","CANDLE_FLAME","Universal Render Pipeline/2D/Mesh2D-Lit-Default","Universal Render Pipeline/Lit"
"gallery_copy_applied","urp_2d_shader_on_3d_renderer","Assets/Daniel Mistage/STYLIZED Low Poly Fantasy Bundle/STYLIZED Fantasy Interior Pack - Low Poly 3D Art/Prefabs/Lightning/Chandeliers/Chandelier_Flame/SFI_Chandelier_001 2.prefab","Assets/Daniel Mistage/STYLIZED Low Poly Fantasy Bundle/STYLIZED Fantasy Interior Pack - Low Poly 3D Art/Materials/CANDLE_FLAME.mat","Assets/BornToDig/PrefabGallery/GalleryMaterials/CANDLE_FLAME_c4d549c9_Transparent.mat","CANDLE_FLAME","Universal Render Pipeline/2D/Mesh2D-Lit-Default","Universal Render Pipeline/Lit"
"gallery_copy_applied","urp_2d_shader_on_3d_renderer","Assets/Daniel Mistage/STYLIZED Low Poly Fantasy Bundle/STYLIZED Fantasy Interior Pack - Low Poly 3D Art/Prefabs/Lightning/Chandeliers/Chandelier_Flame/SFI_Chandelier_001 2.prefab","Assets/Daniel Mistage/STYLIZED Low Poly Fantasy Bundle/STYLIZED Fantasy Interior Pack - Low Poly 3D Art/Materials/CANDLE_FLAME.mat","Assets/BornToDig/PrefabGallery/GalleryMaterials/CANDLE_FLAME_c4d549c9_Transparent.mat","CANDLE_FLAME","Universal Render Pipeline/2D/Mesh2D-Lit-Default","Universal Render Pipeline/Lit"
"gallery_copy_applied","urp_2d_shader_on_3d_renderer","Assets/Daniel Mistage/STYLIZED Low Poly Fantasy Bundle/STYLIZED Fantasy Interior Pack - Low Poly 3D Art/Prefabs/Lightning/Chandeliers/Chandelier_Flame/SFI_Chandelier_003.prefab","Assets/Daniel Mistage/STYLIZED Low Poly Fantasy Bundle/STYLIZED Fantasy Interior Pack - Low Poly 3D Art/Materials/CANDLE_FLAME.mat","Assets/BornToDig/PrefabGallery/GalleryMaterials/CANDLE_FLAME_c4d549c9_Transparent.mat","CANDLE_FLAME","Universal Render Pipeline/2D/Mesh2D-Lit-Default","Universal Render Pipeline/Lit"
"gallery_copy_applied","urp_2d_shader_on_3d_renderer","Assets/Daniel Mistage/STYLIZED Low Poly Fantasy Bundle/STYLIZED Fantasy Interior Pack - Low Poly 3D Art/Prefabs/Lightning/Chandeliers/Chandelier_Flame/SFI_Chandelier_004.prefab","Assets/Daniel Mistage/STYLIZED Low Poly Fantasy Bundle/STYLIZED Fantasy Interior Pack - Low Poly 3D Art/Materials/CANDLE_FLAME.mat","Assets/BornToDig/PrefabGallery/GalleryMaterials/CANDLE_FLAME_c4d549c9_Transparent.mat","CANDLE_FLAME","Universal Render Pipeline/2D/Mesh2D-Lit-Default","Universal Render Pipeline/Lit"
"gallery_copy_applied","urp_2d_shader_on_3d_renderer","Assets/Daniel Mistage/STYLIZED Low Poly Fantasy Bundle/STYLIZED Fantasy Interior Pack - Low Poly 3D Art/Prefabs/Lightning/Chandeliers/Chandelier_Flame/SFI_Chandelier_005.prefab","Assets/Daniel Mistage/STYLIZED Low Poly Fantasy Bundle/STYLIZED Fantasy Interior Pack - Low Poly 3D Art/Materials/CANDLE_FLAME.mat","Assets/BornToDig/PrefabGallery/GalleryMaterials/CANDLE_FLAME_c4d549c9_Transparent.mat","CANDLE_FLAME","Universal Render Pipeline/2D/Mesh2D-Lit-Default","Universal Render Pipeline/Lit"
"gallery_copy_applied","urp_2d_shader_on_3d_renderer","Assets/Daniel Mistage/STYLIZED Low Poly Fantasy Bundle/STYLIZED Fantasy Interior Pack - Low Poly 3D Art/Prefabs/Lightning/Chandeliers/Chandelier_Flame/SFI_Chandelier_005.prefab","Assets/Daniel Mistage/STYLIZED Low Poly Fantasy Bundle/STYLIZED Fantasy Interior Pack - Low Poly 3D Art/Materials/CANDLE_FLAME.mat","Assets/BornToDig/PrefabGallery/GalleryMaterials/CANDLE_FLAME_c4d549c9_Transparent.mat","CANDLE_FLAME","Universal Render Pipeline/2D/Mesh2D-Lit-Default","Universal Render Pipeline/Lit"
"gallery_copy_applied","urp_2d_shader_on_3d_renderer","Assets/Daniel Mistage/STYLIZED Low Poly Fantasy Bundle/STYLIZED Fantasy Interior Pack - Low Poly 3D Art/Prefabs/Lightning/Chandeliers/Chandelier_Flame/SFI_Chandelier_005.prefab","Assets/Daniel Mistage/STYLIZED Low Poly Fantasy Bundle/STYLIZED Fantasy Interior Pack - Low Poly 3D Art/Materials/CANDLE_FLAME.mat","Assets/BornToDig/PrefabGallery/GalleryMaterials/CANDLE_FLAME_c4d549c9_Transparent.mat","CANDLE_FLAME","Universal Render Pipeline/2D/Mesh2D-Lit-Default","Universal Render Pipeline/Lit"
"gallery_copy_applied","urp_2d_shader_on_3d_renderer","Assets/Daniel Mistage/STYLIZED Low Poly Fantasy Bundle/STYLIZED Fantasy Interior Pack - Low Poly 3D Art/Prefabs/Lightning/Chandeliers/Chandelier_Flame/SFI_Chandelier_006.prefab","Assets/Daniel Mistage/STYLIZED Low Poly Fantasy Bundle/STYLIZED Fantasy Interior Pack - Low Poly 3D Art/Materials/CANDLE_FLAME.mat","Assets/BornToDig/PrefabGallery/GalleryMaterials/CANDLE_FLAME_c4d549c9_Transparent.mat","CANDLE_FLAME","Universal Render Pipeline/2D/Mesh2D-Lit-Default","Universal Render Pipeline/Lit"
"gallery_copy_applied","urp_2d_shader_on_3d_renderer","Assets/Daniel Mistage/STYLIZED Low Poly Fantasy Bundle/STYLIZED Fantasy Interior Pack - Low Poly 3D Art/Prefabs/Lightning/Chandeliers/Chandelier_Flame/SFI_Chandelier_007.prefab","Assets/Daniel Mistage/STYLIZED Low Poly Fantasy Bundle/STYLIZED Fantasy Interior Pack - Low Poly 3D Art/Materials/CANDLE_FLAME.mat","Assets/BornToDig/PrefabGallery/GalleryMaterials/CANDLE_FLAME_c4d549c9_Transparent.mat","CANDLE_FLAME","Universal Render Pipeline/2D/Mesh2D-Lit-Default","Universal Render Pipeline/Lit"
"gallery_copy_applied","urp_2d_shader_on_3d_renderer","Assets/Daniel Mistage/STYLIZED Low Poly Fantasy Bundle/STYLIZED Fantasy Interior Pack - Low Poly 3D Art/Prefabs/Lightning/Chandeliers/Chandelier_Flame/SFI_Chandelier_008.prefab","Assets/Daniel Mistage/STYLIZED Low Poly Fantasy Bundle/STYLIZED Fantasy Interior Pack - Low Poly 3D Art/Materials/CANDLE_FLAME.mat","Assets/BornToDig/PrefabGallery/GalleryMaterials/CANDLE_FLAME_c4d549c9_Transparent.mat","CANDLE_FLAME","Universal Render Pipeline/2D/Mesh2D-Lit-Default","Universal Render Pipeline/Lit"
"gallery_copy_applied","urp_2d_shader_on_3d_renderer","Assets/Daniel Mistage/STYLIZED Low Poly Fantasy Bundle/STYLIZED Fantasy Interior Pack - Low Poly 3D Art/Prefabs/Lightning/Chandeliers/Chandelier_Flame/SFI_Chandelier_009.prefab","Assets/Daniel Mistage/STYLIZED Low Poly Fantasy Bundle/STYLIZED Fantasy Interior Pack - Low Poly 3D Art/Materials/CANDLE_FLAME.mat","Assets/BornToDig/PrefabGallery/GalleryMaterials/CANDLE_FLAME_c4d549c9_Transparent.mat","CANDLE_FLAME","Universal Render Pipeline/2D/Mesh2D-Lit-Default","Universal Render Pipeline/Lit"
"gallery_copy_applied","urp_2d_shader_on_3d_renderer","Assets/Daniel Mistage/STYLIZED Low Poly Fantasy Bundle/STYLIZED Fantasy Interior Pack - Low Poly 3D Art/Prefabs/Lightning/Chandeliers/Chandelier_Flame/SFI_Chandelier_009.prefab","Assets/Daniel Mistage/STYLIZED Low Poly Fantasy Bundle/STYLIZED Fantasy Interior Pack - Low Poly 3D Art/Materials/CANDLE_FLAME.mat","Assets/BornToDig/PrefabGallery/GalleryMaterials/CANDLE_FLAME_c4d549c9_Transparent.mat","CANDLE_FLAME","Universal Render Pipeline/2D/Mesh2D-Lit-Default","Universal Render Pipeline/Lit"
"gallery_copy_applied","urp_2d_shader_on_3d_renderer","Assets/Daniel Mistage/STYLIZED Low Poly Fantasy Bundle/STYLIZED Fantasy Interior Pack - Low Poly 3D Art/Prefabs/Lightning/Chandeliers/Chandelier_Flame/SFI_Chandelier_009.prefab","Assets/Daniel Mistage/STYLIZED Low Poly Fantasy Bundle/STYLIZED Fantasy Interior Pack - Low Poly 3D Art/Materials/CANDLE_FLAME.mat","Assets/BornToDig/PrefabGallery/GalleryMaterials/CANDLE_FLAME_c4d549c9_Transparent.mat","CANDLE_FLAME","Universal Render Pipeline/2D/Mesh2D-Lit-Default","Universal Render Pipeline/Lit"
"gallery_copy_applied","urp_2d_shader_on_3d_renderer","Assets/Daniel Mistage/STYLIZED Low Poly Fantasy Bundle/STYLIZED Fantasy Interior Pack - Low Poly 3D Art/Prefabs/Lightning/Chandeliers/Chandelier_Flame/SFI_Chandelier_009.prefab","Assets/Daniel Mistage/STYLIZED Low Poly Fantasy Bundle/STYLIZED Fantasy Interior Pack - Low Poly 3D Art/Materials/CANDLE_FLAME.mat","Assets/BornToDig/PrefabGallery/GalleryMaterials/CANDLE_FLAME_c4d549c9_Transparent.mat","CANDLE_FLAME","Universal Render Pipeline/2D/Mesh2D-Lit-Default","Universal Render Pipeline/Lit"
"gallery_copy_applied","urp_2d_shader_on_3d_renderer","Assets/Daniel Mistage/STYLIZED Low Poly Fantasy Bundle/STYLIZED Fantasy Interior Pack - Low Poly 3D Art/Prefabs/Lightning/Chandeliers/Chandelier_Flame/SFI_Chandelier_010.prefab","Assets/Daniel Mistage/STYLIZED Low Poly Fantasy Bundle/STYLIZED Fantasy Interior Pack - Low Poly 3D Art/Materials/CANDLE_FLAME.mat","Assets/BornToDig/PrefabGallery/GalleryMaterials/CANDLE_FLAME_c4d549c9_Transparent.mat","CANDLE_FLAME","Universal Render Pipeline/2D/Mesh2D-Lit-Default","Universal Render Pipeline/Lit"
"gallery_copy_applied","urp_2d_shader_on_3d_renderer","Assets/Daniel Mistage/STYLIZED Low Poly Fantasy Bundle/STYLIZED Fantasy Interior Pack - Low Poly 3D Art/Prefabs/Lightning/Chandeliers/Chandelier_Flame/SFI_Chandelier_012.prefab","Assets/Daniel Mistage/STYLIZED Low Poly Fantasy Bundle/STYLIZED Fantasy Interior Pack - Low Poly 3D Art/Materials/CANDLE_FLAME.mat","Assets/BornToDig/PrefabGallery/GalleryMaterials/CANDLE_FLAME_c4d549c9_Transparent.mat","CANDLE_FLAME","Universal Render Pipeline/2D/Mesh2D-Lit-Default","Universal Render Pipeline/Lit"
"gallery_copy_applied","urp_2d_shader_on_3d_renderer","Assets/Daniel Mistage/STYLIZED Low Poly Fantasy Bundle/STYLIZED Fantasy Interior Pack - Low Poly 3D Art/Prefabs/Lightning/Chandeliers/Chandelier_Flame/SFI_Chandelier_012.prefab","Assets/Daniel Mistage/STYLIZED Low Poly Fantasy Bundle/STYLIZED Fantasy Interior Pack - Low Poly 3D Art/Materials/CANDLE_FLAME.mat","Assets/BornToDig/PrefabGallery/GalleryMaterials/CANDLE_FLAME_c4d549c9_Transparent.mat","CANDLE_FLAME","Universal Render Pipeline/2D/Mesh2D-Lit-Default","Universal Render Pipeline/Lit"
"gallery_copy_applied","urp_2d_shader_on_3d_renderer","Assets/Daniel Mistage/STYLIZED Low Poly Fantasy Bundle/STYLIZED Fantasy Interior Pack - Low Poly 3D Art/Prefabs/Lightning/Chandeliers/Chandelier_Flame/SFI_Chandelier_012.prefab","Assets/Daniel Mistage/STYLIZED Low Poly Fantasy Bundle/STYLIZED Fantasy Interior Pack - Low Poly 3D Art/Materials/CANDLE_FLAME.mat","Assets/BornToDig/PrefabGallery/GalleryMaterials/CANDLE_FLAME_c4d549c9_Transparent.mat","CANDLE_FLAME","Universal Render Pipeline/2D/Mesh2D-Lit-Default","Universal Render Pipeline/Lit"
"gallery_copy_applied","urp_2d_shader_on_3d_renderer","Assets/Daniel Mistage/STYLIZED Low Poly Fantasy Bundle/STYLIZED Fantasy Interior Pack - Low Poly 3D Art/Prefabs/Lightning/Chandeliers/Chandelier_Flame/SFI_Chandelier_012.prefab","Assets/Daniel Mistage/STYLIZED Low Poly Fantasy Bundle/STYLIZED Fantasy Interior Pack - Low Poly 3D Art/Materials/CANDLE_FLAME.mat","Assets/BornToDig/PrefabGallery/GalleryMaterials/CANDLE_FLAME_c4d549c9_Transparent.mat","CANDLE_FLAME","Universal Render Pipeline/2D/Mesh2D-Lit-Default","Universal Render Pipeline/Lit"
"gallery_copy_applied","urp_2d_shader_on_3d_renderer","Assets/Daniel Mistage/STYLIZED Low Poly Fantasy Bundle/STYLIZED Fantasy Interior Pack - Low Poly 3D Art/Prefabs/Lightning/Chandeliers/Chandelier_Flame/SFI_Chandelier_012.prefab","Assets/Daniel Mistage/STYLIZED Low Poly Fantasy Bundle/STYLIZED Fantasy Interior Pack - Low Poly 3D Art/Materials/CANDLE_FLAME.mat","Assets/BornToDig/PrefabGallery/GalleryMaterials/CANDLE_FLAME_c4d549c9_Transparent.mat","CANDLE_FLAME","Universal Render Pipeline/2D/Mesh2D-Lit-Default","Universal Render Pipeline/Lit"
"gallery_copy_applied","urp_2d_shader_on_3d_renderer","Assets/Daniel Mistage/STYLIZED Low Poly Fantasy Bundle/STYLIZED Fantasy Interior Pack - Low Poly 3D Art/Prefabs/Lightning/Chandeliers/Chandelier_Flame/SFI_Chandelier_012.prefab","Assets/Daniel Mistage/STYLIZED Low Poly Fantasy Bundle/STYLIZED Fantasy Interior Pack - Low Poly 3D Art/Materials/CANDLE_FLAME.mat","Assets/BornToDig/PrefabGallery/GalleryMaterials/CANDLE_FLAME_c4d549c9_Transparent.mat","CANDLE_FLAME","Universal Render Pipeline/2D/Mesh2D-Lit-Default","Universal Render Pipeline/Lit"
"gallery_copy_applied","urp_2d_shader_on_3d_renderer","Assets/Daniel Mistage/STYLIZED Low Poly Fantasy Bundle/STYLIZED Fantasy Interior Pack - Low Poly 3D Art/Prefabs/Lightning/Chandeliers/Chandelier_Flame/SFI_Chandelier_014.prefab","Assets/Daniel Mistage/STYLIZED Low Poly Fantasy Bundle/STYLIZED Fantasy Interior Pack - Low Poly 3D Art/Materials/CANDLE_FLAME.mat","Assets/BornToDig/PrefabGallery/GalleryMaterials/CANDLE_FLAME_c4d549c9_Transparent.mat","CANDLE_FLAME","Universal Render Pipeline/2D/Mesh2D-Lit-Default","Universal Render Pipeline/Lit"
"gallery_copy_applied","urp_2d_shader_on_3d_renderer","Assets/Daniel Mistage/STYLIZED Low Poly Fantasy Bundle/STYLIZED Fantasy Interior Pack - Low Poly 3D Art/Prefabs/Lightning/Chandeliers/Chandelier_Flame/SFI_Chandelier_014.prefab","Assets/Daniel Mistage/STYLIZED Low Poly Fantasy Bundle/STYLIZED Fantasy Interior Pack - Low Poly 3D Art/Materials/CANDLE_FLAME.mat","Assets/BornToDig/PrefabGallery/GalleryMaterials/CANDLE_FLAME_c4d549c9_Transparent.mat","CANDLE_FLAME","Universal Render Pipeline/2D/Mesh2D-Lit-Default","Universal Render Pipeline/Lit"
"gallery_copy_applied","urp_2d_shader_on_3d_renderer","Assets/Daniel Mistage/STYLIZED Low Poly Fantasy Bundle/STYLIZED Fantasy Interior Pack - Low Poly 3D Art/Prefabs/Lightning/Chandeliers/Chandelier_Flame/SFI_Chandelier_014.prefab","Assets/Daniel Mistage/STYLIZED Low Poly Fantasy Bundle/STYLIZED Fantasy Interior Pack - Low Poly 3D Art/Materials/CANDLE_FLAME.mat","Assets/BornToDig/PrefabGallery/GalleryMaterials/CANDLE_FLAME_c4d549c9_Transparent.mat","CANDLE_FLAME","Universal Render Pipeline/2D/Mesh2D-Lit-Default","Universal Render Pipeline/Lit"
"gallery_copy_applied","urp_2d_shader_on_3d_renderer","Assets/Daniel Mistage/STYLIZED Low Poly Fantasy Bundle/STYLIZED Fantasy Interior Pack - Low Poly 3D Art/Prefabs/Lightning/Chandeliers/Chandelier_Flame/SFI_Chandelier_014.prefab","Assets/Daniel Mistage/STYLIZED Low Poly Fantasy Bundle/STYLIZED Fantasy Interior Pack - Low Poly 3D Art/Materials/CANDLE_FLAME.mat","Assets/BornToDig/PrefabGallery/GalleryMaterials/CANDLE_FLAME_c4d549c9_Transparent.mat","CANDLE_FLAME","Universal Render Pipeline/2D/Mesh2D-Lit-Default","Universal Render Pipeline/Lit"
"gallery_copy_applied","urp_2d_shader_on_3d_renderer","Assets/Daniel Mistage/STYLIZED Low Poly Fantasy Bundle/STYLIZED Fantasy Interior Pack - Low Poly 3D Art/Prefabs/Lightning/Chandeliers/Chandelier_Flame/SFI_Chandelier_014.prefab","Assets/Daniel Mistage/STYLIZED Low Poly Fantasy Bundle/STYLIZED Fantasy Interior Pack - Low Poly 3D Art/Materials/CANDLE_FLAME.mat","Assets/BornToDig/PrefabGallery/GalleryMaterials/CANDLE_FLAME_c4d549c9_Transparent.mat","CANDLE_FLAME","Universal Render Pipeline/2D/Mesh2D-Lit-Default","Universal Render Pipeline/Lit"
"gallery_copy_applied","urp_2d_shader_on_3d_renderer","Assets/Daniel Mistage/STYLIZED Low Poly Fantasy Bundle/STYLIZED Fantasy Interior Pack - Low Poly 3D Art/Prefabs/Lightning/Chandeliers/Chandelier_Flame/SFI_Chandelier_014.prefab","Assets/Daniel Mistage/STYLIZED Low Poly Fantasy Bundle/STYLIZED Fantasy Interior Pack - Low Poly 3D Art/Materials/CANDLE_FLAME.mat","Assets/BornToDig/PrefabGallery/GalleryMaterials/CANDLE_FLAME_c4d549c9_Transparent.mat","CANDLE_FLAME","Universal Render Pipeline/2D/Mesh2D-Lit-Default","Universal Render Pipeline/Lit"
"gallery_copy_applied","urp_2d_shader_on_3d_renderer","Assets/Daniel Mistage/STYLIZED Low Poly Fantasy Bundle/STYLIZED Fantasy Interior Pack - Low Poly 3D Art/Prefabs/Lightning/Chandeliers/Chandelier_Flame/SFI_Chandelier_015.prefab","Assets/Daniel Mistage/STYLIZED Low Poly Fantasy Bundle/STYLIZED Fantasy Interior Pack - Low Poly 3D Art/Materials/CANDLE_FLAME.mat","Assets/BornToDig/PrefabGallery/GalleryMaterials/CANDLE_FLAME_c4d549c9_Transparent.mat","CANDLE_FLAME","Universal Render Pipeline/2D/Mesh2D-Lit-Default","Universal Render Pipeline/Lit"
"gallery_copy_applied","urp_2d_shader_on_3d_renderer","Assets/Daniel Mistage/STYLIZED Low Poly Fantasy Bundle/STYLIZED Fantasy Interior Pack - Low Poly 3D Art/Prefabs/Lightning/Chandeliers/Chandelier_Flame/SFI_Chandelier_016.prefab","Assets/Daniel Mistage/STYLIZED Low Poly Fantasy Bundle/STYLIZED Fantasy Interior Pack - Low Poly 3D Art/Materials/CANDLE_FLAME.mat","Assets/BornToDig/PrefabGallery/GalleryMaterials/CANDLE_FLAME_c4d549c9_Transparent.mat","CANDLE_FLAME","Universal Render Pipeline/2D/Mesh2D-Lit-Default","Universal Render Pipeline/Lit"
"gallery_copy_applied","urp_2d_shader_on_3d_renderer","Assets/Daniel Mistage/STYLIZED Low Poly Fantasy Bundle/STYLIZED Fantasy Interior Pack - Low Poly 3D Art/Prefabs/Lightning/Chandeliers/Chandelier_Flame/SFI_Chandelier_017 2.prefab","Assets/Daniel Mistage/STYLIZED Low Poly Fantasy Bundle/STYLIZED Fantasy Interior Pack - Low Poly 3D Art/Materials/CANDLE_FLAME.mat","Assets/BornToDig/PrefabGallery/GalleryMaterials/CANDLE_FLAME_c4d549c9_Transparent.mat","CANDLE_FLAME","Universal Render Pipeline/2D/Mesh2D-Lit-Default","Universal Render Pipeline/Lit"
"gallery_copy_applied","urp_2d_shader_on_3d_renderer","Assets/Daniel Mistage/STYLIZED Low Poly Fantasy Bundle/STYLIZED Fantasy Interior Pack - Low Poly 3D Art/Prefabs/Lightning/Chandeliers/Chandelier_Flame/SFI_Chandelier_017 2.prefab","Assets/Daniel Mistage/STYLIZED Low Poly Fantasy Bundle/STYLIZED Fantasy Interior Pack - Low Poly 3D Art/Materials/CANDLE_FLAME.mat","Assets/BornToDig/PrefabGallery/GalleryMaterials/CANDLE_FLAME_c4d549c9_Transparent.mat","CANDLE_FLAME","Universal Render Pipeline/2D/Mesh2D-Lit-Default","Universal Render Pipeline/Lit"
"gallery_copy_applied","urp_2d_shader_on_3d_renderer","Assets/Daniel Mistage/STYLIZED Low Poly Fantasy Bundle/STYLIZED Fantasy Interior Pack - Low Poly 3D Art/Prefabs/Lightning/Chandeliers/Chandelier_Flame/SFI_Chandelier_017 2.prefab","Assets/Daniel Mistage/STYLIZED Low Poly Fantasy Bundle/STYLIZED Fantasy Interior Pack - Low Poly 3D Art/Materials/CANDLE_FLAME.mat","Assets/BornToDig/PrefabGallery/GalleryMaterials/CANDLE_FLAME_c4d549c9_Transparent.mat","CANDLE_FLAME","Universal Render Pipeline/2D/Mesh2D-Lit-Default","Universal Render Pipeline/Lit"
"gallery_copy_applied","urp_2d_shader_on_3d_renderer","Assets/Daniel Mistage/STYLIZED Low Poly Fantasy Bundle/STYLIZED Fantasy Interior Pack - Low Poly 3D Art/Prefabs/Lightning/Chandeliers/Chandelier_Flame/SFI_Chandelier_017 2.prefab","Assets/Daniel Mistage/STYLIZED Low Poly Fantasy Bundle/STYLIZED Fantasy Interior Pack - Low Poly 3D Art/Materials/CANDLE_FLAME.mat","Assets/BornToDig/PrefabGallery/GalleryMaterials/CANDLE_FLAME_c4d549c9_Transparent.mat","CANDLE_FLAME","Universal Render Pipeline/2D/Mesh2D-Lit-Default","Universal Render Pipeline/Lit"
"gallery_copy_applied","urp_2d_shader_on_3d_renderer","Assets/Daniel Mistage/STYLIZED Low Poly Fantasy Bundle/STYLIZED Fantasy Interior Pack - Low Poly 3D Art/Prefabs/Lightning/Chandeliers/Chandelier_Flame/SFI_Chandelier_017 2.prefab","Assets/Daniel Mistage/STYLIZED Low Poly Fantasy Bundle/STYLIZED Fantasy Interior Pack - Low Poly 3D Art/Materials/CANDLE_FLAME.mat","Assets/BornToDig/PrefabGallery/GalleryMaterials/CANDLE_FLAME_c4d549c9_Transparent.mat","CANDLE_FLAME","Universal Render Pipeline/2D/Mesh2D-Lit-Default","Universal Render Pipeline/Lit"
"gallery_copy_applied","urp_2d_shader_on_3d_renderer","Assets/Daniel Mistage/STYLIZED Low Poly Fantasy Bundle/STYLIZED Fantasy Interior Pack - Low Poly 3D Art/Prefabs/Lightning/Chandeliers/Chandelier_Flame/SFI_Chandelier_017 2.prefab","Assets/Daniel Mistage/STYLIZED Low Poly Fantasy Bundle/STYLIZED Fantasy Interior Pack - Low Poly 3D Art/Materials/CANDLE_FLAME.mat","Assets/BornToDig/PrefabGallery/GalleryMaterials/CANDLE_FLAME_c4d549c9_Transparent.mat","CANDLE_FLAME","Universal Render Pipeline/2D/Mesh2D-Lit-Default","Universal Render Pipeline/Lit"
"gallery_copy_applied","urp_2d_shader_on_3d_renderer","Assets/Daniel Mistage/STYLIZED Low Poly Fantasy Bundle/STYLIZED Fantasy Interior Pack - Low Poly 3D Art/Prefabs/Lightning/Chandeliers/Chandelier_Flame/SFI_Chandelier_017 2.prefab","Assets/Daniel Mistage/STYLIZED Low Poly Fantasy Bundle/STYLIZED Fantasy Interior Pack - Low Poly 3D Art/Materials/CANDLE_FLAME.mat","Assets/BornToDig/PrefabGallery/GalleryMaterials/CANDLE_FLAME_c4d549c9_Transparent.mat","CANDLE_FLAME","Universal Render Pipeline/2D/Mesh2D-Lit-Default","Universal Render Pipeline/Lit"
"gallery_copy_applied","urp_2d_shader_on_3d_renderer","Assets/Daniel Mistage/STYLIZED Low Poly Fantasy Bundle/STYLIZED Fantasy Interior Pack - Low Poly 3D Art/Prefabs/Lightning/Chandeliers/Chandelier_Flame/SFI_Chandelier_017 2.prefab","Assets/Daniel Mistage/STYLIZED Low Poly Fantasy Bundle/STYLIZED Fantasy Interior Pack - Low Poly 3D Art/Materials/CANDLE_FLAME.mat","Assets/BornToDig/PrefabGallery/GalleryMaterials/CANDLE_FLAME_c4d549c9_Transparent.mat","CANDLE_FLAME","Universal Render Pipeline/2D/Mesh2D-Lit-Default","Universal Render Pipeline/Lit"
"gallery_copy_applied","urp_2d_shader_on_3d_renderer","Assets/Daniel Mistage/STYLIZED Low Poly Fantasy Bundle/STYLIZED Fantasy Interior Pack - Low Poly 3D Art/Prefabs/Lightning/Chandeliers/SFI_Chandelier_002 1.prefab","Assets/Daniel Mistage/STYLIZED Low Poly Fantasy Bundle/STYLIZED Fantasy Interior Pack - Low Poly 3D Art/Materials/GLOW_ORANGE.mat","Assets/BornToDig/PrefabGallery/GalleryMaterials/GLOW_ORANGE_e4306889_Transparent.mat","GLOW_ORANGE","Universal Render Pipeline/2D/Mesh2D-Lit-Default","Universal Render Pipeline/Lit"
"gallery_copy_applied","urp_2d_shader_on_3d_renderer","Assets/Daniel Mistage/STYLIZED Low Poly Fantasy Bundle/STYLIZED Fantasy Interior Pack - Low Poly 3D Art/Prefabs/Lightning/Chandeliers/SFI_Chandelier_002 1.prefab","Assets/Daniel Mistage/STYLIZED Low Poly Fantasy Bundle/STYLIZED Fantasy Interior Pack - Low Poly 3D Art/Materials/GLOW_ORANGE.mat","Assets/BornToDig/PrefabGallery/GalleryMaterials/GLOW_ORANGE_e4306889_Transparent.mat","GLOW_ORANGE","Universal Render Pipeline/2D/Mesh2D-Lit-Default","Universal Render Pipeline/Lit"
"gallery_copy_applied","urp_2d_shader_on_3d_renderer","Assets/Daniel Mistage/STYLIZED Low Poly Fantasy Bundle/STYLIZED Fantasy Interior Pack - Low Poly 3D Art/Prefabs/Lightning/Chandeliers/SFI_Chandelier_002 1.prefab","Assets/Daniel Mistage/STYLIZED Low Poly Fantasy Bundle/STYLIZED Fantasy Interior Pack - Low Poly 3D Art/Materials/GLOW_ORANGE.mat","Assets/BornToDig/PrefabGallery/GalleryMaterials/GLOW_ORANGE_e4306889_Transparent.mat","GLOW_ORANGE","Universal Render Pipeline/2D/Mesh2D-Lit-Default","Universal Render Pipeline/Lit"
"gallery_copy_applied","urp_2d_shader_on_3d_renderer","Assets/Daniel Mistage/STYLIZED Low Poly Fantasy Bundle/STYLIZED Fantasy Interior Pack - Low Poly 3D Art/Prefabs/Lightning/Chandeliers/SFI_Chandelier_002 1.prefab","Assets/Daniel Mistage/STYLIZED Low Poly Fantasy Bundle/STYLIZED Fantasy Interior Pack - Low Poly 3D Art/Materials/GLOW_ORANGE.mat","Assets/BornToDig/PrefabGallery/GalleryMaterials/GLOW_ORANGE_e4306889_Transparent.mat","GLOW_ORANGE","Universal Render Pipeline/2D/Mesh2D-Lit-Default","Universal Render Pipeline/Lit"
"gallery_copy_applied","urp_2d_shader_on_3d_renderer","Assets/Daniel Mistage/STYLIZED Low Poly Fantasy Bundle/STYLIZED Fantasy Interior Pack - Low Poly 3D Art/Prefabs/Lightning/Chandeliers/SFI_Chandelier_002 1.prefab","Assets/Daniel Mistage/STYLIZED Low Poly Fantasy Bundle/STYLIZED Fantasy Interior Pack - Low Poly 3D Art/Materials/GLOW_ORANGE.mat","Assets/BornToDig/PrefabGallery/GalleryMaterials/GLOW_ORANGE_e4306889_Transparent.mat","GLOW_ORANGE","Universal Render Pipeline/2D/Mesh2D-Lit-Default","Universal Render Pipeline/Lit"
"gallery_copy_applied","urp_2d_shader_on_3d_renderer","Assets/Daniel Mistage/STYLIZED Low Poly Fantasy Bundle/STYLIZED Fantasy Interior Pack - Low Poly 3D Art/Prefabs/Lightning/Lamps/SFI_Hanger.prefab","Assets/Daniel Mistage/STYLIZED Low Poly Fantasy Bundle/STYLIZED Fantasy Interior Pack - Low Poly 3D Art/Materials/GLOW_ORANGE.mat","Assets/BornToDig/PrefabGallery/GalleryMaterials/GLOW_ORANGE_e4306889_Transparent.mat","GLOW_ORANGE","Universal Render Pipeline/2D/Mesh2D-Lit-Default","Universal Render Pipeline/Lit"
"gallery_copy_applied","urp_2d_shader_on_3d_renderer","Assets/Daniel Mistage/STYLIZED Low Poly Fantasy Bundle/STYLIZED Fantasy Interior Pack - Low Poly 3D Art/Prefabs/Lightning/Lamps/SFI_Stylized_Light_001.prefab","Assets/Daniel Mistage/STYLIZED Low Poly Fantasy Bundle/STYLIZED Fantasy Interior Pack - Low Poly 3D Art/Materials/GLOW_ORANGE.mat","Assets/BornToDig/PrefabGallery/GalleryMaterials/GLOW_ORANGE_e4306889_Transparent.mat","GLOW_ORANGE","Universal Render Pipeline/2D/Mesh2D-Lit-Default","Universal Render Pipeline/Lit"
"gallery_copy_applied","urp_2d_shader_on_3d_renderer","Assets/Daniel Mistage/STYLIZED Low Poly Fantasy Bundle/STYLIZED Fantasy Interior Pack - Low Poly 3D Art/Prefabs/Lightning/Lamps/SFI_Stylized_Light_002.prefab","Assets/Daniel Mistage/STYLIZED Low Poly Fantasy Bundle/STYLIZED Fantasy Interior Pack - Low Poly 3D Art/Materials/GLOW_ORANGE.mat","Assets/BornToDig/PrefabGallery/GalleryMaterials/GLOW_ORANGE_e4306889_Transparent.mat","GLOW_ORANGE","Universal Render Pipeline/2D/Mesh2D-Lit-Default","Universal Render Pipeline/Lit"
"gallery_copy_applied","urp_2d_shader_on_3d_renderer","Assets/Daniel Mistage/STYLIZED Low Poly Fantasy Bundle/STYLIZED Fantasy Interior Pack - Low Poly 3D Art/Prefabs/Other/Ceiling Fan/Individual Parts/SFI_Ceiling_Fan_002.prefab","Assets/Daniel Mistage/STYLIZED Low Poly Fantasy Bundle/STYLIZED Fantasy Interior Pack - Low Poly 3D Art/Materials/GLOW_ORANGE.mat","Assets/BornToDig/PrefabGallery/GalleryMaterials/GLOW_ORANGE_e4306889_Transparent.mat","GLOW_ORANGE","Universal Render Pipeline/2D/Mesh2D-Lit-Default","Universal Render Pipeline/Lit"
"gallery_copy_applied","urp_2d_shader_on_3d_renderer","Assets/Daniel Mistage/STYLIZED Low Poly Fantasy Bundle/STYLIZED Fantasy Interior Pack - Low Poly 3D Art/Prefabs/Other/Ceiling Fan/SFI_Ceiling_Fan_002.prefab","Assets/Daniel Mistage/STYLIZED Low Poly Fantasy Bundle/STYLIZED Fantasy Interior Pack - Low Poly 3D Art/Materials/GLOW_ORANGE.mat","Assets/BornToDig/PrefabGallery/GalleryMaterials/GLOW_ORANGE_e4306889_Transparent.mat","GLOW_ORANGE","Universal Render Pipeline/2D/Mesh2D-Lit-Default","Universal Render Pipeline/Lit"
"gallery_copy_applied","urp_2d_shader_on_3d_renderer","Assets/Daniel Mistage/STYLIZED Low Poly Fantasy Bundle/STYLIZED Fantasy Interior Pack - Low Poly 3D Art/Prefabs/Other/Safe/Individual Parts/SFI_Safe_Door 1.prefab","Assets/Daniel Mistage/STYLIZED Low Poly Fantasy Bundle/STYLIZED Fantasy Interior Pack - Low Poly 3D Art/Materials/GLOW_RED.mat","Assets/BornToDig/PrefabGallery/GalleryMaterials/GLOW_RED_aa59e950_Transparent.mat","GLOW_RED","Universal Render Pipeline/2D/Mesh2D-Lit-Default","Universal Render Pipeline/Lit"
"gallery_copy_applied","urp_2d_shader_on_3d_renderer","Assets/Daniel Mistage/STYLIZED Low Poly Fantasy Bundle/STYLIZED Fantasy Interior Pack - Low Poly 3D Art/Prefabs/Other/Safe/Individual Parts/SFI_Safe_Door.prefab","Assets/Daniel Mistage/STYLIZED Low Poly Fantasy Bundle/STYLIZED Fantasy Interior Pack - Low Poly 3D Art/Materials/GLOW_RED.mat","Assets/BornToDig/PrefabGallery/GalleryMaterials/GLOW_RED_aa59e950_Transparent.mat","GLOW_RED","Universal Render Pipeline/2D/Mesh2D-Lit-Default","Universal Render Pipeline/Lit"
"gallery_copy_applied","urp_2d_shader_on_3d_renderer","Assets/Daniel Mistage/STYLIZED Low Poly Fantasy Bundle/STYLIZED Fantasy Interior Pack - Low Poly 3D Art/Prefabs/Other/Safe/SFI_Safe (1) 1.prefab","Assets/Daniel Mistage/STYLIZED Low Poly Fantasy Bundle/STYLIZED Fantasy Interior Pack - Low Poly 3D Art/Materials/GLOW_RED.mat","Assets/BornToDig/PrefabGallery/GalleryMaterials/GLOW_RED_aa59e950_Transparent.mat","GLOW_RED","Universal Render Pipeline/2D/Mesh2D-Lit-Default","Universal Render Pipeline/Lit"
"gallery_copy_applied","urp_2d_shader_on_3d_renderer","Assets/Daniel Mistage/STYLIZED Low Poly Fantasy Bundle/STYLIZED Fantasy Interior Pack - Low Poly 3D Art/Prefabs/Other/Safe/SFI_Safe (1).prefab","Assets/Daniel Mistage/STYLIZED Low Poly Fantasy Bundle/STYLIZED Fantasy Interior Pack - Low Poly 3D Art/Materials/GLOW_RED.mat","Assets/BornToDig/PrefabGallery/GalleryMaterials/GLOW_RED_aa59e950_Transparent.mat","GLOW_RED","Universal Render Pipeline/2D/Mesh2D-Lit-Default","Universal Render Pipeline/Lit"
"gallery_copy_applied","urp_2d_shader_on_3d_renderer","Assets/Daniel Mistage/STYLIZED Low Poly Fantasy Bundle/STYLIZED Fantasy Interior Pack - Low Poly 3D Art/Prefabs/Other/Safe/SFI_Safe.prefab","Assets/Daniel Mistage/STYLIZED Low Poly Fantasy Bundle/STYLIZED Fantasy Interior Pack - Low Poly 3D Art/Materials/GLOW_RED.mat","Assets/BornToDig/PrefabGallery/GalleryMaterials/GLOW_RED_aa59e950_Transparent.mat","GLOW_RED","Universal Render Pipeline/2D/Mesh2D-Lit-Default","Universal Render Pipeline/Lit"
"gallery_copy_applied","urp_2d_shader_on_3d_renderer","Assets/Daniel Mistage/STYLIZED Low Poly Fantasy Bundle/STYLIZED Fantasy Interior Pack - Low Poly 3D Art/Prefabs/Furniture/Tables/SFI_Table_003 (1) 1.prefab","Assets/Daniel Mistage/STYLIZED Low Poly Fantasy Bundle/STYLIZED Fantasy Interior Pack - Low Poly 3D Art/Materials/GLOW_YELLOW.mat","Assets/BornToDig/PrefabGallery/GalleryMaterials/GLOW_YELLOW_67d931e5_Transparent.mat","GLOW_YELLOW","Universal Render Pipeline/2D/Mesh2D-Lit-Default","Universal Render Pipeline/Lit"
"gallery_copy_applied","urp_2d_shader_on_3d_renderer","Assets/Daniel Mistage/STYLIZED Low Poly Fantasy Bundle/STYLIZED Fantasy Interior Pack - Low Poly 3D Art/Prefabs/Furniture/Tables/Table Decorative/SFI_KitchenTable_Decorative_1.prefab","Assets/Daniel Mistage/STYLIZED Low Poly Fantasy Bundle/STYLIZED Fantasy Interior Pack - Low Poly 3D Art/Materials/GLOW_YELLOW.mat","Assets/BornToDig/PrefabGallery/GalleryMaterials/GLOW_YELLOW_67d931e5_Transparent.mat","GLOW_YELLOW","Universal Render Pipeline/2D/Mesh2D-Lit-Default","Universal Render Pipeline/Lit"
"gallery_copy_applied","urp_2d_shader_on_3d_renderer","Assets/Daniel Mistage/STYLIZED Low Poly Fantasy Bundle/STYLIZED Fantasy Interior Pack - Low Poly 3D Art/Prefabs/Kitchen/Other/SFI_Kitchen_Decorative.prefab","Assets/Daniel Mistage/STYLIZED Low Poly Fantasy Bundle/STYLIZED Fantasy Interior Pack - Low Poly 3D Art/Materials/GLOW_YELLOW.mat","Assets/BornToDig/PrefabGallery/GalleryMaterials/GLOW_YELLOW_67d931e5_Transparent.mat","GLOW_YELLOW","Universal Render Pipeline/2D/Mesh2D-Lit-Default","Universal Render Pipeline/Lit"
"gallery_copy_applied","urp_2d_shader_on_3d_renderer","Assets/Daniel Mistage/STYLIZED Low Poly Fantasy Bundle/STYLIZED Fantasy Interior Pack - Low Poly 3D Art/Prefabs/Kitchen/Ovens and Chemneys/Individual Parts/SFI_Oven_001.prefab","Assets/Daniel Mistage/STYLIZED Low Poly Fantasy Bundle/STYLIZED Fantasy Interior Pack - Low Poly 3D Art/Materials/GLOW_YELLOW.mat","Assets/BornToDig/PrefabGallery/GalleryMaterials/GLOW_YELLOW_67d931e5_Transparent.mat","GLOW_YELLOW","Universal Render Pipeline/2D/Mesh2D-Lit-Default","Universal Render Pipeline/Lit"
"gallery_copy_applied","urp_2d_shader_on_3d_renderer","Assets/Daniel Mistage/STYLIZED Low Poly Fantasy Bundle/STYLIZED Fantasy Interior Pack - Low Poly 3D Art/Prefabs/Kitchen/Ovens and Chemneys/Individual Parts/SFI_Oven_002.prefab","Assets/Daniel Mistage/STYLIZED Low Poly Fantasy Bundle/STYLIZED Fantasy Interior Pack - Low Poly 3D Art/Materials/GLOW_YELLOW.mat","Assets/BornToDig/PrefabGallery/GalleryMaterials/GLOW_YELLOW_67d931e5_Transparent.mat","GLOW_YELLOW","Universal Render Pipeline/2D/Mesh2D-Lit-Default","Universal Render Pipeline/Lit"
"gallery_copy_applied","urp_2d_shader_on_3d_renderer","Assets/Daniel Mistage/STYLIZED Low Poly Fantasy Bundle/STYLIZED Fantasy Interior Pack - Low Poly 3D Art/Prefabs/Kitchen/Ovens and Chemneys/SFI_Oven_001 1.prefab","Assets/Daniel Mistage/STYLIZED Low Poly Fantasy Bundle/STYLIZED Fantasy Interior Pack - Low Poly 3D Art/Materials/GLOW_YELLOW.mat","Assets/BornToDig/PrefabGallery/GalleryMaterials/GLOW_YELLOW_67d931e5_Transparent.mat","GLOW_YELLOW","Universal Render Pipeline/2D/Mesh2D-Lit-Default","Universal Render Pipeline/Lit"
"gallery_copy_applied","urp_2d_shader_on_3d_renderer","Assets/Daniel Mistage/STYLIZED Low Poly Fantasy Bundle/STYLIZED Fantasy Interior Pack - Low Poly 3D Art/Prefabs/Kitchen/Ovens and Chemneys/SFI_Oven_001 2.prefab","Assets/Daniel Mistage/STYLIZED Low Poly Fantasy Bundle/STYLIZED Fantasy Interior Pack - Low Poly 3D Art/Materials/GLOW_YELLOW.mat","Assets/BornToDig/PrefabGallery/GalleryMaterials/GLOW_YELLOW_67d931e5_Transparent.mat","GLOW_YELLOW","Universal Render Pipeline/2D/Mesh2D-Lit-Default","Universal Render Pipeline/Lit"
"gallery_copy_applied","urp_2d_shader_on_3d_renderer","Assets/Daniel Mistage/STYLIZED Low Poly Fantasy Bundle/STYLIZED Fantasy Interior Pack - Low Poly 3D Art/Prefabs/Kitchen/Ovens and Chemneys/SFI_Oven_002 1.prefab","Assets/Daniel Mistage/STYLIZED Low Poly Fantasy Bundle/STYLIZED Fantasy Interior Pack - Low Poly 3D Art/Materials/GLOW_YELLOW.mat","Assets/BornToDig/PrefabGallery/GalleryMaterials/GLOW_YELLOW_67d931e5_Transparent.mat","GLOW_YELLOW","Universal Render Pipeline/2D/Mesh2D-Lit-Default","Universal Render Pipeline/Lit"
"gallery_copy_applied","urp_2d_shader_on_3d_renderer","Assets/Daniel Mistage/STYLIZED Low Poly Fantasy Bundle/STYLIZED Fantasy Interior Pack - Low Poly 3D Art/Prefabs/Kitchen/Ovens and Chemneys/SFI_Oven_002 2 2.prefab","Assets/Daniel Mistage/STYLIZED Low Poly Fantasy Bundle/STYLIZED Fantasy Interior Pack - Low Poly 3D Art/Materials/GLOW_YELLOW.mat","Assets/BornToDig/PrefabGallery/GalleryMaterials/GLOW_YELLOW_67d931e5_Transparent.mat","GLOW_YELLOW","Universal Render Pipeline/2D/Mesh2D-Lit-Default","Universal Render Pipeline/Lit"
"gallery_copy_applied","urp_2d_shader_on_3d_renderer","Assets/Daniel Mistage/STYLIZED Low Poly Fantasy Bundle/STYLIZED Fantasy Interior Pack - Low Poly 3D Art/Prefabs/Kitchen/Ovens and Chemneys/SFI_Oven_002 2.prefab","Assets/Daniel Mistage/STYLIZED Low Poly Fantasy Bundle/STYLIZED Fantasy Interior Pack - Low Poly 3D Art/Materials/GLOW_YELLOW.mat","Assets/BornToDig/PrefabGallery/GalleryMaterials/GLOW_YELLOW_67d931e5_Transparent.mat","GLOW_YELLOW","Universal Render Pipeline/2D/Mesh2D-Lit-Default","Universal Render Pipeline/Lit"
"gallery_copy_applied","urp_2d_shader_on_3d_renderer","Assets/Daniel Mistage/STYLIZED Low Poly Fantasy Bundle/STYLIZED Fantasy Interior Pack - Low Poly 3D Art/Prefabs/Kitchen/Ovens and Chemneys/SFI_SOven 1 1.prefab","Assets/Daniel Mistage/STYLIZED Low Poly Fantasy Bundle/STYLIZED Fantasy Interior Pack - Low Poly 3D Art/Materials/GLOW_YELLOW.mat","Assets/BornToDig/PrefabGallery/GalleryMaterials/GLOW_YELLOW_67d931e5_Transparent.mat","GLOW_YELLOW","Universal Render Pipeline/2D/Mesh2D-Lit-Default","Universal Render Pipeline/Lit"
"gallery_copy_applied","urp_2d_shader_on_3d_renderer","Assets/Daniel Mistage/STYLIZED Low Poly Fantasy Bundle/STYLIZED Fantasy Interior Pack - Low Poly 3D Art/Prefabs/Kitchen/Ovens and Chemneys/SFI_SOven 1 2.prefab","Assets/Daniel Mistage/STYLIZED Low Poly Fantasy Bundle/STYLIZED Fantasy Interior Pack - Low Poly 3D Art/Materials/GLOW_YELLOW.mat","Assets/BornToDig/PrefabGallery/GalleryMaterials/GLOW_YELLOW_67d931e5_Transparent.mat","GLOW_YELLOW","Universal Render Pipeline/2D/Mesh2D-Lit-Default","Universal Render Pipeline/Lit"
"gallery_copy_applied","urp_2d_shader_on_3d_renderer","Assets/Daniel Mistage/STYLIZED Low Poly Fantasy Bundle/STYLIZED Fantasy Interior Pack - Low Poly 3D Art/Prefabs/Kitchen/Ovens and Chemneys/SFI_SOven 1.prefab","Assets/Daniel Mistage/STYLIZED Low Poly Fantasy Bundle/STYLIZED Fantasy Interior Pack - Low Poly 3D Art/Materials/GLOW_YELLOW.mat","Assets/BornToDig/PrefabGallery/GalleryMaterials/GLOW_YELLOW_67d931e5_Transparent.mat","GLOW_YELLOW","Universal Render Pipeline/2D/Mesh2D-Lit-Default","Universal Render Pipeline/Lit"
"gallery_copy_applied","urp_2d_shader_on_3d_renderer","Assets/Daniel Mistage/STYLIZED Low Poly Fantasy Bundle/STYLIZED Fantasy Interior Pack - Low Poly 3D Art/Prefabs/Lightning/Lamps/SFI_Hanger 1.prefab","Assets/Daniel Mistage/STYLIZED Low Poly Fantasy Bundle/STYLIZED Fantasy Interior Pack - Low Poly 3D Art/Materials/GLOW_YELLOW.mat","Assets/BornToDig/PrefabGallery/GalleryMaterials/GLOW_YELLOW_67d931e5_Transparent.mat","GLOW_YELLOW","Universal Render Pipeline/2D/Mesh2D-Lit-Default","Universal Render Pipeline/Lit"
"gallery_copy_applied","urp_2d_shader_on_3d_renderer","Assets/Daniel Mistage/STYLIZED Low Poly Fantasy Bundle/STYLIZED Fantasy Interior Pack - Low Poly 3D Art/Prefabs/Lightning/Lamps/SFI_Lamp (1).prefab","Assets/Daniel Mistage/STYLIZED Low Poly Fantasy Bundle/STYLIZED Fantasy Interior Pack - Low Poly 3D Art/Materials/GLOW_YELLOW.mat","Assets/BornToDig/PrefabGallery/GalleryMaterials/GLOW_YELLOW_67d931e5_Transparent.mat","GLOW_YELLOW","Universal Render Pipeline/2D/Mesh2D-Lit-Default","Universal Render Pipeline/Lit"
"gallery_copy_applied","urp_2d_shader_on_3d_renderer","Assets/Daniel Mistage/STYLIZED Low Poly Fantasy Bundle/STYLIZED Fantasy Interior Pack - Low Poly 3D Art/Prefabs/Lightning/Lamps/SFI_Lamp 1.prefab","Assets/Daniel Mistage/STYLIZED Low Poly Fantasy Bundle/STYLIZED Fantasy Interior Pack - Low Poly 3D Art/Materials/GLOW_YELLOW.mat","Assets/BornToDig/PrefabGallery/GalleryMaterials/GLOW_YELLOW_67d931e5_Transparent.mat","GLOW_YELLOW","Universal Render Pipeline/2D/Mesh2D-Lit-Default","Universal Render Pipeline/Lit"
"gallery_copy_applied","urp_2d_shader_on_3d_renderer","Assets/Daniel Mistage/STYLIZED Low Poly Fantasy Bundle/STYLIZED Fantasy Interior Pack - Low Poly 3D Art/Prefabs/Lightning/Lamps/SFI_Lamp.prefab","Assets/Daniel Mistage/STYLIZED Low Poly Fantasy Bundle/STYLIZED Fantasy Interior Pack - Low Poly 3D Art/Materials/GLOW_YELLOW.mat","Assets/BornToDig/PrefabGallery/GalleryMaterials/GLOW_YELLOW_67d931e5_Transparent.mat","GLOW_YELLOW","Universal Render Pipeline/2D/Mesh2D-Lit-Default","Universal Render Pipeline/Lit"
"gallery_copy_applied","urp_2d_shader_on_3d_renderer","Assets/Daniel Mistage/STYLIZED Low Poly Fantasy Bundle/STYLIZED Fantasy Interior Pack - Low Poly 3D Art/Prefabs/Other/Solar System/SFI_SolarSystem.prefab","Assets/Daniel Mistage/STYLIZED Low Poly Fantasy Bundle/STYLIZED Fantasy Interior Pack - Low Poly 3D Art/Materials/GLOW_YELLOW.mat","Assets/BornToDig/PrefabGallery/GalleryMaterials/GLOW_YELLOW_67d931e5_Transparent.mat","GLOW_YELLOW","Universal Render Pipeline/2D/Mesh2D-Lit-Default","Universal Render Pipeline/Lit"
"gallery_copy_applied","urp_2d_shader_on_3d_renderer","Assets/Daniel Mistage/STYLIZED Low Poly Fantasy Bundle/STYLIZED Fantasy Interior Pack - Low Poly 3D Art/Prefabs/Other/Portraits/SFI_Portrait_001.prefab","Assets/Daniel Mistage/STYLIZED Low Poly Fantasy Bundle/STYLIZED Fantasy Interior Pack - Low Poly 3D Art/Materials/PHOTOS.mat","Assets/BornToDig/PrefabGallery/GalleryMaterials/PHOTOS_092ea1ca_Transparent.mat","PHOTOS","Universal Render Pipeline/2D/Mesh2D-Lit-Default","Universal Render Pipeline/Lit"
"gallery_copy_applied","urp_2d_shader_on_3d_renderer","Assets/Daniel Mistage/STYLIZED Low Poly Fantasy Bundle/STYLIZED Fantasy Interior Pack - Low Poly 3D Art/Prefabs/Other/Portraits/SFI_Portrait_002.prefab","Assets/Daniel Mistage/STYLIZED Low Poly Fantasy Bundle/STYLIZED Fantasy Interior Pack - Low Poly 3D Art/Materials/PHOTOS.mat","Assets/BornToDig/PrefabGallery/GalleryMaterials/PHOTOS_092ea1ca_Transparent.mat","PHOTOS","Universal Render Pipeline/2D/Mesh2D-Lit-Default","Universal Render Pipeline/Lit"
"gallery_copy_applied","urp_2d_shader_on_3d_renderer","Assets/Daniel Mistage/STYLIZED Low Poly Fantasy Bundle/STYLIZED Fantasy Interior Pack - Low Poly 3D Art/Prefabs/Other/Portraits/SFI_Portrait_003.prefab","Assets/Daniel Mistage/STYLIZED Low Poly Fantasy Bundle/STYLIZED Fantasy Interior Pack - Low Poly 3D Art/Materials/PHOTOS.mat","Assets/BornToDig/PrefabGallery/GalleryMaterials/PHOTOS_092ea1ca_Transparent.mat","PHOTOS","Universal Render Pipeline/2D/Mesh2D-Lit-Default","Universal Render Pipeline/Lit"
"gallery_copy_applied","urp_2d_shader_on_3d_renderer","Assets/Daniel Mistage/STYLIZED Low Poly Fantasy Bundle/STYLIZED Fantasy Interior Pack - Low Poly 3D Art/Prefabs/Other/Portraits/SFI_Portrait_004.prefab","Assets/Daniel Mistage/STYLIZED Low Poly Fantasy Bundle/STYLIZED Fantasy Interior Pack - Low Poly 3D Art/Materials/PHOTOS.mat","Assets/BornToDig/PrefabGallery/GalleryMaterials/PHOTOS_092ea1ca_Transparent.mat","PHOTOS","Universal Render Pipeline/2D/Mesh2D-Lit-Default","Universal Render Pipeline/Lit"
"gallery_copy_applied","urp_2d_shader_on_3d_renderer","Assets/Daniel Mistage/STYLIZED Low Poly Fantasy Bundle/STYLIZED Fantasy Interior Pack - Low Poly 3D Art/Prefabs/Other/Portraits/SFI_Portrait_005.prefab","Assets/Daniel Mistage/STYLIZED Low Poly Fantasy Bundle/STYLIZED Fantasy Interior Pack - Low Poly 3D Art/Materials/PHOTOS.mat","Assets/BornToDig/PrefabGallery/GalleryMaterials/PHOTOS_092ea1ca_Transparent.mat","PHOTOS","Universal Render Pipeline/2D/Mesh2D-Lit-Default","Universal Render Pipeline/Lit"
"gallery_copy_applied","urp_2d_shader_on_3d_renderer","Assets/Daniel Mistage/STYLIZED Low Poly Fantasy Bundle/STYLIZED Fantasy Interior Pack - Low Poly 3D Art/Prefabs/Other/Portraits/SFI_Portrait_006.prefab","Assets/Daniel Mistage/STYLIZED Low Poly Fantasy Bundle/STYLIZED Fantasy Interior Pack - Low Poly 3D Art/Materials/PHOTOS.mat","Assets/BornToDig/PrefabGallery/GalleryMaterials/PHOTOS_092ea1ca_Transparent.mat","PHOTOS","Universal Render Pipeline/2D/Mesh2D-Lit-Default","Universal Render Pipeline/Lit"
"gallery_copy_applied","urp_2d_shader_on_3d_renderer","Assets/Daniel Mistage/STYLIZED Low Poly Fantasy Bundle/STYLIZED Fantasy Interior Pack - Low Poly 3D Art/Prefabs/Other/Portraits/SFI_Portrait_007.prefab","Assets/Daniel Mistage/STYLIZED Low Poly Fantasy Bundle/STYLIZED Fantasy Interior Pack - Low Poly 3D Art/Materials/PHOTOS.mat","Assets/BornToDig/PrefabGallery/GalleryMaterials/PHOTOS_092ea1ca_Transparent.mat","PHOTOS","Universal Render Pipeline/2D/Mesh2D-Lit-Default","Universal Render Pipeline/Lit"
"gallery_copy_applied","urp_2d_shader_on_3d_renderer","Assets/Daniel Mistage/STYLIZED Low Poly Fantasy Bundle/STYLIZED Fantasy Interior Pack - Low Poly 3D Art/Prefabs/Other/Portraits/SFI_Portrait_008.prefab","Assets/Daniel Mistage/STYLIZED Low Poly Fantasy Bundle/STYLIZED Fantasy Interior Pack - Low Poly 3D Art/Materials/PHOTOS.mat","Assets/BornToDig/PrefabGallery/GalleryMaterials/PHOTOS_092ea1ca_Transparent.mat","PHOTOS","Universal Render Pipeline/2D/Mesh2D-Lit-Default","Universal Render Pipeline/Lit"
"gallery_copy_applied","urp_2d_shader_on_3d_renderer","Assets/Daniel Mistage/STYLIZED Low Poly Fantasy Bundle/STYLIZED Fantasy Market - Low Poly 3D Art/Prefabs/Stalls/Alchemy/Emissive Potion/SFM_AP_Potion_Stand 1.prefab","Assets/Daniel Mistage/STYLIZED Low Poly Fantasy Bundle/STYLIZED Fantasy Market - Low Poly 3D Art/Materials/GLOW_GREEN.mat","Assets/BornToDig/PrefabGallery/GalleryMaterials/GLOW_GREEN_42b2d726_Transparent.mat","GLOW_GREEN","Universal Render Pipeline/2D/Mesh2D-Lit-Default","Universal Render Pipeline/Lit"
"gallery_copy_applied","urp_2d_shader_on_3d_renderer","Assets/Daniel Mistage/STYLIZED Low Poly Fantasy Bundle/STYLIZED Fantasy Market - Low Poly 3D Art/Prefabs/Stalls/Alchemy/Stall/SFM_AP_Alchemy_Stall 1.prefab","Assets/Daniel Mistage/STYLIZED Low Poly Fantasy Bundle/STYLIZED Fantasy Market - Low Poly 3D Art/Materials/GLOW_GREEN.mat","Assets/BornToDig/PrefabGallery/GalleryMaterials/GLOW_GREEN_42b2d726_Transparent.mat","GLOW_GREEN","Universal Render Pipeline/2D/Mesh2D-Lit-Default","Universal Render Pipeline/Lit"
"gallery_copy_applied","urp_2d_shader_on_3d_renderer","Assets/Daniel Mistage/STYLIZED Low Poly Fantasy Bundle/STYLIZED Fantasy Market - Low Poly 3D Art/Prefabs/Stalls/Alchemy/Cauldron/SFM_AP_Cauldron_Stand 1.prefab","Assets/Daniel Mistage/STYLIZED Low Poly Fantasy Bundle/STYLIZED Fantasy Market - Low Poly 3D Art/Materials/GLOW_PINK.mat","Assets/BornToDig/PrefabGallery/GalleryMaterials/GLOW_PINK_465ac9c6_Transparent.mat","GLOW_PINK","Universal Render Pipeline/2D/Mesh2D-Lit-Default","Universal Render Pipeline/Lit"
"gallery_copy_applied","urp_2d_shader_on_3d_renderer","Assets/Daniel Mistage/STYLIZED Low Poly Fantasy Bundle/STYLIZED Fantasy Market - Low Poly 3D Art/Prefabs/Stalls/Alchemy/Cauldron/SFM_AP_Cauldron_Stand 2.prefab","Assets/Daniel Mistage/STYLIZED Low Poly Fantasy Bundle/STYLIZED Fantasy Market - Low Poly 3D Art/Materials/GLOW_PINK.mat","Assets/BornToDig/PrefabGallery/GalleryMaterials/GLOW_PINK_465ac9c6_Transparent.mat","GLOW_PINK","Universal Render Pipeline/2D/Mesh2D-Lit-Default","Universal Render Pipeline/Lit"
"gallery_copy_applied","urp_2d_shader_on_3d_renderer","Assets/Daniel Mistage/STYLIZED Low Poly Fantasy Bundle/STYLIZED Fantasy Market - Low Poly 3D Art/Prefabs/Stalls/Alchemy/Furniture/SFM_AP_Table_003 1.prefab","Assets/Daniel Mistage/STYLIZED Low Poly Fantasy Bundle/STYLIZED Fantasy Market - Low Poly 3D Art/Materials/GLOW_PINK.mat","Assets/BornToDig/PrefabGallery/GalleryMaterials/GLOW_PINK_465ac9c6_Transparent.mat","GLOW_PINK","Universal Render Pipeline/2D/Mesh2D-Lit-Default","Universal Render Pipeline/Lit"
"gallery_copy_applied","urp_2d_shader_on_3d_renderer","Assets/Daniel Mistage/STYLIZED Low Poly Fantasy Bundle/STYLIZED Fantasy Market - Low Poly 3D Art/Prefabs/Stalls/Alchemy/Stall/SFM_AP_Alchemy_Stall 1.prefab","Assets/Daniel Mistage/STYLIZED Low Poly Fantasy Bundle/STYLIZED Fantasy Market - Low Poly 3D Art/Materials/GLOW_PINK.mat","Assets/BornToDig/PrefabGallery/GalleryMaterials/GLOW_PINK_465ac9c6_Transparent.mat","GLOW_PINK","Universal Render Pipeline/2D/Mesh2D-Lit-Default","Universal Render Pipeline/Lit"
"gallery_copy_applied","urp_2d_shader_on_3d_renderer","Assets/Daniel Mistage/STYLIZED Low Poly Fantasy Bundle/STYLIZED Fantasy Market - Low Poly 3D Art/Prefabs/Props/Lamps/Lamp_1/Parts/SFM_FVC_Lamp 1.prefab","Assets/Daniel Mistage/STYLIZED Low Poly Fantasy Bundle/STYLIZED Fantasy Market - Low Poly 3D Art/Materials/GLOW_YELLOW.mat","Assets/BornToDig/PrefabGallery/GalleryMaterials/GLOW_YELLOW_e27d149d_Transparent.mat","GLOW_YELLOW","Universal Render Pipeline/2D/Mesh2D-Lit-Default","Universal Render Pipeline/Lit"
"gallery_copy_applied","urp_2d_shader_on_3d_renderer","Assets/Daniel Mistage/STYLIZED Low Poly Fantasy Bundle/STYLIZED Fantasy Market - Low Poly 3D Art/Prefabs/Props/Lamps/Lamp_1/SFM_BS_Lamp_Hanger 1.prefab","Assets/Daniel Mistage/STYLIZED Low Poly Fantasy Bundle/STYLIZED Fantasy Market - Low Poly 3D Art/Materials/GLOW_YELLOW.mat","Assets/BornToDig/PrefabGallery/GalleryMaterials/GLOW_YELLOW_e27d149d_Transparent.mat","GLOW_YELLOW","Universal Render Pipeline/2D/Mesh2D-Lit-Default","Universal Render Pipeline/Lit"
"gallery_copy_applied","urp_2d_shader_on_3d_renderer","Assets/Daniel Mistage/STYLIZED Low Poly Fantasy Bundle/STYLIZED Fantasy Market - Low Poly 3D Art/Prefabs/Props/Lamps/Lamp_1/SFM_FS_String.prefab","Assets/Daniel Mistage/STYLIZED Low Poly Fantasy Bundle/STYLIZED Fantasy Market - Low Poly 3D Art/Materials/GLOW_YELLOW.mat","Assets/BornToDig/PrefabGallery/GalleryMaterials/GLOW_YELLOW_e27d149d_Transparent.mat","GLOW_YELLOW","Universal Render Pipeline/2D/Mesh2D-Lit-Default","Universal Render Pipeline/Lit"
"gallery_copy_applied","urp_2d_shader_on_3d_renderer","Assets/Daniel Mistage/STYLIZED Low Poly Fantasy Bundle/STYLIZED Fantasy Market - Low Poly 3D Art/Prefabs/Props/Lamps/Lamp_1/SFM_FVC_Lamp.prefab","Assets/Daniel Mistage/STYLIZED Low Poly Fantasy Bundle/STYLIZED Fantasy Market - Low Poly 3D Art/Materials/GLOW_YELLOW.mat","Assets/BornToDig/PrefabGallery/GalleryMaterials/GLOW_YELLOW_e27d149d_Transparent.mat","GLOW_YELLOW","Universal Render Pipeline/2D/Mesh2D-Lit-Default","Universal Render Pipeline/Lit"
"gallery_copy_applied","urp_2d_shader_on_3d_renderer","Assets/Daniel Mistage/STYLIZED Low Poly Fantasy Bundle/STYLIZED Fantasy Market - Low Poly 3D Art/Prefabs/Props/Lamps/Lamp_2/SFM_ARP_Lamp 1.prefab","Assets/Daniel Mistage/STYLIZED Low Poly Fantasy Bundle/STYLIZED Fantasy Market - Low Poly 3D Art/Materials/GLOW_YELLOW.mat","Assets/BornToDig/PrefabGallery/GalleryMaterials/GLOW_YELLOW_e27d149d_Transparent.mat","GLOW_YELLOW","Universal Render Pipeline/2D/Mesh2D-Lit-Default","Universal Render Pipeline/Lit"
"gallery_copy_applied","urp_2d_shader_on_3d_renderer","Assets/Daniel Mistage/STYLIZED Low Poly Fantasy Bundle/STYLIZED Fantasy Market - Low Poly 3D Art/Prefabs/Props/Lamps/Lamp_2/SFM_ARP_Lamp.prefab","Assets/Daniel Mistage/STYLIZED Low Poly Fantasy Bundle/STYLIZED Fantasy Market - Low Poly 3D Art/Materials/GLOW_YELLOW.mat","Assets/BornToDig/PrefabGallery/GalleryMaterials/GLOW_YELLOW_e27d149d_Transparent.mat","GLOW_YELLOW","Universal Render Pipeline/2D/Mesh2D-Lit-Default","Universal Render Pipeline/Lit"
"gallery_copy_applied","urp_2d_shader_on_3d_renderer","Assets/Daniel Mistage/STYLIZED Low Poly Fantasy Bundle/STYLIZED Fantasy Market - Low Poly 3D Art/Prefabs/Props/Light Pole/Parts/SFM_Pole_Lamp.prefab","Assets/Daniel Mistage/STYLIZED Low Poly Fantasy Bundle/STYLIZED Fantasy Market - Low Poly 3D Art/Materials/GLOW_YELLOW.mat","Assets/BornToDig/PrefabGallery/GalleryMaterials/GLOW_YELLOW_e27d149d_Transparent.mat","GLOW_YELLOW","Universal Render Pipeline/2D/Mesh2D-Lit-Default","Universal Render Pipeline/Lit"
"gallery_copy_applied","urp_2d_shader_on_3d_renderer","Assets/Daniel Mistage/STYLIZED Low Poly Fantasy Bundle/STYLIZED Fantasy Market - Low Poly 3D Art/Prefabs/Props/Light Pole/SFM_Pole.prefab","Assets/Daniel Mistage/STYLIZED Low Poly Fantasy Bundle/STYLIZED Fantasy Market - Low Poly 3D Art/Materials/GLOW_YELLOW.mat","Assets/BornToDig/PrefabGallery/GalleryMaterials/GLOW_YELLOW_e27d149d_Transparent.mat","GLOW_YELLOW","Universal Render Pipeline/2D/Mesh2D-Lit-Default","Universal Render Pipeline/Lit"
"gallery_copy_applied","urp_2d_shader_on_3d_renderer","Assets/Daniel Mistage/STYLIZED Low Poly Fantasy Bundle/STYLIZED Fantasy Market - Low Poly 3D Art/Prefabs/Props/Light Pole/SFM_Pole_anim.prefab","Assets/Daniel Mistage/STYLIZED Low Poly Fantasy Bundle/STYLIZED Fantasy Market - Low Poly 3D Art/Materials/GLOW_YELLOW.mat","Assets/BornToDig/PrefabGallery/GalleryMaterials/GLOW_YELLOW_e27d149d_Transparent.mat","GLOW_YELLOW","Universal Render Pipeline/2D/Mesh2D-Lit-Default","Universal Render Pipeline/Lit"
"gallery_copy_applied","urp_2d_shader_on_3d_renderer","Assets/Daniel Mistage/STYLIZED Low Poly Fantasy Bundle/STYLIZED Fantasy Market - Low Poly 3D Art/Prefabs/Stalls/Alchemy/Cauldron/SFM_AP_Cauldron_001.prefab","Assets/Daniel Mistage/STYLIZED Low Poly Fantasy Bundle/STYLIZED Fantasy Market - Low Poly 3D Art/Materials/GLOW_YELLOW.mat","Assets/BornToDig/PrefabGallery/GalleryMaterials/GLOW_YELLOW_e27d149d_Transparent.mat","GLOW_YELLOW","Universal Render Pipeline/2D/Mesh2D-Lit-Default","Universal Render Pipeline/Lit"
"gallery_copy_applied","urp_2d_shader_on_3d_renderer","Assets/Daniel Mistage/STYLIZED Low Poly Fantasy Bundle/STYLIZED Fantasy Market - Low Poly 3D Art/Prefabs/Stalls/Alchemy/Cauldron/SFM_AP_Cauldron_003.prefab","Assets/Daniel Mistage/STYLIZED Low Poly Fantasy Bundle/STYLIZED Fantasy Market - Low Poly 3D Art/Materials/GLOW_YELLOW.mat","Assets/BornToDig/PrefabGallery/GalleryMaterials/GLOW_YELLOW_e27d149d_Transparent.mat","GLOW_YELLOW","Universal Render Pipeline/2D/Mesh2D-Lit-Default","Universal Render Pipeline/Lit"
"gallery_copy_applied","urp_2d_shader_on_3d_renderer","Assets/Daniel Mistage/STYLIZED Low Poly Fantasy Bundle/STYLIZED Fantasy Market - Low Poly 3D Art/Prefabs/Stalls/Alchemy/Emissive Potion/SFM_AP_Potion_Transparent.prefab","Assets/Daniel Mistage/STYLIZED Low Poly Fantasy Bundle/STYLIZED Fantasy Market - Low Poly 3D Art/Materials/GLOW_YELLOW.mat","Assets/BornToDig/PrefabGallery/GalleryMaterials/GLOW_YELLOW_e27d149d_Transparent.mat","GLOW_YELLOW","Universal Render Pipeline/2D/Mesh2D-Lit-Default","Universal Render Pipeline/Lit"
"gallery_copy_applied","urp_2d_shader_on_3d_renderer","Assets/Daniel Mistage/STYLIZED Low Poly Fantasy Bundle/STYLIZED Fantasy Market - Low Poly 3D Art/Prefabs/Stalls/Armory/Stall/SFM_ARP_Armory_Stall 1.prefab","Assets/Daniel Mistage/STYLIZED Low Poly Fantasy Bundle/STYLIZED Fantasy Market - Low Poly 3D Art/Materials/GLOW_YELLOW.mat","Assets/BornToDig/PrefabGallery/GalleryMaterials/GLOW_YELLOW_e27d149d_Transparent.mat","GLOW_YELLOW","Universal Render Pipeline/2D/Mesh2D-Lit-Default","Universal Render Pipeline/Lit"
"gallery_copy_applied","urp_2d_shader_on_3d_renderer","Assets/Daniel Mistage/STYLIZED Low Poly Fantasy Bundle/STYLIZED Fantasy Market - Low Poly 3D Art/Prefabs/Stalls/Bakery/Stall/SFM_BS_Bakery_Stall 1.prefab","Assets/Daniel Mistage/STYLIZED Low Poly Fantasy Bundle/STYLIZED Fantasy Market - Low Poly 3D Art/Materials/GLOW_YELLOW.mat","Assets/BornToDig/PrefabGallery/GalleryMaterials/GLOW_YELLOW_e27d149d_Transparent.mat","GLOW_YELLOW","Universal Render Pipeline/2D/Mesh2D-Lit-Default","Universal Render Pipeline/Lit"
"gallery_copy_applied","urp_2d_shader_on_3d_renderer","Assets/Daniel Mistage/STYLIZED Low Poly Fantasy Bundle/STYLIZED Fantasy Market - Low Poly 3D Art/Prefabs/Stalls/Bakery/Stall/SFM_BS_Bakery_Stall_Anim.prefab","Assets/Daniel Mistage/STYLIZED Low Poly Fantasy Bundle/STYLIZED Fantasy Market - Low Poly 3D Art/Materials/GLOW_YELLOW.mat","Assets/BornToDig/PrefabGallery/GalleryMaterials/GLOW_YELLOW_e27d149d_Transparent.mat","GLOW_YELLOW","Universal Render Pipeline/2D/Mesh2D-Lit-Default","Universal Render Pipeline/Lit"
"gallery_copy_applied","urp_2d_shader_on_3d_renderer","Assets/Daniel Mistage/STYLIZED Low Poly Fantasy Bundle/STYLIZED Fantasy Market - Low Poly 3D Art/Prefabs/Stalls/Blacksmith/Blades and Rods/SFM_FP_Rod_001.prefab","Assets/Daniel Mistage/STYLIZED Low Poly Fantasy Bundle/STYLIZED Fantasy Market - Low Poly 3D Art/Materials/GLOW_YELLOW.mat","Assets/BornToDig/PrefabGallery/GalleryMaterials/GLOW_YELLOW_e27d149d_Transparent.mat","GLOW_YELLOW","Universal Render Pipeline/2D/Mesh2D-Lit-Default","Universal Render Pipeline/Lit"
"gallery_copy_applied","urp_2d_shader_on_3d_renderer","Assets/Daniel Mistage/STYLIZED Low Poly Fantasy Bundle/STYLIZED Fantasy Market - Low Poly 3D Art/Prefabs/Stalls/Blacksmith/Blades and Rods/SFM_FP_Sword_Blade_001.prefab","Assets/Daniel Mistage/STYLIZED Low Poly Fantasy Bundle/STYLIZED Fantasy Market - Low Poly 3D Art/Materials/GLOW_YELLOW.mat","Assets/BornToDig/PrefabGallery/GalleryMaterials/GLOW_YELLOW_e27d149d_Transparent.mat","GLOW_YELLOW","Universal Render Pipeline/2D/Mesh2D-Lit-Default","Universal Render Pipeline/Lit"
"gallery_copy_applied","urp_2d_shader_on_3d_renderer","Assets/Daniel Mistage/STYLIZED Low Poly Fantasy Bundle/STYLIZED Fantasy Market - Low Poly 3D Art/Prefabs/Stalls/Blacksmith/Machine/Parts/SFM_FP_Glow_002.prefab","Assets/Daniel Mistage/STYLIZED Low Poly Fantasy Bundle/STYLIZED Fantasy Market - Low Poly 3D Art/Materials/GLOW_YELLOW.mat","Assets/BornToDig/PrefabGallery/GalleryMaterials/GLOW_YELLOW_e27d149d_Transparent.mat","GLOW_YELLOW","Universal Render Pipeline/2D/Mesh2D-Lit-Default","Universal Render Pipeline/Lit"
"gallery_copy_applied","urp_2d_shader_on_3d_renderer","Assets/Daniel Mistage/STYLIZED Low Poly Fantasy Bundle/STYLIZED Fantasy Market - Low Poly 3D Art/Prefabs/Stalls/Blacksmith/Machine/SFM_FP_Prop_003.prefab","Assets/Daniel Mistage/STYLIZED Low Poly Fantasy Bundle/STYLIZED Fantasy Market - Low Poly 3D Art/Materials/GLOW_YELLOW.mat","Assets/BornToDig/PrefabGallery/GalleryMaterials/GLOW_YELLOW_e27d149d_Transparent.mat","GLOW_YELLOW","Universal Render Pipeline/2D/Mesh2D-Lit-Default","Universal Render Pipeline/Lit"
"gallery_copy_applied","urp_2d_shader_on_3d_renderer","Assets/Daniel Mistage/STYLIZED Low Poly Fantasy Bundle/STYLIZED Fantasy Market - Low Poly 3D Art/Prefabs/Stalls/Blacksmith/Ovens/Parts/SFM_FP_Glow_001.prefab","Assets/Daniel Mistage/STYLIZED Low Poly Fantasy Bundle/STYLIZED Fantasy Market - Low Poly 3D Art/Materials/GLOW_YELLOW.mat","Assets/BornToDig/PrefabGallery/GalleryMaterials/GLOW_YELLOW_e27d149d_Transparent.mat","GLOW_YELLOW","Universal Render Pipeline/2D/Mesh2D-Lit-Default","Universal Render Pipeline/Lit"
"gallery_copy_applied","urp_2d_shader_on_3d_renderer","Assets/Daniel Mistage/STYLIZED Low Poly Fantasy Bundle/STYLIZED Fantasy Market - Low Poly 3D Art/Prefabs/Stalls/Blacksmith/Ovens/SFM_FP_Forge_Oven 1.prefab","Assets/Daniel Mistage/STYLIZED Low Poly Fantasy Bundle/STYLIZED Fantasy Market - Low Poly 3D Art/Materials/GLOW_YELLOW.mat","Assets/BornToDig/PrefabGallery/GalleryMaterials/GLOW_YELLOW_e27d149d_Transparent.mat","GLOW_YELLOW","Universal Render Pipeline/2D/Mesh2D-Lit-Default","Universal Render Pipeline/Lit"
"gallery_copy_applied","urp_2d_shader_on_3d_renderer","Assets/Daniel Mistage/STYLIZED Low Poly Fantasy Bundle/STYLIZED Fantasy Market - Low Poly 3D Art/Prefabs/Stalls/Blacksmith/Ovens/SFM_FP_Oven.prefab","Assets/Daniel Mistage/STYLIZED Low Poly Fantasy Bundle/STYLIZED Fantasy Market - Low Poly 3D Art/Materials/GLOW_YELLOW.mat","Assets/BornToDig/PrefabGallery/GalleryMaterials/GLOW_YELLOW_e27d149d_Transparent.mat","GLOW_YELLOW","Universal Render Pipeline/2D/Mesh2D-Lit-Default","Universal Render Pipeline/Lit"
"gallery_copy_applied","urp_2d_shader_on_3d_renderer","Assets/Daniel Mistage/STYLIZED Low Poly Fantasy Bundle/STYLIZED Fantasy Market - Low Poly 3D Art/Prefabs/Stalls/Blacksmith/Stall/Forge_Stall.prefab","Assets/Daniel Mistage/STYLIZED Low Poly Fantasy Bundle/STYLIZED Fantasy Market - Low Poly 3D Art/Materials/GLOW_YELLOW.mat","Assets/BornToDig/PrefabGallery/GalleryMaterials/GLOW_YELLOW_e27d149d_Transparent.mat","GLOW_YELLOW","Universal Render Pipeline/2D/Mesh2D-Lit-Default","Universal Render Pipeline/Lit"
"gallery_copy_applied","urp_2d_shader_on_3d_renderer","Assets/Daniel Mistage/STYLIZED Low Poly Fantasy Bundle/STYLIZED Fantasy Market - Low Poly 3D Art/Prefabs/Stalls/Blacksmith/Stall/Forge_Stall.prefab","Assets/Daniel Mistage/STYLIZED Low Poly Fantasy Bundle/STYLIZED Fantasy Market - Low Poly 3D Art/Materials/GLOW_YELLOW.mat","Assets/BornToDig/PrefabGallery/GalleryMaterials/GLOW_YELLOW_e27d149d_Transparent.mat","GLOW_YELLOW","Universal Render Pipeline/2D/Mesh2D-Lit-Default","Universal Render Pipeline/Lit"
"gallery_copy_applied","urp_2d_shader_on_3d_renderer","Assets/Daniel Mistage/STYLIZED Low Poly Fantasy Bundle/STYLIZED Fantasy Market - Low Poly 3D Art/Prefabs/Stalls/Blacksmith/Stall/Forge_Stall.prefab","Assets/Daniel Mistage/STYLIZED Low Poly Fantasy Bundle/STYLIZED Fantasy Market - Low Poly 3D Art/Materials/GLOW_YELLOW.mat","Assets/BornToDig/PrefabGallery/GalleryMaterials/GLOW_YELLOW_e27d149d_Transparent.mat","GLOW_YELLOW","Universal Render Pipeline/2D/Mesh2D-Lit-Default","Universal Render Pipeline/Lit"
"gallery_copy_applied","urp_2d_shader_on_3d_renderer","Assets/Daniel Mistage/STYLIZED Low Poly Fantasy Bundle/STYLIZED Fantasy Market - Low Poly 3D Art/Prefabs/Stalls/Blacksmith/Stall/Forge_Stall.prefab","Assets/Daniel Mistage/STYLIZED Low Poly Fantasy Bundle/STYLIZED Fantasy Market - Low Poly 3D Art/Materials/GLOW_YELLOW.mat","Assets/BornToDig/PrefabGallery/GalleryMaterials/GLOW_YELLOW_e27d149d_Transparent.mat","GLOW_YELLOW","Universal Render Pipeline/2D/Mesh2D-Lit-Default","Universal Render Pipeline/Lit"
"gallery_copy_applied","urp_2d_shader_on_3d_renderer","Assets/Daniel Mistage/STYLIZED Low Poly Fantasy Bundle/STYLIZED Fantasy Market - Low Poly 3D Art/Prefabs/Stalls/Blacksmith/Stall/Forge_Stall.prefab","Assets/Daniel Mistage/STYLIZED Low Poly Fantasy Bundle/STYLIZED Fantasy Market - Low Poly 3D Art/Materials/GLOW_YELLOW.mat","Assets/BornToDig/PrefabGallery/GalleryMaterials/GLOW_YELLOW_e27d149d_Transparent.mat","GLOW_YELLOW","Universal Render Pipeline/2D/Mesh2D-Lit-Default","Universal Render Pipeline/Lit"
"gallery_copy_applied","urp_2d_shader_on_3d_renderer","Assets/Daniel Mistage/STYLIZED Low Poly Fantasy Bundle/STYLIZED Fantasy Market - Low Poly 3D Art/Prefabs/Stalls/Blacksmith/Stall/Forge_Stall.prefab","Assets/Daniel Mistage/STYLIZED Low Poly Fantasy Bundle/STYLIZED Fantasy Market - Low Poly 3D Art/Materials/GLOW_YELLOW.mat","Assets/BornToDig/PrefabGallery/GalleryMaterials/GLOW_YELLOW_e27d149d_Transparent.mat","GLOW_YELLOW","Universal Render Pipeline/2D/Mesh2D-Lit-Default","Universal Render Pipeline/Lit"
"gallery_copy_applied","urp_2d_shader_on_3d_renderer","Assets/Daniel Mistage/STYLIZED Low Poly Fantasy Bundle/STYLIZED Fantasy Market - Low Poly 3D Art/Prefabs/Stalls/Blacksmith/Stall/Forge_Stall_Anim.prefab","Assets/Daniel Mistage/STYLIZED Low Poly Fantasy Bundle/STYLIZED Fantasy Market - Low Poly 3D Art/Materials/GLOW_YELLOW.mat","Assets/BornToDig/PrefabGallery/GalleryMaterials/GLOW_YELLOW_e27d149d_Transparent.mat","GLOW_YELLOW","Universal Render Pipeline/2D/Mesh2D-Lit-Default","Universal Render Pipeline/Lit"
"gallery_copy_applied","urp_2d_shader_on_3d_renderer","Assets/Daniel Mistage/STYLIZED Low Poly Fantasy Bundle/STYLIZED Fantasy Market - Low Poly 3D Art/Prefabs/Stalls/Blacksmith/Stall/Forge_Stall_Anim.prefab","Assets/Daniel Mistage/STYLIZED Low Poly Fantasy Bundle/STYLIZED Fantasy Market - Low Poly 3D Art/Materials/GLOW_YELLOW.mat","Assets/BornToDig/PrefabGallery/GalleryMaterials/GLOW_YELLOW_e27d149d_Transparent.mat","GLOW_YELLOW","Universal Render Pipeline/2D/Mesh2D-Lit-Default","Universal Render Pipeline/Lit"
"gallery_copy_applied","urp_2d_shader_on_3d_renderer","Assets/Daniel Mistage/STYLIZED Low Poly Fantasy Bundle/STYLIZED Fantasy Market - Low Poly 3D Art/Prefabs/Stalls/Blacksmith/Stall/Forge_Stall_Anim.prefab","Assets/Daniel Mistage/STYLIZED Low Poly Fantasy Bundle/STYLIZED Fantasy Market - Low Poly 3D Art/Materials/GLOW_YELLOW.mat","Assets/BornToDig/PrefabGallery/GalleryMaterials/GLOW_YELLOW_e27d149d_Transparent.mat","GLOW_YELLOW","Universal Render Pipeline/2D/Mesh2D-Lit-Default","Universal Render Pipeline/Lit"
"gallery_copy_applied","urp_2d_shader_on_3d_renderer","Assets/Daniel Mistage/STYLIZED Low Poly Fantasy Bundle/STYLIZED Fantasy Market - Low Poly 3D Art/Prefabs/Stalls/Blacksmith/Stall/Forge_Stall_Anim.prefab","Assets/Daniel Mistage/STYLIZED Low Poly Fantasy Bundle/STYLIZED Fantasy Market - Low Poly 3D Art/Materials/GLOW_YELLOW.mat","Assets/BornToDig/PrefabGallery/GalleryMaterials/GLOW_YELLOW_e27d149d_Transparent.mat","GLOW_YELLOW","Universal Render Pipeline/2D/Mesh2D-Lit-Default","Universal Render Pipeline/Lit"
"gallery_copy_applied","urp_2d_shader_on_3d_renderer","Assets/Daniel Mistage/STYLIZED Low Poly Fantasy Bundle/STYLIZED Fantasy Market - Low Poly 3D Art/Prefabs/Stalls/Blacksmith/Stall/Forge_Stall_Anim.prefab","Assets/Daniel Mistage/STYLIZED Low Poly Fantasy Bundle/STYLIZED Fantasy Market - Low Poly 3D Art/Materials/GLOW_YELLOW.mat","Assets/BornToDig/PrefabGallery/GalleryMaterials/GLOW_YELLOW_e27d149d_Transparent.mat","GLOW_YELLOW","Universal Render Pipeline/2D/Mesh2D-Lit-Default","Universal Render Pipeline/Lit"
"gallery_copy_applied","urp_2d_shader_on_3d_renderer","Assets/Daniel Mistage/STYLIZED Low Poly Fantasy Bundle/STYLIZED Fantasy Market - Low Poly 3D Art/Prefabs/Stalls/Blacksmith/Stall/Forge_Stall_Anim.prefab","Assets/Daniel Mistage/STYLIZED Low Poly Fantasy Bundle/STYLIZED Fantasy Market - Low Poly 3D Art/Materials/GLOW_YELLOW.mat","Assets/BornToDig/PrefabGallery/GalleryMaterials/GLOW_YELLOW_e27d149d_Transparent.mat","GLOW_YELLOW","Universal Render Pipeline/2D/Mesh2D-Lit-Default","Universal Render Pipeline/Lit"
"gallery_copy_applied","urp_2d_shader_on_3d_renderer","Assets/Daniel Mistage/STYLIZED Low Poly Fantasy Bundle/STYLIZED Fantasy Market - Low Poly 3D Art/Prefabs/Stalls/Blacksmith/Tools/Hammers/SFM_FP_Blacksmith_Hammer.prefab","Assets/Daniel Mistage/STYLIZED Low Poly Fantasy Bundle/STYLIZED Fantasy Market - Low Poly 3D Art/Materials/GLOW_YELLOW.mat","Assets/BornToDig/PrefabGallery/GalleryMaterials/GLOW_YELLOW_e27d149d_Transparent.mat","GLOW_YELLOW","Universal Render Pipeline/2D/Mesh2D-Lit-Default","Universal Render Pipeline/Lit"
"gallery_copy_applied","urp_2d_shader_on_3d_renderer","Assets/Daniel Mistage/STYLIZED Low Poly Fantasy Bundle/STYLIZED Fantasy Market - Low Poly 3D Art/Prefabs/Stalls/Fabric/Stall/SFM_FS_Fabric_Stall 1.prefab","Assets/Daniel Mistage/STYLIZED Low Poly Fantasy Bundle/STYLIZED Fantasy Market - Low Poly 3D Art/Materials/GLOW_YELLOW.mat","Assets/BornToDig/PrefabGallery/GalleryMaterials/GLOW_YELLOW_e27d149d_Transparent.mat","GLOW_YELLOW","Universal Render Pipeline/2D/Mesh2D-Lit-Default","Universal Render Pipeline/Lit"
"gallery_copy_applied","urp_2d_shader_on_3d_renderer","Assets/Daniel Mistage/STYLIZED Low Poly Fantasy Bundle/STYLIZED Fantasy Market - Low Poly 3D Art/Prefabs/Stalls/Fabric/Stall/SFM_FS_Fabric_Stall_Anim.prefab","Assets/Daniel Mistage/STYLIZED Low Poly Fantasy Bundle/STYLIZED Fantasy Market - Low Poly 3D Art/Materials/GLOW_YELLOW.mat","Assets/BornToDig/PrefabGallery/GalleryMaterials/GLOW_YELLOW_e27d149d_Transparent.mat","GLOW_YELLOW","Universal Render Pipeline/2D/Mesh2D-Lit-Default","Universal Render Pipeline/Lit"
"gallery_copy_applied","urp_2d_shader_on_3d_renderer","Assets/Daniel Mistage/STYLIZED Low Poly Fantasy Bundle/STYLIZED Fantasy Market - Low Poly 3D Art/Prefabs/Stalls/Fishmonger/Stall/SFM_FS_Fish_Stall 1.prefab","Assets/Daniel Mistage/STYLIZED Low Poly Fantasy Bundle/STYLIZED Fantasy Market - Low Poly 3D Art/Materials/GLOW_YELLOW.mat","Assets/BornToDig/PrefabGallery/GalleryMaterials/GLOW_YELLOW_e27d149d_Transparent.mat","GLOW_YELLOW","Universal Render Pipeline/2D/Mesh2D-Lit-Default","Universal Render Pipeline/Lit"
"gallery_copy_applied","urp_2d_shader_on_3d_renderer","Assets/Daniel Mistage/STYLIZED Low Poly Fantasy Bundle/STYLIZED Fantasy Market - Low Poly 3D Art/Prefabs/Stalls/Fishmonger/Stall/SFM_FS_Fish_Stall_Anim.prefab","Assets/Daniel Mistage/STYLIZED Low Poly Fantasy Bundle/STYLIZED Fantasy Market - Low Poly 3D Art/Materials/GLOW_YELLOW.mat","Assets/BornToDig/PrefabGallery/GalleryMaterials/GLOW_YELLOW_e27d149d_Transparent.mat","GLOW_YELLOW","Universal Render Pipeline/2D/Mesh2D-Lit-Default","Universal Render Pipeline/Lit"
"gallery_copy_applied","urp_2d_shader_on_3d_renderer","Assets/Daniel Mistage/STYLIZED Low Poly Fantasy Bundle/STYLIZED Fantasy Market - Low Poly 3D Art/Prefabs/Stalls/Fruits and Veg/Stall - Cart/SFM_FVC_Cart_Anim.prefab","Assets/Daniel Mistage/STYLIZED Low Poly Fantasy Bundle/STYLIZED Fantasy Market - Low Poly 3D Art/Materials/GLOW_YELLOW.mat","Assets/BornToDig/PrefabGallery/GalleryMaterials/GLOW_YELLOW_e27d149d_Transparent.mat","GLOW_YELLOW","Universal Render Pipeline/2D/Mesh2D-Lit-Default","Universal Render Pipeline/Lit"
"gallery_copy_applied","urp_2d_shader_on_3d_renderer","Assets/Daniel Mistage/STYLIZED Low Poly Fantasy Bundle/STYLIZED Fantasy Market - Low Poly 3D Art/Prefabs/Stalls/Fruits and Veg/Stall - Cart/SFM_FVC_FaV_Cart 1.prefab","Assets/Daniel Mistage/STYLIZED Low Poly Fantasy Bundle/STYLIZED Fantasy Market - Low Poly 3D Art/Materials/GLOW_YELLOW.mat","Assets/BornToDig/PrefabGallery/GalleryMaterials/GLOW_YELLOW_e27d149d_Transparent.mat","GLOW_YELLOW","Universal Render Pipeline/2D/Mesh2D-Lit-Default","Universal Render Pipeline/Lit"
"gallery_copy_applied","urp_2d_shader_on_3d_renderer","Assets/Daniel Mistage/STYLIZED Low Poly Fantasy Bundle/STYLIZED Fantasy Market - Low Poly 3D Art/Prefabs/Stalls/Fruits and Veg/Stall - Cart/SFM_FVC_FaV_Cart 2 1.prefab","Assets/Daniel Mistage/STYLIZED Low Poly Fantasy Bundle/STYLIZED Fantasy Market - Low Poly 3D Art/Materials/GLOW_YELLOW.mat","Assets/BornToDig/PrefabGallery/GalleryMaterials/GLOW_YELLOW_e27d149d_Transparent.mat","GLOW_YELLOW","Universal Render Pipeline/2D/Mesh2D-Lit-Default","Universal Render Pipeline/Lit"
"gallery_copy_applied","urp_2d_shader_on_3d_renderer","Assets/Daniel Mistage/STYLIZED Low Poly Fantasy Bundle/STYLIZED Fantasy Market - Low Poly 3D Art/Prefabs/Stalls/Fruits and Veg/Stall - Cart/SFM_FVC_FaV_Cart 2.prefab","Assets/Daniel Mistage/STYLIZED Low Poly Fantasy Bundle/STYLIZED Fantasy Market - Low Poly 3D Art/Materials/GLOW_YELLOW.mat","Assets/BornToDig/PrefabGallery/GalleryMaterials/GLOW_YELLOW_e27d149d_Transparent.mat","GLOW_YELLOW","Universal Render Pipeline/2D/Mesh2D-Lit-Default","Universal Render Pipeline/Lit"
"gallery_copy_applied","urp_2d_shader_on_3d_renderer","Assets/Daniel Mistage/STYLIZED Low Poly Fantasy Bundle/STYLIZED Fantasy Tavern & Kitchen - Low Poly 3D Art/Prefabs/Decorative Props/Themed Props/Adventurer Props/Crosier Sphere/SFT_Crosier_Attachable.prefab","Assets/Daniel Mistage/STYLIZED Low Poly Fantasy Bundle/STYLIZED Fantasy Tavern & Kitchen - Low Poly 3D Art/Materials/GLOW.mat","Assets/BornToDig/PrefabGallery/GalleryMaterials/GLOW_8bb70141_Transparent.mat","GLOW","Universal Render Pipeline/2D/Mesh2D-Lit-Default","Universal Render Pipeline/Lit"
"gallery_copy_applied","urp_2d_shader_on_3d_renderer","Assets/Daniel Mistage/STYLIZED Low Poly Fantasy Bundle/STYLIZED Fantasy Tavern & Kitchen - Low Poly 3D Art/Prefabs/Decorative Props/Themed Props/Miner Props/Lamp Individual Parts/SFT_Gas_Lamp.prefab","Assets/Daniel Mistage/STYLIZED Low Poly Fantasy Bundle/STYLIZED Fantasy Tavern & Kitchen - Low Poly 3D Art/Materials/GLOW.mat","Assets/BornToDig/PrefabGallery/GalleryMaterials/GLOW_8bb70141_Transparent.mat","GLOW","Universal Render Pipeline/2D/Mesh2D-Lit-Default","Universal Render Pipeline/Lit"
"gallery_copy_applied","urp_2d_shader_on_3d_renderer","Assets/Daniel Mistage/STYLIZED Low Poly Fantasy Bundle/STYLIZED Fantasy Tavern & Kitchen - Low Poly 3D Art/Prefabs/Kitchen Props/Roasting Spit/Individual Pieces/SFT_Roasting_Spit_Glow.prefab","Assets/Daniel Mistage/STYLIZED Low Poly Fantasy Bundle/STYLIZED Fantasy Tavern & Kitchen - Low Poly 3D Art/Materials/GLOW.mat","Assets/BornToDig/PrefabGallery/GalleryMaterials/GLOW_8bb70141_Transparent.mat","GLOW","Universal Render Pipeline/2D/Mesh2D-Lit-Default","Universal Render Pipeline/Lit"
"gallery_copy_applied","urp_2d_shader_on_3d_renderer","Assets/Daniel Mistage/STYLIZED Low Poly Fantasy Bundle/STYLIZED Fantasy Tavern & Kitchen - Low Poly 3D Art/Prefabs/Tavern Structure/Individual Pieces/Windows/SFT_Building_Attachable_Window_001.prefab","Assets/Daniel Mistage/STYLIZED Low Poly Fantasy Bundle/STYLIZED Fantasy Tavern & Kitchen - Low Poly 3D Art/Materials/GLOW.mat","Assets/BornToDig/PrefabGallery/GalleryMaterials/GLOW_8bb70141_Transparent.mat","GLOW","Universal Render Pipeline/2D/Mesh2D-Lit-Default","Universal Render Pipeline/Lit"
"gallery_copy_applied","urp_2d_shader_on_3d_renderer","Assets/Daniel Mistage/STYLIZED Low Poly Fantasy Bundle/STYLIZED Fantasy Tavern & Kitchen - Low Poly 3D Art/Prefabs/Tavern Structure/Individual Pieces/Windows/SFT_Building_Attachable_Window_002.prefab","Assets/Daniel Mistage/STYLIZED Low Poly Fantasy Bundle/STYLIZED Fantasy Tavern & Kitchen - Low Poly 3D Art/Materials/GLOW.mat","Assets/BornToDig/PrefabGallery/GalleryMaterials/GLOW_8bb70141_Transparent.mat","GLOW","Universal Render Pipeline/2D/Mesh2D-Lit-Default","Universal Render Pipeline/Lit"
"gallery_copy_applied","urp_2d_shader_on_3d_renderer","Assets/Daniel Mistage/STYLIZED Low Poly Fantasy Bundle/STYLIZED Fantasy Tavern & Kitchen - Low Poly 3D Art/Prefabs/Bar Props/Tables/Themed Tables/Adventurer_Table.prefab","Assets/Daniel Mistage/STYLIZED Low Poly Fantasy Bundle/STYLIZED Fantasy Tavern & Kitchen - Low Poly 3D Art/Materials/GLOW_BLUE.mat","Assets/BornToDig/PrefabGallery/GalleryMaterials/GLOW_BLUE_aec68787_Transparent.mat","GLOW_BLUE","Universal Render Pipeline/2D/Mesh2D-Lit-Default","Universal Render Pipeline/Lit"
"gallery_copy_applied","urp_2d_shader_on_3d_renderer","Assets/Daniel Mistage/STYLIZED Low Poly Fantasy Bundle/STYLIZED Fantasy Tavern & Kitchen - Low Poly 3D Art/Prefabs/Decorative Props/Themed Props/Adventurer Props/SFT_Crosier 1.prefab","Assets/Daniel Mistage/STYLIZED Low Poly Fantasy Bundle/STYLIZED Fantasy Tavern & Kitchen - Low Poly 3D Art/Materials/GLOW_BLUE.mat","Assets/BornToDig/PrefabGallery/GalleryMaterials/GLOW_BLUE_aec68787_Transparent.mat","GLOW_BLUE","Universal Render Pipeline/2D/Mesh2D-Lit-Default","Universal Render Pipeline/Lit"
"gallery_copy_applied","urp_2d_shader_on_3d_renderer","Assets/Daniel Mistage/STYLIZED Low Poly Fantasy Bundle/STYLIZED Fantasy Tavern & Kitchen - Low Poly 3D Art/Prefabs/Decorative Props/Jukebox/SFT_Jukebox.prefab","Assets/Daniel Mistage/STYLIZED Low Poly Fantasy Bundle/STYLIZED Fantasy Tavern & Kitchen - Low Poly 3D Art/Materials/GLOW_GREEN.mat","Assets/BornToDig/PrefabGallery/GalleryMaterials/GLOW_GREEN_b479ce98_Transparent.mat","GLOW_GREEN","Universal Render Pipeline/2D/Mesh2D-Lit-Default","Universal Render Pipeline/Lit"
"gallery_copy_applied","urp_2d_shader_on_3d_renderer","Assets/Daniel Mistage/STYLIZED Low Poly Fantasy Bundle/STYLIZED Fantasy Tavern & Kitchen - Low Poly 3D Art/Prefabs/Decorative Props/Phone/SFT_Phone.prefab","Assets/Daniel Mistage/STYLIZED Low Poly Fantasy Bundle/STYLIZED Fantasy Tavern & Kitchen - Low Poly 3D Art/Materials/GLOW_GREEN.mat","Assets/BornToDig/PrefabGallery/GalleryMaterials/GLOW_GREEN_b479ce98_Transparent.mat","GLOW_GREEN","Universal Render Pipeline/2D/Mesh2D-Lit-Default","Universal Render Pipeline/Lit"
"gallery_copy_applied","urp_2d_shader_on_3d_renderer","Assets/Daniel Mistage/STYLIZED Low Poly Fantasy Bundle/STYLIZED Fantasy Tavern & Kitchen - Low Poly 3D Art/Prefabs/Kitchen Props/Roasting Spit/SFT_Roasting_Spit_003 1.prefab","Assets/Daniel Mistage/STYLIZED Low Poly Fantasy Bundle/STYLIZED Fantasy Tavern & Kitchen - Low Poly 3D Art/Materials/GLOW_ORANGE.mat","Assets/BornToDig/PrefabGallery/GalleryMaterials/GLOW_ORANGE_219775d2_Transparent.mat","GLOW_ORANGE","Universal Render Pipeline/2D/Mesh2D-Lit-Default","Universal Render Pipeline/Lit"
"gallery_copy_applied","urp_2d_shader_on_3d_renderer","Assets/Daniel Mistage/STYLIZED Low Poly Fantasy Bundle/STYLIZED Fantasy Tavern & Kitchen - Low Poly 3D Art/Prefabs/Scene Prefabs/SFT_Roasting_Spit_003 1.prefab","Assets/Daniel Mistage/STYLIZED Low Poly Fantasy Bundle/STYLIZED Fantasy Tavern & Kitchen - Low Poly 3D Art/Materials/GLOW_ORANGE.mat","Assets/BornToDig/PrefabGallery/GalleryMaterials/GLOW_ORANGE_219775d2_Transparent.mat","GLOW_ORANGE","Universal Render Pipeline/2D/Mesh2D-Lit-Default","Universal Render Pipeline/Lit"
"gallery_copy_applied","urp_2d_shader_on_3d_renderer","Assets/Daniel Mistage/STYLIZED Low Poly Fantasy Bundle/STYLIZED Fantasy Tavern & Kitchen - Low Poly 3D Art/Prefabs/Bar Props/Tables/Themed Tables/Adventurer_Table.prefab","Assets/Daniel Mistage/STYLIZED Low Poly Fantasy Bundle/STYLIZED Fantasy Tavern & Kitchen - Low Poly 3D Art/Materials/GLOW_PINK.mat","Assets/BornToDig/PrefabGallery/GalleryMaterials/GLOW_PINK_87bb6143_Transparent.mat","GLOW_PINK","Universal Render Pipeline/2D/Mesh2D-Lit-Default","Universal Render Pipeline/Lit"
"gallery_copy_applied","urp_2d_shader_on_3d_renderer","Assets/Daniel Mistage/STYLIZED Low Poly Fantasy Bundle/STYLIZED Fantasy Tavern & Kitchen - Low Poly 3D Art/Prefabs/Decorative Props/Themed Props/Adventurer Props/SFT_Crosier 1.prefab","Assets/Daniel Mistage/STYLIZED Low Poly Fantasy Bundle/STYLIZED Fantasy Tavern & Kitchen - Low Poly 3D Art/Materials/GLOW_PINK.mat","Assets/BornToDig/PrefabGallery/GalleryMaterials/GLOW_PINK_87bb6143_Transparent.mat","GLOW_PINK","Universal Render Pipeline/2D/Mesh2D-Lit-Default","Universal Render Pipeline/Lit"
"gallery_copy_applied","urp_2d_shader_on_3d_renderer","Assets/Daniel Mistage/STYLIZED Low Poly Fantasy Bundle/STYLIZED Fantasy Tavern & Kitchen - Low Poly 3D Art/Prefabs/Decorative Props/Themed Props/Warrior Props/SFT_Battle_Knife.prefab","Assets/Daniel Mistage/STYLIZED Low Poly Fantasy Bundle/STYLIZED Fantasy Tavern & Kitchen - Low Poly 3D Art/Materials/GLOW_RED.mat","Assets/BornToDig/PrefabGallery/GalleryMaterials/GLOW_RED_07267fd4_Transparent.mat","GLOW_RED","Universal Render Pipeline/2D/Mesh2D-Lit-Default","Universal Render Pipeline/Lit"
"gallery_copy_applied","urp_2d_shader_on_3d_renderer","Assets/Daniel Mistage/STYLIZED Low Poly Fantasy Bundle/STYLIZED Fantasy Tavern & Kitchen - Low Poly 3D Art/Prefabs/Bar Props/Tables/Themed Tables/Adventurer_Table.prefab","Assets/Daniel Mistage/STYLIZED Low Poly Fantasy Bundle/STYLIZED Fantasy Tavern & Kitchen - Low Poly 3D Art/Materials/GLOW_YELLOW.mat","Assets/BornToDig/PrefabGallery/GalleryMaterials/GLOW_YELLOW_9d08d8dd_Transparent.mat","GLOW_YELLOW","Universal Render Pipeline/2D/Mesh2D-Lit-Default","Universal Render Pipeline/Lit"
"gallery_copy_applied","urp_2d_shader_on_3d_renderer","Assets/Daniel Mistage/STYLIZED Low Poly Fantasy Bundle/STYLIZED Fantasy Tavern & Kitchen - Low Poly 3D Art/Prefabs/Bar Props/Tables/Themed Tables/Miner_Table.prefab","Assets/Daniel Mistage/STYLIZED Low Poly Fantasy Bundle/STYLIZED Fantasy Tavern & Kitchen - Low Poly 3D Art/Materials/GLOW_YELLOW.mat","Assets/BornToDig/PrefabGallery/GalleryMaterials/GLOW_YELLOW_9d08d8dd_Transparent.mat","GLOW_YELLOW","Universal Render Pipeline/2D/Mesh2D-Lit-Default","Universal Render Pipeline/Lit"
"gallery_copy_applied","urp_2d_shader_on_3d_renderer","Assets/Daniel Mistage/STYLIZED Low Poly Fantasy Bundle/STYLIZED Fantasy Tavern & Kitchen - Low Poly 3D Art/Prefabs/Decorative Props/Lamp/SFT_Chain.prefab","Assets/Daniel Mistage/STYLIZED Low Poly Fantasy Bundle/STYLIZED Fantasy Tavern & Kitchen - Low Poly 3D Art/Materials/GLOW_YELLOW.mat","Assets/BornToDig/PrefabGallery/GalleryMaterials/GLOW_YELLOW_9d08d8dd_Transparent.mat","GLOW_YELLOW","Universal Render Pipeline/2D/Mesh2D-Lit-Default","Universal Render Pipeline/Lit"
"gallery_copy_applied","urp_2d_shader_on_3d_renderer","Assets/Daniel Mistage/STYLIZED Low Poly Fantasy Bundle/STYLIZED Fantasy Tavern & Kitchen - Low Poly 3D Art/Prefabs/Decorative Props/Lamp/SFT_Lamp_Stylized.prefab","Assets/Daniel Mistage/STYLIZED Low Poly Fantasy Bundle/STYLIZED Fantasy Tavern & Kitchen - Low Poly 3D Art/Materials/GLOW_YELLOW.mat","Assets/BornToDig/PrefabGallery/GalleryMaterials/GLOW_YELLOW_9d08d8dd_Transparent.mat","GLOW_YELLOW","Universal Render Pipeline/2D/Mesh2D-Lit-Default","Universal Render Pipeline/Lit"
"gallery_copy_applied","urp_2d_shader_on_3d_renderer","Assets/Daniel Mistage/STYLIZED Low Poly Fantasy Bundle/STYLIZED Fantasy Tavern & Kitchen - Low Poly 3D Art/Prefabs/Decorative Props/Themed Props/Adventurer Props/SFT_Crosier 1.prefab","Assets/Daniel Mistage/STYLIZED Low Poly Fantasy Bundle/STYLIZED Fantasy Tavern & Kitchen - Low Poly 3D Art/Materials/GLOW_YELLOW.mat","Assets/BornToDig/PrefabGallery/GalleryMaterials/GLOW_YELLOW_9d08d8dd_Transparent.mat","GLOW_YELLOW","Universal Render Pipeline/2D/Mesh2D-Lit-Default","Universal Render Pipeline/Lit"
"gallery_copy_applied","urp_2d_shader_on_3d_renderer","Assets/Daniel Mistage/STYLIZED Low Poly Fantasy Bundle/STYLIZED Fantasy Tavern & Kitchen - Low Poly 3D Art/Prefabs/Decorative Props/Themed Props/Miner Props/SFT_Gas_Lamp.prefab","Assets/Daniel Mistage/STYLIZED Low Poly Fantasy Bundle/STYLIZED Fantasy Tavern & Kitchen - Low Poly 3D Art/Materials/GLOW_YELLOW.mat","Assets/BornToDig/PrefabGallery/GalleryMaterials/GLOW_YELLOW_9d08d8dd_Transparent.mat","GLOW_YELLOW","Universal Render Pipeline/2D/Mesh2D-Lit-Default","Universal Render Pipeline/Lit"
"gallery_copy_applied","urp_2d_shader_on_3d_renderer","Assets/Daniel Mistage/STYLIZED Low Poly Fantasy Bundle/STYLIZED Fantasy Tavern & Kitchen - Low Poly 3D Art/Prefabs/Tavern Structure/SFT_Building - Copy 1.prefab","Assets/Daniel Mistage/STYLIZED Low Poly Fantasy Bundle/STYLIZED Fantasy Tavern & Kitchen - Low Poly 3D Art/Materials/GLOW_YELLOW.mat","Assets/BornToDig/PrefabGallery/GalleryMaterials/GLOW_YELLOW_9d08d8dd_Transparent.mat","GLOW_YELLOW","Universal Render Pipeline/2D/Mesh2D-Lit-Default","Universal Render Pipeline/Lit"
"gallery_copy_applied","urp_2d_shader_on_3d_renderer","Assets/Daniel Mistage/STYLIZED Low Poly Fantasy Bundle/STYLIZED Fantasy Tavern & Kitchen - Low Poly 3D Art/Prefabs/Tavern Structure/SFT_Building - Copy 1.prefab","Assets/Daniel Mistage/STYLIZED Low Poly Fantasy Bundle/STYLIZED Fantasy Tavern & Kitchen - Low Poly 3D Art/Materials/GLOW_YELLOW.mat","Assets/BornToDig/PrefabGallery/GalleryMaterials/GLOW_YELLOW_9d08d8dd_Transparent.mat","GLOW_YELLOW","Universal Render Pipeline/2D/Mesh2D-Lit-Default","Universal Render Pipeline/Lit"
"gallery_copy_applied","urp_2d_shader_on_3d_renderer","Assets/Daniel Mistage/STYLIZED Low Poly Fantasy Bundle/STYLIZED Fantasy Tavern & Kitchen - Low Poly 3D Art/Prefabs/Tavern Structure/SFT_Building - Copy 1.prefab","Assets/Daniel Mistage/STYLIZED Low Poly Fantasy Bundle/STYLIZED Fantasy Tavern & Kitchen - Low Poly 3D Art/Materials/GLOW_YELLOW.mat","Assets/BornToDig/PrefabGallery/GalleryMaterials/GLOW_YELLOW_9d08d8dd_Transparent.mat","GLOW_YELLOW","Universal Render Pipeline/2D/Mesh2D-Lit-Default","Universal Render Pipeline/Lit"
"gallery_copy_applied","urp_2d_shader_on_3d_renderer","Assets/Daniel Mistage/STYLIZED Low Poly Fantasy Bundle/STYLIZED Fantasy Tavern & Kitchen - Low Poly 3D Art/Prefabs/Tavern Structure/SFT_Building - Copy 1.prefab","Assets/Daniel Mistage/STYLIZED Low Poly Fantasy Bundle/STYLIZED Fantasy Tavern & Kitchen - Low Poly 3D Art/Materials/GLOW_YELLOW.mat","Assets/BornToDig/PrefabGallery/GalleryMaterials/GLOW_YELLOW_9d08d8dd_Transparent.mat","GLOW_YELLOW","Universal Render Pipeline/2D/Mesh2D-Lit-Default","Universal Render Pipeline/Lit"
"gallery_copy_applied","urp_2d_shader_on_3d_renderer","Assets/Daniel Mistage/STYLIZED Low Poly Fantasy Bundle/STYLIZED Fantasy Tavern & Kitchen - Low Poly 3D Art/Prefabs/Tavern Structure/SFT_Building - Copy.prefab","Assets/Daniel Mistage/STYLIZED Low Poly Fantasy Bundle/STYLIZED Fantasy Tavern & Kitchen - Low Poly 3D Art/Materials/GLOW_YELLOW.mat","Assets/BornToDig/PrefabGallery/GalleryMaterials/GLOW_YELLOW_9d08d8dd_Transparent.mat","GLOW_YELLOW","Universal Render Pipeline/2D/Mesh2D-Lit-Default","Universal Render Pipeline/Lit"
"gallery_copy_applied","urp_2d_shader_on_3d_renderer","Assets/Daniel Mistage/STYLIZED Low Poly Fantasy Bundle/STYLIZED Fantasy Tavern & Kitchen - Low Poly 3D Art/Prefabs/Tavern Structure/SFT_Building - Copy.prefab","Assets/Daniel Mistage/STYLIZED Low Poly Fantasy Bundle/STYLIZED Fantasy Tavern & Kitchen - Low Poly 3D Art/Materials/GLOW_YELLOW.mat","Assets/BornToDig/PrefabGallery/GalleryMaterials/GLOW_YELLOW_9d08d8dd_Transparent.mat","GLOW_YELLOW","Universal Render Pipeline/2D/Mesh2D-Lit-Default","Universal Render Pipeline/Lit"
"gallery_copy_applied","urp_2d_shader_on_3d_renderer","Assets/Daniel Mistage/STYLIZED Low Poly Fantasy Bundle/STYLIZED Fantasy Tavern & Kitchen - Low Poly 3D Art/Prefabs/Tavern Structure/SFT_Building - Copy.prefab","Assets/Daniel Mistage/STYLIZED Low Poly Fantasy Bundle/STYLIZED Fantasy Tavern & Kitchen - Low Poly 3D Art/Materials/GLOW_YELLOW.mat","Assets/BornToDig/PrefabGallery/GalleryMaterials/GLOW_YELLOW_9d08d8dd_Transparent.mat","GLOW_YELLOW","Universal Render Pipeline/2D/Mesh2D-Lit-Default","Universal Render Pipeline/Lit"
"gallery_copy_applied","urp_2d_shader_on_3d_renderer","Assets/Daniel Mistage/STYLIZED Low Poly Fantasy Bundle/STYLIZED Fantasy Tavern & Kitchen - Low Poly 3D Art/Prefabs/Tavern Structure/SFT_Building - Copy.prefab","Assets/Daniel Mistage/STYLIZED Low Poly Fantasy Bundle/STYLIZED Fantasy Tavern & Kitchen - Low Poly 3D Art/Materials/GLOW_YELLOW.mat","Assets/BornToDig/PrefabGallery/GalleryMaterials/GLOW_YELLOW_9d08d8dd_Transparent.mat","GLOW_YELLOW","Universal Render Pipeline/2D/Mesh2D-Lit-Default","Universal Render Pipeline/Lit"
"gallery_copy_applied","urp_2d_shader_on_3d_renderer","Assets/Daniel Mistage/STYLIZED Low Poly Fantasy Bundle/STYLIZED Fantasy Tavern & Kitchen - Low Poly 3D Art/Prefabs/Tavern Structure/SFT_Building 1 1.prefab","Assets/Daniel Mistage/STYLIZED Low Poly Fantasy Bundle/STYLIZED Fantasy Tavern & Kitchen - Low Poly 3D Art/Materials/GLOW_YELLOW.mat","Assets/BornToDig/PrefabGallery/GalleryMaterials/GLOW_YELLOW_9d08d8dd_Transparent.mat","GLOW_YELLOW","Universal Render Pipeline/2D/Mesh2D-Lit-Default","Universal Render Pipeline/Lit"
"gallery_copy_applied","urp_2d_shader_on_3d_renderer","Assets/Daniel Mistage/STYLIZED Low Poly Fantasy Bundle/STYLIZED Fantasy Tavern & Kitchen - Low Poly 3D Art/Prefabs/Tavern Structure/SFT_Building 1 1.prefab","Assets/Daniel Mistage/STYLIZED Low Poly Fantasy Bundle/STYLIZED Fantasy Tavern & Kitchen - Low Poly 3D Art/Materials/GLOW_YELLOW.mat","Assets/BornToDig/PrefabGallery/GalleryMaterials/GLOW_YELLOW_9d08d8dd_Transparent.mat","GLOW_YELLOW","Universal Render Pipeline/2D/Mesh2D-Lit-Default","Universal Render Pipeline/Lit"
"gallery_copy_applied","urp_2d_shader_on_3d_renderer","Assets/Daniel Mistage/STYLIZED Low Poly Fantasy Bundle/STYLIZED Fantasy Tavern & Kitchen - Low Poly 3D Art/Prefabs/Tavern Structure/SFT_Building 1 1.prefab","Assets/Daniel Mistage/STYLIZED Low Poly Fantasy Bundle/STYLIZED Fantasy Tavern & Kitchen - Low Poly 3D Art/Materials/GLOW_YELLOW.mat","Assets/BornToDig/PrefabGallery/GalleryMaterials/GLOW_YELLOW_9d08d8dd_Transparent.mat","GLOW_YELLOW","Universal Render Pipeline/2D/Mesh2D-Lit-Default","Universal Render Pipeline/Lit"
"gallery_copy_applied","urp_2d_shader_on_3d_renderer","Assets/Daniel Mistage/STYLIZED Low Poly Fantasy Bundle/STYLIZED Fantasy Tavern & Kitchen - Low Poly 3D Art/Prefabs/Tavern Structure/SFT_Building 1 1.prefab","Assets/Daniel Mistage/STYLIZED Low Poly Fantasy Bundle/STYLIZED Fantasy Tavern & Kitchen - Low Poly 3D Art/Materials/GLOW_YELLOW.mat","Assets/BornToDig/PrefabGallery/GalleryMaterials/GLOW_YELLOW_9d08d8dd_Transparent.mat","GLOW_YELLOW","Universal Render Pipeline/2D/Mesh2D-Lit-Default","Universal Render Pipeline/Lit"
"gallery_copy_applied","urp_2d_shader_on_3d_renderer","Assets/Daniel Mistage/STYLIZED Low Poly Fantasy Bundle/STYLIZED Fantasy Tavern & Kitchen - Low Poly 3D Art/Prefabs/Tavern Structure/SFT_Building 1 2.prefab","Assets/Daniel Mistage/STYLIZED Low Poly Fantasy Bundle/STYLIZED Fantasy Tavern & Kitchen - Low Poly 3D Art/Materials/GLOW_YELLOW.mat","Assets/BornToDig/PrefabGallery/GalleryMaterials/GLOW_YELLOW_9d08d8dd_Transparent.mat","GLOW_YELLOW","Universal Render Pipeline/2D/Mesh2D-Lit-Default","Universal Render Pipeline/Lit"
"gallery_copy_applied","urp_2d_shader_on_3d_renderer","Assets/Daniel Mistage/STYLIZED Low Poly Fantasy Bundle/STYLIZED Fantasy Tavern & Kitchen - Low Poly 3D Art/Prefabs/Tavern Structure/SFT_Building 1 2.prefab","Assets/Daniel Mistage/STYLIZED Low Poly Fantasy Bundle/STYLIZED Fantasy Tavern & Kitchen - Low Poly 3D Art/Materials/GLOW_YELLOW.mat","Assets/BornToDig/PrefabGallery/GalleryMaterials/GLOW_YELLOW_9d08d8dd_Transparent.mat","GLOW_YELLOW","Universal Render Pipeline/2D/Mesh2D-Lit-Default","Universal Render Pipeline/Lit"
"gallery_copy_applied","urp_2d_shader_on_3d_renderer","Assets/Daniel Mistage/STYLIZED Low Poly Fantasy Bundle/STYLIZED Fantasy Tavern & Kitchen - Low Poly 3D Art/Prefabs/Tavern Structure/SFT_Building 1 2.prefab","Assets/Daniel Mistage/STYLIZED Low Poly Fantasy Bundle/STYLIZED Fantasy Tavern & Kitchen - Low Poly 3D Art/Materials/GLOW_YELLOW.mat","Assets/BornToDig/PrefabGallery/GalleryMaterials/GLOW_YELLOW_9d08d8dd_Transparent.mat","GLOW_YELLOW","Universal Render Pipeline/2D/Mesh2D-Lit-Default","Universal Render Pipeline/Lit"
"gallery_copy_applied","urp_2d_shader_on_3d_renderer","Assets/Daniel Mistage/STYLIZED Low Poly Fantasy Bundle/STYLIZED Fantasy Tavern & Kitchen - Low Poly 3D Art/Prefabs/Tavern Structure/SFT_Building 1 2.prefab","Assets/Daniel Mistage/STYLIZED Low Poly Fantasy Bundle/STYLIZED Fantasy Tavern & Kitchen - Low Poly 3D Art/Materials/GLOW_YELLOW.mat","Assets/BornToDig/PrefabGallery/GalleryMaterials/GLOW_YELLOW_9d08d8dd_Transparent.mat","GLOW_YELLOW","Universal Render Pipeline/2D/Mesh2D-Lit-Default","Universal Render Pipeline/Lit"
"gallery_copy_applied","urp_2d_shader_on_3d_renderer","Assets/Daniel Mistage/STYLIZED Low Poly Fantasy Bundle/STYLIZED Fantasy Tavern & Kitchen - Low Poly 3D Art/Prefabs/Tavern Structure/SFT_Building 1.prefab","Assets/Daniel Mistage/STYLIZED Low Poly Fantasy Bundle/STYLIZED Fantasy Tavern & Kitchen - Low Poly 3D Art/Materials/GLOW_YELLOW.mat","Assets/BornToDig/PrefabGallery/GalleryMaterials/GLOW_YELLOW_9d08d8dd_Transparent.mat","GLOW_YELLOW","Universal Render Pipeline/2D/Mesh2D-Lit-Default","Universal Render Pipeline/Lit"
"gallery_copy_applied","urp_2d_shader_on_3d_renderer","Assets/Daniel Mistage/STYLIZED Low Poly Fantasy Bundle/STYLIZED Fantasy Tavern & Kitchen - Low Poly 3D Art/Prefabs/Tavern Structure/SFT_Building 1.prefab","Assets/Daniel Mistage/STYLIZED Low Poly Fantasy Bundle/STYLIZED Fantasy Tavern & Kitchen - Low Poly 3D Art/Materials/GLOW_YELLOW.mat","Assets/BornToDig/PrefabGallery/GalleryMaterials/GLOW_YELLOW_9d08d8dd_Transparent.mat","GLOW_YELLOW","Universal Render Pipeline/2D/Mesh2D-Lit-Default","Universal Render Pipeline/Lit"
"gallery_copy_applied","urp_2d_shader_on_3d_renderer","Assets/Daniel Mistage/STYLIZED Low Poly Fantasy Bundle/STYLIZED Fantasy Tavern & Kitchen - Low Poly 3D Art/Prefabs/Tavern Structure/SFT_Building 1.prefab","Assets/Daniel Mistage/STYLIZED Low Poly Fantasy Bundle/STYLIZED Fantasy Tavern & Kitchen - Low Poly 3D Art/Materials/GLOW_YELLOW.mat","Assets/BornToDig/PrefabGallery/GalleryMaterials/GLOW_YELLOW_9d08d8dd_Transparent.mat","GLOW_YELLOW","Universal Render Pipeline/2D/Mesh2D-Lit-Default","Universal Render Pipeline/Lit"
"gallery_copy_applied","urp_2d_shader_on_3d_renderer","Assets/Daniel Mistage/STYLIZED Low Poly Fantasy Bundle/STYLIZED Fantasy Tavern & Kitchen - Low Poly 3D Art/Prefabs/Tavern Structure/SFT_Building 1.prefab","Assets/Daniel Mistage/STYLIZED Low Poly Fantasy Bundle/STYLIZED Fantasy Tavern & Kitchen - Low Poly 3D Art/Materials/GLOW_YELLOW.mat","Assets/BornToDig/PrefabGallery/GalleryMaterials/GLOW_YELLOW_9d08d8dd_Transparent.mat","GLOW_YELLOW","Universal Render Pipeline/2D/Mesh2D-Lit-Default","Universal Render Pipeline/Lit"
"gallery_copy_applied","urp_2d_shader_on_3d_renderer","Assets/Daniel Mistage/STYLIZED Low Poly Fantasy Bundle/STYLIZED Fantasy Village - Low Poly 3D Art/Prefabs/Enviroment Props/Lamp/Individual Parts/SFV_Hand_Lamp.prefab","Assets/Daniel Mistage/STYLIZED Low Poly Fantasy Bundle/STYLIZED Fantasy Village - Low Poly 3D Art/Materials/GLOW.mat","Assets/BornToDig/PrefabGallery/GalleryMaterials/GLOW_0cd5b73e_Transparent.mat","GLOW","Universal Render Pipeline/2D/Mesh2D-Lit-Default","Universal Render Pipeline/Lit"
"gallery_copy_applied","urp_2d_shader_on_3d_renderer","Assets/Daniel Mistage/STYLIZED Low Poly Fantasy Bundle/STYLIZED Fantasy Village - Low Poly 3D Art/Prefabs/Enviroment Props/Lamp/SFV_Hand_Lamp 1.prefab","Assets/Daniel Mistage/STYLIZED Low Poly Fantasy Bundle/STYLIZED Fantasy Village - Low Poly 3D Art/Materials/GLOW.mat","Assets/BornToDig/PrefabGallery/GalleryMaterials/GLOW_0cd5b73e_Transparent.mat","GLOW","Universal Render Pipeline/2D/Mesh2D-Lit-Default","Universal Render Pipeline/Lit"
"gallery_copy_applied","urp_2d_shader_on_3d_renderer","Assets/Daniel Mistage/STYLIZED Low Poly Fantasy Bundle/STYLIZED Fantasy Village - Low Poly 3D Art/Prefabs/Enviroment Props/Light Pole/SFV_Light_Pole 1.prefab","Assets/Daniel Mistage/STYLIZED Low Poly Fantasy Bundle/STYLIZED Fantasy Village - Low Poly 3D Art/Materials/GLOW.mat","Assets/BornToDig/PrefabGallery/GalleryMaterials/GLOW_0cd5b73e_Transparent.mat","GLOW","Universal Render Pipeline/2D/Mesh2D-Lit-Default","Universal Render Pipeline/Lit"
"gallery_copy_applied","urp_2d_shader_on_3d_renderer","Assets/Daniel Mistage/STYLIZED Low Poly Fantasy Bundle/STYLIZED Fantasy Village - Low Poly 3D Art/Prefabs/Enviroment Props/Light Pole/SFV_Light_Pole_anim.prefab","Assets/Daniel Mistage/STYLIZED Low Poly Fantasy Bundle/STYLIZED Fantasy Village - Low Poly 3D Art/Materials/GLOW.mat","Assets/BornToDig/PrefabGallery/GalleryMaterials/GLOW_0cd5b73e_Transparent.mat","GLOW","Universal Render Pipeline/2D/Mesh2D-Lit-Default","Universal Render Pipeline/Lit"
"gallery_copy_applied","urp_2d_shader_on_3d_renderer","Assets/Daniel Mistage/STYLIZED Low Poly Fantasy Bundle/STYLIZED Fantasy Village - Low Poly 3D Art/Prefabs/Enviroment Props/Light Pole/SFV_Light_Pole_Lamp.prefab","Assets/Daniel Mistage/STYLIZED Low Poly Fantasy Bundle/STYLIZED Fantasy Village - Low Poly 3D Art/Materials/GLOW.mat","Assets/BornToDig/PrefabGallery/GalleryMaterials/GLOW_0cd5b73e_Transparent.mat","GLOW","Universal Render Pipeline/2D/Mesh2D-Lit-Default","Universal Render Pipeline/Lit"
"gallery_copy_applied","urp_2d_shader_on_3d_renderer","Assets/Daniel Mistage/STYLIZED Low Poly Fantasy Bundle/STYLIZED Fantasy Village - Low Poly 3D Art/Prefabs/Interior Props/Tables/SFV_Table_003 1 1.prefab","Assets/Daniel Mistage/STYLIZED Low Poly Fantasy Bundle/STYLIZED Fantasy Village - Low Poly 3D Art/Materials/GLOW.mat","Assets/BornToDig/PrefabGallery/GalleryMaterials/GLOW_0cd5b73e_Transparent.mat","GLOW","Universal Render Pipeline/2D/Mesh2D-Lit-Default","Universal Render Pipeline/Lit"
"gallery_copy_applied","urp_2d_shader_on_3d_renderer","Assets/Daniel Mistage/STYLIZED Low Poly Fantasy Bundle/STYLIZED Fantasy Village - Low Poly 3D Art/Prefabs/Buildings/Building Attachables/Attic Window/SFV_Roof_Window_Attachable_001.prefab","Assets/Daniel Mistage/STYLIZED Low Poly Fantasy Bundle/STYLIZED Fantasy Village - Low Poly 3D Art/Materials/ROOF_BLUE.mat","Assets/BornToDig/PrefabGallery/GalleryMaterials/ROOF_BLUE_7b03230c_Transparent.mat","ROOF_BLUE","Universal Render Pipeline/2D/Mesh2D-Lit-Default","Universal Render Pipeline/Lit"
"gallery_copy_applied","urp_2d_shader_on_3d_renderer","Assets/Daniel Mistage/STYLIZED Low Poly Fantasy Bundle/STYLIZED Fantasy Village - Low Poly 3D Art/Prefabs/Buildings/Building Attachables/Attic Window/SFV_Roof_Window_Attachable_002.prefab","Assets/Daniel Mistage/STYLIZED Low Poly Fantasy Bundle/STYLIZED Fantasy Village - Low Poly 3D Art/Materials/ROOF_BLUE.mat","Assets/BornToDig/PrefabGallery/GalleryMaterials/ROOF_BLUE_7b03230c_Transparent.mat","ROOF_BLUE","Universal Render Pipeline/2D/Mesh2D-Lit-Default","Universal Render Pipeline/Lit"
"gallery_copy_applied","urp_2d_shader_on_3d_renderer","Assets/Daniel Mistage/STYLIZED Low Poly Fantasy Bundle/STYLIZED Fantasy Village - Low Poly 3D Art/Prefabs/Buildings/Building Attachables/Entrance Attachable/SFV_Entrance_Attachable.prefab","Assets/Daniel Mistage/STYLIZED Low Poly Fantasy Bundle/STYLIZED Fantasy Village - Low Poly 3D Art/Materials/ROOF_BLUE.mat","Assets/BornToDig/PrefabGallery/GalleryMaterials/ROOF_BLUE_7b03230c_Transparent.mat","ROOF_BLUE","Universal Render Pipeline/2D/Mesh2D-Lit-Default","Universal Render Pipeline/Lit"
"gallery_copy_applied","urp_2d_shader_on_3d_renderer","Assets/Daniel Mistage/STYLIZED Low Poly Fantasy Bundle/STYLIZED Fantasy Village - Low Poly 3D Art/Prefabs/Buildings/Building Attachables/Entrance Attachable/SFV_Entrance_Attachable.prefab","Assets/Daniel Mistage/STYLIZED Low Poly Fantasy Bundle/STYLIZED Fantasy Village - Low Poly 3D Art/Materials/ROOF_BLUE.mat","Assets/BornToDig/PrefabGallery/GalleryMaterials/ROOF_BLUE_7b03230c_Transparent.mat","ROOF_BLUE","Universal Render Pipeline/2D/Mesh2D-Lit-Default","Universal Render Pipeline/Lit"
"gallery_copy_applied","urp_2d_shader_on_3d_renderer","Assets/Daniel Mistage/STYLIZED Low Poly Fantasy Bundle/STYLIZED Fantasy Village - Low Poly 3D Art/Prefabs/Buildings/Building Attachables/Entrance Attachable/SFV_Entrance_Attachable.prefab","Assets/Daniel Mistage/STYLIZED Low Poly Fantasy Bundle/STYLIZED Fantasy Village - Low Poly 3D Art/Materials/ROOF_BLUE.mat","Assets/BornToDig/PrefabGallery/GalleryMaterials/ROOF_BLUE_7b03230c_Transparent.mat","ROOF_BLUE","Universal Render Pipeline/2D/Mesh2D-Lit-Default","Universal Render Pipeline/Lit"
"gallery_copy_applied","urp_2d_shader_on_3d_renderer","Assets/Daniel Mistage/STYLIZED Low Poly Fantasy Bundle/STYLIZED Fantasy Village - Low Poly 3D Art/Prefabs/Buildings/Building Attachables/Entrance Attachable/SFV_Entrance_Attachable.prefab","Assets/Daniel Mistage/STYLIZED Low Poly Fantasy Bundle/STYLIZED Fantasy Village - Low Poly 3D Art/Materials/ROOF_BLUE.mat","Assets/BornToDig/PrefabGallery/GalleryMaterials/ROOF_BLUE_7b03230c_Transparent.mat","ROOF_BLUE","Universal Render Pipeline/2D/Mesh2D-Lit-Default","Universal Render Pipeline/Lit"
"gallery_copy_applied","urp_2d_shader_on_3d_renderer","Assets/Daniel Mistage/STYLIZED Low Poly Fantasy Bundle/STYLIZED Fantasy Village - Low Poly 3D Art/Prefabs/Buildings/Empty Walls/Walls/Wooden/Windows/SFV_Window_Wall_Wooden_M_Empty (1).prefab","Assets/Daniel Mistage/STYLIZED Low Poly Fantasy Bundle/STYLIZED Fantasy Village - Low Poly 3D Art/Materials/ROOF_BLUE.mat","Assets/BornToDig/PrefabGallery/GalleryMaterials/ROOF_BLUE_7b03230c_Transparent.mat","ROOF_BLUE","Universal Render Pipeline/2D/Mesh2D-Lit-Default","Universal Render Pipeline/Lit"
"gallery_copy_applied","urp_2d_shader_on_3d_renderer","Assets/Daniel Mistage/STYLIZED Low Poly Fantasy Bundle/STYLIZED Fantasy Village - Low Poly 3D Art/Prefabs/Buildings/Empty Walls/Walls/Wooden/Windows/SFV_Window_Wall_Wooden_M_Empty.prefab","Assets/Daniel Mistage/STYLIZED Low Poly Fantasy Bundle/STYLIZED Fantasy Village - Low Poly 3D Art/Materials/ROOF_BLUE.mat","Assets/BornToDig/PrefabGallery/GalleryMaterials/ROOF_BLUE_7b03230c_Transparent.mat","ROOF_BLUE","Universal Render Pipeline/2D/Mesh2D-Lit-Default","Universal Render Pipeline/Lit"
"gallery_copy_applied","urp_2d_shader_on_3d_renderer","Assets/Daniel Mistage/STYLIZED Low Poly Fantasy Bundle/STYLIZED Fantasy Village - Low Poly 3D Art/Prefabs/Buildings/Empty Walls/Walls/Wooden/Windows/SFV_Window_Wall_Wooden_S_002_Empty.prefab","Assets/Daniel Mistage/STYLIZED Low Poly Fantasy Bundle/STYLIZED Fantasy Village - Low Poly 3D Art/Materials/ROOF_BLUE.mat","Assets/BornToDig/PrefabGallery/GalleryMaterials/ROOF_BLUE_7b03230c_Transparent.mat","ROOF_BLUE","Universal Render Pipeline/2D/Mesh2D-Lit-Default","Universal Render Pipeline/Lit"
"gallery_copy_applied","urp_2d_shader_on_3d_renderer","Assets/Daniel Mistage/STYLIZED Low Poly Fantasy Bundle/STYLIZED Fantasy Village - Low Poly 3D Art/Prefabs/Buildings/Empty Walls/Windows/SFV_Window_Wall_Wooden_M_Empty (1).prefab","Assets/Daniel Mistage/STYLIZED Low Poly Fantasy Bundle/STYLIZED Fantasy Village - Low Poly 3D Art/Materials/ROOF_BLUE.mat","Assets/BornToDig/PrefabGallery/GalleryMaterials/ROOF_BLUE_7b03230c_Transparent.mat","ROOF_BLUE","Universal Render Pipeline/2D/Mesh2D-Lit-Default","Universal Render Pipeline/Lit"
"gallery_copy_applied","urp_2d_shader_on_3d_renderer","Assets/Daniel Mistage/STYLIZED Low Poly Fantasy Bundle/STYLIZED Fantasy Village - Low Poly 3D Art/Prefabs/Buildings/Empty Walls/Windows/SFV_Window_Wall_Wooden_M_Empty.prefab","Assets/Daniel Mistage/STYLIZED Low Poly Fantasy Bundle/STYLIZED Fantasy Village - Low Poly 3D Art/Materials/ROOF_BLUE.mat","Assets/BornToDig/PrefabGallery/GalleryMaterials/ROOF_BLUE_7b03230c_Transparent.mat","ROOF_BLUE","Universal Render Pipeline/2D/Mesh2D-Lit-Default","Universal Render Pipeline/Lit"
"gallery_copy_applied","urp_2d_shader_on_3d_renderer","Assets/Daniel Mistage/STYLIZED Low Poly Fantasy Bundle/STYLIZED Fantasy Village - Low Poly 3D Art/Prefabs/Buildings/Empty Walls/Windows/SFV_Window_Wall_Wooden_S_002_Empty.prefab","Assets/Daniel Mistage/STYLIZED Low Poly Fantasy Bundle/STYLIZED Fantasy Village - Low Poly 3D Art/Materials/ROOF_BLUE.mat","Assets/BornToDig/PrefabGallery/GalleryMaterials/ROOF_BLUE_7b03230c_Transparent.mat","ROOF_BLUE","Universal Render Pipeline/2D/Mesh2D-Lit-Default","Universal Render Pipeline/Lit"
"gallery_copy_applied","urp_2d_shader_on_3d_renderer","Assets/Daniel Mistage/STYLIZED Low Poly Fantasy Bundle/STYLIZED Fantasy Village - Low Poly 3D Art/Prefabs/Buildings/Preset Buildings/Fake Buildings/SFV_Building_Empty_1.prefab","Assets/Daniel Mistage/STYLIZED Low Poly Fantasy Bundle/STYLIZED Fantasy Village - Low Poly 3D Art/Materials/ROOF_BLUE.mat","Assets/BornToDig/PrefabGallery/GalleryMaterials/ROOF_BLUE_7b03230c_Transparent.mat","ROOF_BLUE","Universal Render Pipeline/2D/Mesh2D-Lit-Default","Universal Render Pipeline/Lit"
"gallery_copy_applied","urp_2d_shader_on_3d_renderer","Assets/Daniel Mistage/STYLIZED Low Poly Fantasy Bundle/STYLIZED Fantasy Village - Low Poly 3D Art/Prefabs/Buildings/Preset Buildings/Fake Buildings/SFV_Building_Empty_1.prefab","Assets/Daniel Mistage/STYLIZED Low Poly Fantasy Bundle/STYLIZED Fantasy Village - Low Poly 3D Art/Materials/ROOF_BLUE.mat","Assets/BornToDig/PrefabGallery/GalleryMaterials/ROOF_BLUE_7b03230c_Transparent.mat","ROOF_BLUE","Universal Render Pipeline/2D/Mesh2D-Lit-Default","Universal Render Pipeline/Lit"
"gallery_copy_applied","urp_2d_shader_on_3d_renderer","Assets/Daniel Mistage/STYLIZED Low Poly Fantasy Bundle/STYLIZED Fantasy Village - Low Poly 3D Art/Prefabs/Buildings/Preset Buildings/Fake Buildings/SFV_Building_Empty_1.prefab","Assets/Daniel Mistage/STYLIZED Low Poly Fantasy Bundle/STYLIZED Fantasy Village - Low Poly 3D Art/Materials/ROOF_BLUE.mat","Assets/BornToDig/PrefabGallery/GalleryMaterials/ROOF_BLUE_7b03230c_Transparent.mat","ROOF_BLUE","Universal Render Pipeline/2D/Mesh2D-Lit-Default","Universal Render Pipeline/Lit"
"gallery_copy_applied","urp_2d_shader_on_3d_renderer","Assets/Daniel Mistage/STYLIZED Low Poly Fantasy Bundle/STYLIZED Fantasy Village - Low Poly 3D Art/Prefabs/Buildings/Preset Buildings/Fake Buildings/SFV_Building_Empty_1.prefab","Assets/Daniel Mistage/STYLIZED Low Poly Fantasy Bundle/STYLIZED Fantasy Village - Low Poly 3D Art/Materials/ROOF_BLUE.mat","Assets/BornToDig/PrefabGallery/GalleryMaterials/ROOF_BLUE_7b03230c_Transparent.mat","ROOF_BLUE","Universal Render Pipeline/2D/Mesh2D-Lit-Default","Universal Render Pipeline/Lit"
"gallery_copy_applied","urp_2d_shader_on_3d_renderer","Assets/Daniel Mistage/STYLIZED Low Poly Fantasy Bundle/STYLIZED Fantasy Village - Low Poly 3D Art/Prefabs/Buildings/Preset Buildings/Fake Buildings/SFV_Building_Empty_1.prefab","Assets/Daniel Mistage/STYLIZED Low Poly Fantasy Bundle/STYLIZED Fantasy Village - Low Poly 3D Art/Materials/ROOF_BLUE.mat","Assets/BornToDig/PrefabGallery/GalleryMaterials/ROOF_BLUE_7b03230c_Transparent.mat","ROOF_BLUE","Universal Render Pipeline/2D/Mesh2D-Lit-Default","Universal Render Pipeline/Lit"
"gallery_copy_applied","urp_2d_shader_on_3d_renderer","Assets/Daniel Mistage/STYLIZED Low Poly Fantasy Bundle/STYLIZED Fantasy Village - Low Poly 3D Art/Prefabs/Buildings/Preset Buildings/Fake Buildings/SFV_Building_Empty_1.prefab","Assets/Daniel Mistage/STYLIZED Low Poly Fantasy Bundle/STYLIZED Fantasy Village - Low Poly 3D Art/Materials/ROOF_BLUE.mat","Assets/BornToDig/PrefabGallery/GalleryMaterials/ROOF_BLUE_7b03230c_Transparent.mat","ROOF_BLUE","Universal Render Pipeline/2D/Mesh2D-Lit-Default","Universal Render Pipeline/Lit"
"gallery_copy_applied","urp_2d_shader_on_3d_renderer","Assets/Daniel Mistage/STYLIZED Low Poly Fantasy Bundle/STYLIZED Fantasy Village - Low Poly 3D Art/Prefabs/Buildings/Preset Buildings/Fake Buildings/SFV_Building_Empty_1.prefab","Assets/Daniel Mistage/STYLIZED Low Poly Fantasy Bundle/STYLIZED Fantasy Village - Low Poly 3D Art/Materials/ROOF_BLUE.mat","Assets/BornToDig/PrefabGallery/GalleryMaterials/ROOF_BLUE_7b03230c_Transparent.mat","ROOF_BLUE","Universal Render Pipeline/2D/Mesh2D-Lit-Default","Universal Render Pipeline/Lit"
"gallery_copy_applied","urp_2d_shader_on_3d_renderer","Assets/Daniel Mistage/STYLIZED Low Poly Fantasy Bundle/STYLIZED Fantasy Village - Low Poly 3D Art/Prefabs/Buildings/Preset Buildings/Fake Buildings/SFV_Building_Empty_1.prefab","Assets/Daniel Mistage/STYLIZED Low Poly Fantasy Bundle/STYLIZED Fantasy Village - Low Poly 3D Art/Materials/ROOF_BLUE.mat","Assets/BornToDig/PrefabGallery/GalleryMaterials/ROOF_BLUE_7b03230c_Transparent.mat","ROOF_BLUE","Universal Render Pipeline/2D/Mesh2D-Lit-Default","Universal Render Pipeline/Lit"
"gallery_copy_applied","urp_2d_shader_on_3d_renderer","Assets/Daniel Mistage/STYLIZED Low Poly Fantasy Bundle/STYLIZED Fantasy Village - Low Poly 3D Art/Prefabs/Buildings/Preset Buildings/Fake Buildings/SFV_Building_Empty_1.prefab","Assets/Daniel Mistage/STYLIZED Low Poly Fantasy Bundle/STYLIZED Fantasy Village - Low Poly 3D Art/Materials/ROOF_BLUE.mat","Assets/BornToDig/PrefabGallery/GalleryMaterials/ROOF_BLUE_7b03230c_Transparent.mat","ROOF_BLUE","Universal Render Pipeline/2D/Mesh2D-Lit-Default","Universal Render Pipeline/Lit"
"gallery_copy_applied","urp_2d_shader_on_3d_renderer","Assets/Daniel Mistage/STYLIZED Low Poly Fantasy Bundle/STYLIZED Fantasy Village - Low Poly 3D Art/Prefabs/Buildings/Preset Buildings/Fake Buildings/SFV_Building_Empty_1.prefab","Assets/Daniel Mistage/STYLIZED Low Poly Fantasy Bundle/STYLIZED Fantasy Village - Low Poly 3D Art/Materials/ROOF_BLUE.mat","Assets/BornToDig/PrefabGallery/GalleryMaterials/ROOF_BLUE_7b03230c_Transparent.mat","ROOF_BLUE","Universal Render Pipeline/2D/Mesh2D-Lit-Default","Universal Render Pipeline/Lit"
"gallery_copy_applied","urp_2d_shader_on_3d_renderer","Assets/Daniel Mistage/STYLIZED Low Poly Fantasy Bundle/STYLIZED Fantasy Village - Low Poly 3D Art/Prefabs/Buildings/Preset Buildings/Fake Buildings/SFV_Building_Empty_1.prefab","Assets/Daniel Mistage/STYLIZED Low Poly Fantasy Bundle/STYLIZED Fantasy Village - Low Poly 3D Art/Materials/ROOF_BLUE.mat","Assets/BornToDig/PrefabGallery/GalleryMaterials/ROOF_BLUE_7b03230c_Transparent.mat","ROOF_BLUE","Universal Render Pipeline/2D/Mesh2D-Lit-Default","Universal Render Pipeline/Lit"
"gallery_copy_applied","urp_2d_shader_on_3d_renderer","Assets/Daniel Mistage/STYLIZED Low Poly Fantasy Bundle/STYLIZED Fantasy Village - Low Poly 3D Art/Prefabs/Buildings/Preset Buildings/Fake Buildings/SFV_Building_Empty_1.prefab","Assets/Daniel Mistage/STYLIZED Low Poly Fantasy Bundle/STYLIZED Fantasy Village - Low Poly 3D Art/Materials/ROOF_BLUE.mat","Assets/BornToDig/PrefabGallery/GalleryMaterials/ROOF_BLUE_7b03230c_Transparent.mat","ROOF_BLUE","Universal Render Pipeline/2D/Mesh2D-Lit-Default","Universal Render Pipeline/Lit"
"gallery_copy_applied","urp_2d_shader_on_3d_renderer","Assets/Daniel Mistage/STYLIZED Low Poly Fantasy Bundle/STYLIZED Fantasy Village - Low Poly 3D Art/Prefabs/Buildings/Preset Buildings/Fake Buildings/SFV_Building_Empty_1.prefab","Assets/Daniel Mistage/STYLIZED Low Poly Fantasy Bundle/STYLIZED Fantasy Village - Low Poly 3D Art/Materials/ROOF_BLUE.mat","Assets/BornToDig/PrefabGallery/GalleryMaterials/ROOF_BLUE_7b03230c_Transparent.mat","ROOF_BLUE","Universal Render Pipeline/2D/Mesh2D-Lit-Default","Universal Render Pipeline/Lit"
"gallery_copy_applied","urp_2d_shader_on_3d_renderer","Assets/Daniel Mistage/STYLIZED Low Poly Fantasy Bundle/STYLIZED Fantasy Village - Low Poly 3D Art/Prefabs/Buildings/Preset Buildings/Fake Buildings/SFV_Building_Empty_1.prefab","Assets/Daniel Mistage/STYLIZED Low Poly Fantasy Bundle/STYLIZED Fantasy Village - Low Poly 3D Art/Materials/ROOF_BLUE.mat","Assets/BornToDig/PrefabGallery/GalleryMaterials/ROOF_BLUE_7b03230c_Transparent.mat","ROOF_BLUE","Universal Render Pipeline/2D/Mesh2D-Lit-Default","Universal Render Pipeline/Lit"
"gallery_copy_applied","urp_2d_shader_on_3d_renderer","Assets/Daniel Mistage/STYLIZED Low Poly Fantasy Bundle/STYLIZED Fantasy Village - Low Poly 3D Art/Prefabs/Buildings/Preset Buildings/Fake Buildings/SFV_Building_Empty_1.prefab","Assets/Daniel Mistage/STYLIZED Low Poly Fantasy Bundle/STYLIZED Fantasy Village - Low Poly 3D Art/Materials/ROOF_BLUE.mat","Assets/BornToDig/PrefabGallery/GalleryMaterials/ROOF_BLUE_7b03230c_Transparent.mat","ROOF_BLUE","Universal Render Pipeline/2D/Mesh2D-Lit-Default","Universal Render Pipeline/Lit"
"gallery_copy_applied","urp_2d_shader_on_3d_renderer","Assets/Daniel Mistage/STYLIZED Low Poly Fantasy Bundle/STYLIZED Fantasy Village - Low Poly 3D Art/Prefabs/Buildings/Preset Buildings/Fake Buildings/SFV_Building_Empty_1.prefab","Assets/Daniel Mistage/STYLIZED Low Poly Fantasy Bundle/STYLIZED Fantasy Village - Low Poly 3D Art/Materials/ROOF_BLUE.mat","Assets/BornToDig/PrefabGallery/GalleryMaterials/ROOF_BLUE_7b03230c_Transparent.mat","ROOF_BLUE","Universal Render Pipeline/2D/Mesh2D-Lit-Default","Universal Render Pipeline/Lit"
"gallery_copy_applied","urp_2d_shader_on_3d_renderer","Assets/Daniel Mistage/STYLIZED Low Poly Fantasy Bundle/STYLIZED Fantasy Village - Low Poly 3D Art/Prefabs/Buildings/Preset Buildings/Fake Buildings/SFV_Building_Empty_1.prefab","Assets/Daniel Mistage/STYLIZED Low Poly Fantasy Bundle/STYLIZED Fantasy Village - Low Poly 3D Art/Materials/ROOF_BLUE.mat","Assets/BornToDig/PrefabGallery/GalleryMaterials/ROOF_BLUE_7b03230c_Transparent.mat","ROOF_BLUE","Universal Render Pipeline/2D/Mesh2D-Lit-Default","Universal Render Pipeline/Lit"
"gallery_copy_applied","urp_2d_shader_on_3d_renderer","Assets/Daniel Mistage/STYLIZED Low Poly Fantasy Bundle/STYLIZED Fantasy Village - Low Poly 3D Art/Prefabs/Buildings/Preset Buildings/Fake Buildings/SFV_Building_Empty_1.prefab","Assets/Daniel Mistage/STYLIZED Low Poly Fantasy Bundle/STYLIZED Fantasy Village - Low Poly 3D Art/Materials/ROOF_BLUE.mat","Assets/BornToDig/PrefabGallery/GalleryMaterials/ROOF_BLUE_7b03230c_Transparent.mat","ROOF_BLUE","Universal Render Pipeline/2D/Mesh2D-Lit-Default","Universal Render Pipeline/Lit"
"gallery_copy_applied","urp_2d_shader_on_3d_renderer","Assets/Daniel Mistage/STYLIZED Low Poly Fantasy Bundle/STYLIZED Fantasy Village - Low Poly 3D Art/Prefabs/Buildings/Preset Buildings/Fake Buildings/SFV_Building_Empty_1.prefab","Assets/Daniel Mistage/STYLIZED Low Poly Fantasy Bundle/STYLIZED Fantasy Village - Low Poly 3D Art/Materials/ROOF_BLUE.mat","Assets/BornToDig/PrefabGallery/GalleryMaterials/ROOF_BLUE_7b03230c_Transparent.mat","ROOF_BLUE","Universal Render Pipeline/2D/Mesh2D-Lit-Default","Universal Render Pipeline/Lit"
"gallery_copy_applied","urp_2d_shader_on_3d_renderer","Assets/Daniel Mistage/STYLIZED Low Poly Fantasy Bundle/STYLIZED Fantasy Village - Low Poly 3D Art/Prefabs/Buildings/Preset Buildings/Fake Buildings/SFV_Building_Empty_1.prefab","Assets/Daniel Mistage/STYLIZED Low Poly Fantasy Bundle/STYLIZED Fantasy Village - Low Poly 3D Art/Materials/ROOF_BLUE.mat","Assets/BornToDig/PrefabGallery/GalleryMaterials/ROOF_BLUE_7b03230c_Transparent.mat","ROOF_BLUE","Universal Render Pipeline/2D/Mesh2D-Lit-Default","Universal Render Pipeline/Lit"
"gallery_copy_applied","urp_2d_shader_on_3d_renderer","Assets/Daniel Mistage/STYLIZED Low Poly Fantasy Bundle/STYLIZED Fantasy Village - Low Poly 3D Art/Prefabs/Buildings/Preset Buildings/Fake Buildings/SFV_Building_Empty_1.prefab","Assets/Daniel Mistage/STYLIZED Low Poly Fantasy Bundle/STYLIZED Fantasy Village - Low Poly 3D Art/Materials/ROOF_BLUE.mat","Assets/BornToDig/PrefabGallery/GalleryMaterials/ROOF_BLUE_7b03230c_Transparent.mat","ROOF_BLUE","Universal Render Pipeline/2D/Mesh2D-Lit-Default","Universal Render Pipeline/Lit"
"gallery_copy_applied","urp_2d_shader_on_3d_renderer","Assets/Daniel Mistage/STYLIZED Low Poly Fantasy Bundle/STYLIZED Fantasy Village - Low Poly 3D Art/Prefabs/Buildings/Preset Buildings/Fake Buildings/SFV_Building_Empty_2.prefab","Assets/Daniel Mistage/STYLIZED Low Poly Fantasy Bundle/STYLIZED Fantasy Village - Low Poly 3D Art/Materials/ROOF_BLUE.mat","Assets/BornToDig/PrefabGallery/GalleryMaterials/ROOF_BLUE_7b03230c_Transparent.mat","ROOF_BLUE","Universal Render Pipeline/2D/Mesh2D-Lit-Default","Universal Render Pipeline/Lit"
"gallery_copy_applied","urp_2d_shader_on_3d_renderer","Assets/Daniel Mistage/STYLIZED Low Poly Fantasy Bundle/STYLIZED Fantasy Village - Low Poly 3D Art/Prefabs/Buildings/Preset Buildings/Fake Buildings/SFV_Building_Empty_2.prefab","Assets/Daniel Mistage/STYLIZED Low Poly Fantasy Bundle/STYLIZED Fantasy Village - Low Poly 3D Art/Materials/ROOF_BLUE.mat","Assets/BornToDig/PrefabGallery/GalleryMaterials/ROOF_BLUE_7b03230c_Transparent.mat","ROOF_BLUE","Universal Render Pipeline/2D/Mesh2D-Lit-Default","Universal Render Pipeline/Lit"
"gallery_copy_applied","urp_2d_shader_on_3d_renderer","Assets/Daniel Mistage/STYLIZED Low Poly Fantasy Bundle/STYLIZED Fantasy Village - Low Poly 3D Art/Prefabs/Buildings/Preset Buildings/Fake Buildings/SFV_Building_Empty_2.prefab","Assets/Daniel Mistage/STYLIZED Low Poly Fantasy Bundle/STYLIZED Fantasy Village - Low Poly 3D Art/Materials/ROOF_BLUE.mat","Assets/BornToDig/PrefabGallery/GalleryMaterials/ROOF_BLUE_7b03230c_Transparent.mat","ROOF_BLUE","Universal Render Pipeline/2D/Mesh2D-Lit-Default","Universal Render Pipeline/Lit"
"gallery_copy_applied","urp_2d_shader_on_3d_renderer","Assets/Daniel Mistage/STYLIZED Low Poly Fantasy Bundle/STYLIZED Fantasy Village - Low Poly 3D Art/Prefabs/Buildings/Preset Buildings/Fake Buildings/SFV_Building_Empty_2.prefab","Assets/Daniel Mistage/STYLIZED Low Poly Fantasy Bundle/STYLIZED Fantasy Village - Low Poly 3D Art/Materials/ROOF_BLUE.mat","Assets/BornToDig/PrefabGallery/GalleryMaterials/ROOF_BLUE_7b03230c_Transparent.mat","ROOF_BLUE","Universal Render Pipeline/2D/Mesh2D-Lit-Default","Universal Render Pipeline/Lit"
"gallery_copy_applied","urp_2d_shader_on_3d_renderer","Assets/Daniel Mistage/STYLIZED Low Poly Fantasy Bundle/STYLIZED Fantasy Village - Low Poly 3D Art/Prefabs/Buildings/Preset Buildings/Fake Buildings/SFV_Building_Empty_2.prefab","Assets/Daniel Mistage/STYLIZED Low Poly Fantasy Bundle/STYLIZED Fantasy Village - Low Poly 3D Art/Materials/ROOF_BLUE.mat","Assets/BornToDig/PrefabGallery/GalleryMaterials/ROOF_BLUE_7b03230c_Transparent.mat","ROOF_BLUE","Universal Render Pipeline/2D/Mesh2D-Lit-Default","Universal Render Pipeline/Lit"
"gallery_copy_applied","urp_2d_shader_on_3d_renderer","Assets/Daniel Mistage/STYLIZED Low Poly Fantasy Bundle/STYLIZED Fantasy Village - Low Poly 3D Art/Prefabs/Buildings/Preset Buildings/Fake Buildings/SFV_Building_Empty_2.prefab","Assets/Daniel Mistage/STYLIZED Low Poly Fantasy Bundle/STYLIZED Fantasy Village - Low Poly 3D Art/Materials/ROOF_BLUE.mat","Assets/BornToDig/PrefabGallery/GalleryMaterials/ROOF_BLUE_7b03230c_Transparent.mat","ROOF_BLUE","Universal Render Pipeline/2D/Mesh2D-Lit-Default","Universal Render Pipeline/Lit"
"gallery_copy_applied","urp_2d_shader_on_3d_renderer","Assets/Daniel Mistage/STYLIZED Low Poly Fantasy Bundle/STYLIZED Fantasy Village - Low Poly 3D Art/Prefabs/Buildings/Preset Buildings/Fake Buildings/SFV_Building_Empty_2.prefab","Assets/Daniel Mistage/STYLIZED Low Poly Fantasy Bundle/STYLIZED Fantasy Village - Low Poly 3D Art/Materials/ROOF_BLUE.mat","Assets/BornToDig/PrefabGallery/GalleryMaterials/ROOF_BLUE_7b03230c_Transparent.mat","ROOF_BLUE","Universal Render Pipeline/2D/Mesh2D-Lit-Default","Universal Render Pipeline/Lit"
"gallery_copy_applied","urp_2d_shader_on_3d_renderer","Assets/Daniel Mistage/STYLIZED Low Poly Fantasy Bundle/STYLIZED Fantasy Village - Low Poly 3D Art/Prefabs/Buildings/Preset Buildings/Fake Buildings/SFV_Building_Empty_2.prefab","Assets/Daniel Mistage/STYLIZED Low Poly Fantasy Bundle/STYLIZED Fantasy Village - Low Poly 3D Art/Materials/ROOF_BLUE.mat","Assets/BornToDig/PrefabGallery/GalleryMaterials/ROOF_BLUE_7b03230c_Transparent.mat","ROOF_BLUE","Universal Render Pipeline/2D/Mesh2D-Lit-Default","Universal Render Pipeline/Lit"
"gallery_copy_applied","urp_2d_shader_on_3d_renderer","Assets/Daniel Mistage/STYLIZED Low Poly Fantasy Bundle/STYLIZED Fantasy Village - Low Poly 3D Art/Prefabs/Buildings/Preset Buildings/Fake Buildings/SFV_Building_Empty_2.prefab","Assets/Daniel Mistage/STYLIZED Low Poly Fantasy Bundle/STYLIZED Fantasy Village - Low Poly 3D Art/Materials/ROOF_BLUE.mat","Assets/BornToDig/PrefabGallery/GalleryMaterials/ROOF_BLUE_7b03230c_Transparent.mat","ROOF_BLUE","Universal Render Pipeline/2D/Mesh2D-Lit-Default","Universal Render Pipeline/Lit"
"gallery_copy_applied","urp_2d_shader_on_3d_renderer","Assets/Daniel Mistage/STYLIZED Low Poly Fantasy Bundle/STYLIZED Fantasy Village - Low Poly 3D Art/Prefabs/Buildings/Preset Buildings/Fake Buildings/SFV_Building_Empty_2.prefab","Assets/Daniel Mistage/STYLIZED Low Poly Fantasy Bundle/STYLIZED Fantasy Village - Low Poly 3D Art/Materials/ROOF_BLUE.mat","Assets/BornToDig/PrefabGallery/GalleryMaterials/ROOF_BLUE_7b03230c_Transparent.mat","ROOF_BLUE","Universal Render Pipeline/2D/Mesh2D-Lit-Default","Universal Render Pipeline/Lit"
"gallery_copy_applied","urp_2d_shader_on_3d_renderer","Assets/Daniel Mistage/STYLIZED Low Poly Fantasy Bundle/STYLIZED Fantasy Village - Low Poly 3D Art/Prefabs/Buildings/Preset Buildings/Fake Buildings/SFV_Building_Empty_2.prefab","Assets/Daniel Mistage/STYLIZED Low Poly Fantasy Bundle/STYLIZED Fantasy Village - Low Poly 3D Art/Materials/ROOF_BLUE.mat","Assets/BornToDig/PrefabGallery/GalleryMaterials/ROOF_BLUE_7b03230c_Transparent.mat","ROOF_BLUE","Universal Render Pipeline/2D/Mesh2D-Lit-Default","Universal Render Pipeline/Lit"
"gallery_copy_applied","urp_2d_shader_on_3d_renderer","Assets/Daniel Mistage/STYLIZED Low Poly Fantasy Bundle/STYLIZED Fantasy Village - Low Poly 3D Art/Prefabs/Buildings/Preset Buildings/Fake Buildings/SFV_Building_Empty_2.prefab","Assets/Daniel Mistage/STYLIZED Low Poly Fantasy Bundle/STYLIZED Fantasy Village - Low Poly 3D Art/Materials/ROOF_BLUE.mat","Assets/BornToDig/PrefabGallery/GalleryMaterials/ROOF_BLUE_7b03230c_Transparent.mat","ROOF_BLUE","Universal Render Pipeline/2D/Mesh2D-Lit-Default","Universal Render Pipeline/Lit"
"gallery_copy_applied","urp_2d_shader_on_3d_renderer","Assets/Daniel Mistage/STYLIZED Low Poly Fantasy Bundle/STYLIZED Fantasy Village - Low Poly 3D Art/Prefabs/Buildings/Preset Buildings/Fake Buildings/SFV_Building_Empty_2.prefab","Assets/Daniel Mistage/STYLIZED Low Poly Fantasy Bundle/STYLIZED Fantasy Village - Low Poly 3D Art/Materials/ROOF_BLUE.mat","Assets/BornToDig/PrefabGallery/GalleryMaterials/ROOF_BLUE_7b03230c_Transparent.mat","ROOF_BLUE","Universal Render Pipeline/2D/Mesh2D-Lit-Default","Universal Render Pipeline/Lit"
"gallery_copy_applied","urp_2d_shader_on_3d_renderer","Assets/Daniel Mistage/STYLIZED Low Poly Fantasy Bundle/STYLIZED Fantasy Village - Low Poly 3D Art/Prefabs/Buildings/Preset Buildings/Fake Buildings/SFV_Building_Empty_2.prefab","Assets/Daniel Mistage/STYLIZED Low Poly Fantasy Bundle/STYLIZED Fantasy Village - Low Poly 3D Art/Materials/ROOF_BLUE.mat","Assets/BornToDig/PrefabGallery/GalleryMaterials/ROOF_BLUE_7b03230c_Transparent.mat","ROOF_BLUE","Universal Render Pipeline/2D/Mesh2D-Lit-Default","Universal Render Pipeline/Lit"
"gallery_copy_applied","urp_2d_shader_on_3d_renderer","Assets/Daniel Mistage/STYLIZED Low Poly Fantasy Bundle/STYLIZED Fantasy Village - Low Poly 3D Art/Prefabs/Buildings/Preset Buildings/Fake Buildings/SFV_Building_Empty_2.prefab","Assets/Daniel Mistage/STYLIZED Low Poly Fantasy Bundle/STYLIZED Fantasy Village - Low Poly 3D Art/Materials/ROOF_BLUE.mat","Assets/BornToDig/PrefabGallery/GalleryMaterials/ROOF_BLUE_7b03230c_Transparent.mat","ROOF_BLUE","Universal Render Pipeline/2D/Mesh2D-Lit-Default","Universal Render Pipeline/Lit"
"gallery_copy_applied","urp_2d_shader_on_3d_renderer","Assets/Daniel Mistage/STYLIZED Low Poly Fantasy Bundle/STYLIZED Fantasy Village - Low Poly 3D Art/Prefabs/Buildings/Preset Buildings/Fake Buildings/SFV_Building_Empty_2.prefab","Assets/Daniel Mistage/STYLIZED Low Poly Fantasy Bundle/STYLIZED Fantasy Village - Low Poly 3D Art/Materials/ROOF_BLUE.mat","Assets/BornToDig/PrefabGallery/GalleryMaterials/ROOF_BLUE_7b03230c_Transparent.mat","ROOF_BLUE","Universal Render Pipeline/2D/Mesh2D-Lit-Default","Universal Render Pipeline/Lit"
"gallery_copy_applied","urp_2d_shader_on_3d_renderer","Assets/Daniel Mistage/STYLIZED Low Poly Fantasy Bundle/STYLIZED Fantasy Village - Low Poly 3D Art/Prefabs/Buildings/Preset Buildings/Fake Buildings/SFV_Building_Empty_2.prefab","Assets/Daniel Mistage/STYLIZED Low Poly Fantasy Bundle/STYLIZED Fantasy Village - Low Poly 3D Art/Materials/ROOF_BLUE.mat","Assets/BornToDig/PrefabGallery/GalleryMaterials/ROOF_BLUE_7b03230c_Transparent.mat","ROOF_BLUE","Universal Render Pipeline/2D/Mesh2D-Lit-Default","Universal Render Pipeline/Lit"
"gallery_copy_applied","urp_2d_shader_on_3d_renderer","Assets/Daniel Mistage/STYLIZED Low Poly Fantasy Bundle/STYLIZED Fantasy Village - Low Poly 3D Art/Prefabs/Buildings/Preset Buildings/Fake Buildings/SFV_Building_Empty_2.prefab","Assets/Daniel Mistage/STYLIZED Low Poly Fantasy Bundle/STYLIZED Fantasy Village - Low Poly 3D Art/Materials/ROOF_BLUE.mat","Assets/BornToDig/PrefabGallery/GalleryMaterials/ROOF_BLUE_7b03230c_Transparent.mat","ROOF_BLUE","Universal Render Pipeline/2D/Mesh2D-Lit-Default","Universal Render Pipeline/Lit"
"gallery_copy_applied","urp_2d_shader_on_3d_renderer","Assets/Daniel Mistage/STYLIZED Low Poly Fantasy Bundle/STYLIZED Fantasy Village - Low Poly 3D Art/Prefabs/Buildings/Preset Buildings/Fake Buildings/SFV_Building_Empty_2.prefab","Assets/Daniel Mistage/STYLIZED Low Poly Fantasy Bundle/STYLIZED Fantasy Village - Low Poly 3D Art/Materials/ROOF_BLUE.mat","Assets/BornToDig/PrefabGallery/GalleryMaterials/ROOF_BLUE_7b03230c_Transparent.mat","ROOF_BLUE","Universal Render Pipeline/2D/Mesh2D-Lit-Default","Universal Render Pipeline/Lit"
"gallery_copy_applied","urp_2d_shader_on_3d_renderer","Assets/Daniel Mistage/STYLIZED Low Poly Fantasy Bundle/STYLIZED Fantasy Village - Low Poly 3D Art/Prefabs/Buildings/Preset Buildings/Fake Buildings/SFV_Building_Empty_2.prefab","Assets/Daniel Mistage/STYLIZED Low Poly Fantasy Bundle/STYLIZED Fantasy Village - Low Poly 3D Art/Materials/ROOF_BLUE.mat","Assets/BornToDig/PrefabGallery/GalleryMaterials/ROOF_BLUE_7b03230c_Transparent.mat","ROOF_BLUE","Universal Render Pipeline/2D/Mesh2D-Lit-Default","Universal Render Pipeline/Lit"
"gallery_copy_applied","urp_2d_shader_on_3d_renderer","Assets/Daniel Mistage/STYLIZED Low Poly Fantasy Bundle/STYLIZED Fantasy Village - Low Poly 3D Art/Prefabs/Buildings/Preset Buildings/Fake Buildings/SFV_Building_Empty_2.prefab","Assets/Daniel Mistage/STYLIZED Low Poly Fantasy Bundle/STYLIZED Fantasy Village - Low Poly 3D Art/Materials/ROOF_BLUE.mat","Assets/BornToDig/PrefabGallery/GalleryMaterials/ROOF_BLUE_7b03230c_Transparent.mat","ROOF_BLUE","Universal Render Pipeline/2D/Mesh2D-Lit-Default","Universal Render Pipeline/Lit"
"gallery_copy_applied","urp_2d_shader_on_3d_renderer","Assets/Daniel Mistage/STYLIZED Low Poly Fantasy Bundle/STYLIZED Fantasy Village - Low Poly 3D Art/Prefabs/Buildings/Preset Buildings/Fake Buildings/SFV_Building_Empty_2.prefab","Assets/Daniel Mistage/STYLIZED Low Poly Fantasy Bundle/STYLIZED Fantasy Village - Low Poly 3D Art/Materials/ROOF_BLUE.mat","Assets/BornToDig/PrefabGallery/GalleryMaterials/ROOF_BLUE_7b03230c_Transparent.mat","ROOF_BLUE","Universal Render Pipeline/2D/Mesh2D-Lit-Default","Universal Render Pipeline/Lit"
"gallery_copy_applied","urp_2d_shader_on_3d_renderer","Assets/Daniel Mistage/STYLIZED Low Poly Fantasy Bundle/STYLIZED Fantasy Village - Low Poly 3D Art/Prefabs/Buildings/Preset Buildings/Fake Buildings/SFV_Building_Empty_3.prefab","Assets/Daniel Mistage/STYLIZED Low Poly Fantasy Bundle/STYLIZED Fantasy Village - Low Poly 3D Art/Materials/ROOF_BLUE.mat","Assets/BornToDig/PrefabGallery/GalleryMaterials/ROOF_BLUE_7b03230c_Transparent.mat","ROOF_BLUE","Universal Render Pipeline/2D/Mesh2D-Lit-Default","Universal Render Pipeline/Lit"
"gallery_copy_applied","urp_2d_shader_on_3d_renderer","Assets/Daniel Mistage/STYLIZED Low Poly Fantasy Bundle/STYLIZED Fantasy Village - Low Poly 3D Art/Prefabs/Buildings/Preset Buildings/Fake Buildings/SFV_Building_Empty_3.prefab","Assets/Daniel Mistage/STYLIZED Low Poly Fantasy Bundle/STYLIZED Fantasy Village - Low Poly 3D Art/Materials/ROOF_BLUE.mat","Assets/BornToDig/PrefabGallery/GalleryMaterials/ROOF_BLUE_7b03230c_Transparent.mat","ROOF_BLUE","Universal Render Pipeline/2D/Mesh2D-Lit-Default","Universal Render Pipeline/Lit"
"gallery_copy_applied","urp_2d_shader_on_3d_renderer","Assets/Daniel Mistage/STYLIZED Low Poly Fantasy Bundle/STYLIZED Fantasy Village - Low Poly 3D Art/Prefabs/Buildings/Preset Buildings/Fake Buildings/SFV_Building_Empty_3.prefab","Assets/Daniel Mistage/STYLIZED Low Poly Fantasy Bundle/STYLIZED Fantasy Village - Low Poly 3D Art/Materials/ROOF_BLUE.mat","Assets/BornToDig/PrefabGallery/GalleryMaterials/ROOF_BLUE_7b03230c_Transparent.mat","ROOF_BLUE","Universal Render Pipeline/2D/Mesh2D-Lit-Default","Universal Render Pipeline/Lit"
"gallery_copy_applied","urp_2d_shader_on_3d_renderer","Assets/Daniel Mistage/STYLIZED Low Poly Fantasy Bundle/STYLIZED Fantasy Village - Low Poly 3D Art/Prefabs/Buildings/Preset Buildings/Fake Buildings/SFV_Building_Empty_3.prefab","Assets/Daniel Mistage/STYLIZED Low Poly Fantasy Bundle/STYLIZED Fantasy Village - Low Poly 3D Art/Materials/ROOF_BLUE.mat","Assets/BornToDig/PrefabGallery/GalleryMaterials/ROOF_BLUE_7b03230c_Transparent.mat","ROOF_BLUE","Universal Render Pipeline/2D/Mesh2D-Lit-Default","Universal Render Pipeline/Lit"
"gallery_copy_applied","urp_2d_shader_on_3d_renderer","Assets/Daniel Mistage/STYLIZED Low Poly Fantasy Bundle/STYLIZED Fantasy Village - Low Poly 3D Art/Prefabs/Buildings/Preset Buildings/Fake Buildings/SFV_Building_Empty_3.prefab","Assets/Daniel Mistage/STYLIZED Low Poly Fantasy Bundle/STYLIZED Fantasy Village - Low Poly 3D Art/Materials/ROOF_BLUE.mat","Assets/BornToDig/PrefabGallery/GalleryMaterials/ROOF_BLUE_7b03230c_Transparent.mat","ROOF_BLUE","Universal Render Pipeline/2D/Mesh2D-Lit-Default","Universal Render Pipeline/Lit"
"gallery_copy_applied","urp_2d_shader_on_3d_renderer","Assets/Daniel Mistage/STYLIZED Low Poly Fantasy Bundle/STYLIZED Fantasy Village - Low Poly 3D Art/Prefabs/Buildings/Preset Buildings/Fake Buildings/SFV_Building_Empty_3.prefab","Assets/Daniel Mistage/STYLIZED Low Poly Fantasy Bundle/STYLIZED Fantasy Village - Low Poly 3D Art/Materials/ROOF_BLUE.mat","Assets/BornToDig/PrefabGallery/GalleryMaterials/ROOF_BLUE_7b03230c_Transparent.mat","ROOF_BLUE","Universal Render Pipeline/2D/Mesh2D-Lit-Default","Universal Render Pipeline/Lit"
"gallery_copy_applied","urp_2d_shader_on_3d_renderer","Assets/Daniel Mistage/STYLIZED Low Poly Fantasy Bundle/STYLIZED Fantasy Village - Low Poly 3D Art/Prefabs/Buildings/Preset Buildings/Fake Buildings/SFV_Building_Empty_3.prefab","Assets/Daniel Mistage/STYLIZED Low Poly Fantasy Bundle/STYLIZED Fantasy Village - Low Poly 3D Art/Materials/ROOF_BLUE.mat","Assets/BornToDig/PrefabGallery/GalleryMaterials/ROOF_BLUE_7b03230c_Transparent.mat","ROOF_BLUE","Universal Render Pipeline/2D/Mesh2D-Lit-Default","Universal Render Pipeline/Lit"
"gallery_copy_applied","urp_2d_shader_on_3d_renderer","Assets/Daniel Mistage/STYLIZED Low Poly Fantasy Bundle/STYLIZED Fantasy Village - Low Poly 3D Art/Prefabs/Buildings/Preset Buildings/Fake Buildings/SFV_Building_Empty_3.prefab","Assets/Daniel Mistage/STYLIZED Low Poly Fantasy Bundle/STYLIZED Fantasy Village - Low Poly 3D Art/Materials/ROOF_BLUE.mat","Assets/BornToDig/PrefabGallery/GalleryMaterials/ROOF_BLUE_7b03230c_Transparent.mat","ROOF_BLUE","Universal Render Pipeline/2D/Mesh2D-Lit-Default","Universal Render Pipeline/Lit"
"gallery_copy_applied","urp_2d_shader_on_3d_renderer","Assets/Daniel Mistage/STYLIZED Low Poly Fantasy Bundle/STYLIZED Fantasy Village - Low Poly 3D Art/Prefabs/Buildings/Preset Buildings/Fake Buildings/SFV_Building_Empty_3.prefab","Assets/Daniel Mistage/STYLIZED Low Poly Fantasy Bundle/STYLIZED Fantasy Village - Low Poly 3D Art/Materials/ROOF_BLUE.mat","Assets/BornToDig/PrefabGallery/GalleryMaterials/ROOF_BLUE_7b03230c_Transparent.mat","ROOF_BLUE","Universal Render Pipeline/2D/Mesh2D-Lit-Default","Universal Render Pipeline/Lit"
"gallery_copy_applied","urp_2d_shader_on_3d_renderer","Assets/Daniel Mistage/STYLIZED Low Poly Fantasy Bundle/STYLIZED Fantasy Village - Low Poly 3D Art/Prefabs/Buildings/Preset Buildings/Fake Buildings/SFV_Building_Empty_3.prefab","Assets/Daniel Mistage/STYLIZED Low Poly Fantasy Bundle/STYLIZED Fantasy Village - Low Poly 3D Art/Materials/ROOF_BLUE.mat","Assets/BornToDig/PrefabGallery/GalleryMaterials/ROOF_BLUE_7b03230c_Transparent.mat","ROOF_BLUE","Universal Render Pipeline/2D/Mesh2D-Lit-Default","Universal Render Pipeline/Lit"
"gallery_copy_applied","urp_2d_shader_on_3d_renderer","Assets/Daniel Mistage/STYLIZED Low Poly Fantasy Bundle/STYLIZED Fantasy Village - Low Poly 3D Art/Prefabs/Buildings/Preset Buildings/Fake Buildings/SFV_Building_Empty_3.prefab","Assets/Daniel Mistage/STYLIZED Low Poly Fantasy Bundle/STYLIZED Fantasy Village - Low Poly 3D Art/Materials/ROOF_BLUE.mat","Assets/BornToDig/PrefabGallery/GalleryMaterials/ROOF_BLUE_7b03230c_Transparent.mat","ROOF_BLUE","Universal Render Pipeline/2D/Mesh2D-Lit-Default","Universal Render Pipeline/Lit"
"gallery_copy_applied","urp_2d_shader_on_3d_renderer","Assets/Daniel Mistage/STYLIZED Low Poly Fantasy Bundle/STYLIZED Fantasy Village - Low Poly 3D Art/Prefabs/Buildings/Preset Buildings/Fake Buildings/SFV_Building_Empty_3.prefab","Assets/Daniel Mistage/STYLIZED Low Poly Fantasy Bundle/STYLIZED Fantasy Village - Low Poly 3D Art/Materials/ROOF_BLUE.mat","Assets/BornToDig/PrefabGallery/GalleryMaterials/ROOF_BLUE_7b03230c_Transparent.mat","ROOF_BLUE","Universal Render Pipeline/2D/Mesh2D-Lit-Default","Universal Render Pipeline/Lit"
"gallery_copy_applied","urp_2d_shader_on_3d_renderer","Assets/Daniel Mistage/STYLIZED Low Poly Fantasy Bundle/STYLIZED Fantasy Village - Low Poly 3D Art/Prefabs/Buildings/Preset Buildings/Fake Buildings/SFV_Building_Empty_3.prefab","Assets/Daniel Mistage/STYLIZED Low Poly Fantasy Bundle/STYLIZED Fantasy Village - Low Poly 3D Art/Materials/ROOF_BLUE.mat","Assets/BornToDig/PrefabGallery/GalleryMaterials/ROOF_BLUE_7b03230c_Transparent.mat","ROOF_BLUE","Universal Render Pipeline/2D/Mesh2D-Lit-Default","Universal Render Pipeline/Lit"
"gallery_copy_applied","urp_2d_shader_on_3d_renderer","Assets/Daniel Mistage/STYLIZED Low Poly Fantasy Bundle/STYLIZED Fantasy Village - Low Poly 3D Art/Prefabs/Buildings/Preset Buildings/Fake Buildings/SFV_Building_Empty_3.prefab","Assets/Daniel Mistage/STYLIZED Low Poly Fantasy Bundle/STYLIZED Fantasy Village - Low Poly 3D Art/Materials/ROOF_BLUE.mat","Assets/BornToDig/PrefabGallery/GalleryMaterials/ROOF_BLUE_7b03230c_Transparent.mat","ROOF_BLUE","Universal Render Pipeline/2D/Mesh2D-Lit-Default","Universal Render Pipeline/Lit"
"gallery_copy_applied","urp_2d_shader_on_3d_renderer","Assets/Daniel Mistage/STYLIZED Low Poly Fantasy Bundle/STYLIZED Fantasy Village - Low Poly 3D Art/Prefabs/Buildings/Preset Buildings/Fake Buildings/SFV_Building_Empty_3.prefab","Assets/Daniel Mistage/STYLIZED Low Poly Fantasy Bundle/STYLIZED Fantasy Village - Low Poly 3D Art/Materials/ROOF_BLUE.mat","Assets/BornToDig/PrefabGallery/GalleryMaterials/ROOF_BLUE_7b03230c_Transparent.mat","ROOF_BLUE","Universal Render Pipeline/2D/Mesh2D-Lit-Default","Universal Render Pipeline/Lit"
"gallery_copy_applied","urp_2d_shader_on_3d_renderer","Assets/Daniel Mistage/STYLIZED Low Poly Fantasy Bundle/STYLIZED Fantasy Village - Low Poly 3D Art/Prefabs/Buildings/Preset Buildings/Fake Buildings/SFV_Building_Empty_3.prefab","Assets/Daniel Mistage/STYLIZED Low Poly Fantasy Bundle/STYLIZED Fantasy Village - Low Poly 3D Art/Materials/ROOF_BLUE.mat","Assets/BornToDig/PrefabGallery/GalleryMaterials/ROOF_BLUE_7b03230c_Transparent.mat","ROOF_BLUE","Universal Render Pipeline/2D/Mesh2D-Lit-Default","Universal Render Pipeline/Lit"
"gallery_copy_applied","urp_2d_shader_on_3d_renderer","Assets/Daniel Mistage/STYLIZED Low Poly Fantasy Bundle/STYLIZED Fantasy Village - Low Poly 3D Art/Prefabs/Buildings/Preset Buildings/Fake Buildings/SFV_Building_Empty_3.prefab","Assets/Daniel Mistage/STYLIZED Low Poly Fantasy Bundle/STYLIZED Fantasy Village - Low Poly 3D Art/Materials/ROOF_BLUE.mat","Assets/BornToDig/PrefabGallery/GalleryMaterials/ROOF_BLUE_7b03230c_Transparent.mat","ROOF_BLUE","Universal Render Pipeline/2D/Mesh2D-Lit-Default","Universal Render Pipeline/Lit"
"gallery_copy_applied","urp_2d_shader_on_3d_renderer","Assets/Daniel Mistage/STYLIZED Low Poly Fantasy Bundle/STYLIZED Fantasy Village - Low Poly 3D Art/Prefabs/Buildings/Preset Buildings/Fake Buildings/SFV_Building_Empty_3.prefab","Assets/Daniel Mistage/STYLIZED Low Poly Fantasy Bundle/STYLIZED Fantasy Village - Low Poly 3D Art/Materials/ROOF_BLUE.mat","Assets/BornToDig/PrefabGallery/GalleryMaterials/ROOF_BLUE_7b03230c_Transparent.mat","ROOF_BLUE","Universal Render Pipeline/2D/Mesh2D-Lit-Default","Universal Render Pipeline/Lit"
"gallery_copy_applied","urp_2d_shader_on_3d_renderer","Assets/Daniel Mistage/STYLIZED Low Poly Fantasy Bundle/STYLIZED Fantasy Village - Low Poly 3D Art/Prefabs/Buildings/Preset Buildings/Fake Buildings/SFV_Building_Empty_4.prefab","Assets/Daniel Mistage/STYLIZED Low Poly Fantasy Bundle/STYLIZED Fantasy Village - Low Poly 3D Art/Materials/ROOF_BLUE.mat","Assets/BornToDig/PrefabGallery/GalleryMaterials/ROOF_BLUE_7b03230c_Transparent.mat","ROOF_BLUE","Universal Render Pipeline/2D/Mesh2D-Lit-Default","Universal Render Pipeline/Lit"
"gallery_copy_applied","urp_2d_shader_on_3d_renderer","Assets/Daniel Mistage/STYLIZED Low Poly Fantasy Bundle/STYLIZED Fantasy Village - Low Poly 3D Art/Prefabs/Buildings/Preset Buildings/Fake Buildings/SFV_Building_Empty_4.prefab","Assets/Daniel Mistage/STYLIZED Low Poly Fantasy Bundle/STYLIZED Fantasy Village - Low Poly 3D Art/Materials/ROOF_BLUE.mat","Assets/BornToDig/PrefabGallery/GalleryMaterials/ROOF_BLUE_7b03230c_Transparent.mat","ROOF_BLUE","Universal Render Pipeline/2D/Mesh2D-Lit-Default","Universal Render Pipeline/Lit"
"gallery_copy_applied","urp_2d_shader_on_3d_renderer","Assets/Daniel Mistage/STYLIZED Low Poly Fantasy Bundle/STYLIZED Fantasy Village - Low Poly 3D Art/Prefabs/Buildings/Preset Buildings/Fake Buildings/SFV_Building_Empty_4.prefab","Assets/Daniel Mistage/STYLIZED Low Poly Fantasy Bundle/STYLIZED Fantasy Village - Low Poly 3D Art/Materials/ROOF_BLUE.mat","Assets/BornToDig/PrefabGallery/GalleryMaterials/ROOF_BLUE_7b03230c_Transparent.mat","ROOF_BLUE","Universal Render Pipeline/2D/Mesh2D-Lit-Default","Universal Render Pipeline/Lit"
"gallery_copy_applied","urp_2d_shader_on_3d_renderer","Assets/Daniel Mistage/STYLIZED Low Poly Fantasy Bundle/STYLIZED Fantasy Village - Low Poly 3D Art/Prefabs/Buildings/Preset Buildings/Fake Buildings/SFV_Building_Empty_4.prefab","Assets/Daniel Mistage/STYLIZED Low Poly Fantasy Bundle/STYLIZED Fantasy Village - Low Poly 3D Art/Materials/ROOF_BLUE.mat","Assets/BornToDig/PrefabGallery/GalleryMaterials/ROOF_BLUE_7b03230c_Transparent.mat","ROOF_BLUE","Universal Render Pipeline/2D/Mesh2D-Lit-Default","Universal Render Pipeline/Lit"
"gallery_copy_applied","urp_2d_shader_on_3d_renderer","Assets/Daniel Mistage/STYLIZED Low Poly Fantasy Bundle/STYLIZED Fantasy Village - Low Poly 3D Art/Prefabs/Buildings/Preset Buildings/Fake Buildings/SFV_Building_Empty_4.prefab","Assets/Daniel Mistage/STYLIZED Low Poly Fantasy Bundle/STYLIZED Fantasy Village - Low Poly 3D Art/Materials/ROOF_BLUE.mat","Assets/BornToDig/PrefabGallery/GalleryMaterials/ROOF_BLUE_7b03230c_Transparent.mat","ROOF_BLUE","Universal Render Pipeline/2D/Mesh2D-Lit-Default","Universal Render Pipeline/Lit"
"gallery_copy_applied","urp_2d_shader_on_3d_renderer","Assets/Daniel Mistage/STYLIZED Low Poly Fantasy Bundle/STYLIZED Fantasy Village - Low Poly 3D Art/Prefabs/Buildings/Preset Buildings/Fake Buildings/SFV_Building_Empty_4.prefab","Assets/Daniel Mistage/STYLIZED Low Poly Fantasy Bundle/STYLIZED Fantasy Village - Low Poly 3D Art/Materials/ROOF_BLUE.mat","Assets/BornToDig/PrefabGallery/GalleryMaterials/ROOF_BLUE_7b03230c_Transparent.mat","ROOF_BLUE","Universal Render Pipeline/2D/Mesh2D-Lit-Default","Universal Render Pipeline/Lit"
"gallery_copy_applied","urp_2d_shader_on_3d_renderer","Assets/Daniel Mistage/STYLIZED Low Poly Fantasy Bundle/STYLIZED Fantasy Village - Low Poly 3D Art/Prefabs/Buildings/Preset Buildings/Fake Buildings/SFV_Building_Empty_4.prefab","Assets/Daniel Mistage/STYLIZED Low Poly Fantasy Bundle/STYLIZED Fantasy Village - Low Poly 3D Art/Materials/ROOF_BLUE.mat","Assets/BornToDig/PrefabGallery/GalleryMaterials/ROOF_BLUE_7b03230c_Transparent.mat","ROOF_BLUE","Universal Render Pipeline/2D/Mesh2D-Lit-Default","Universal Render Pipeline/Lit"
"gallery_copy_applied","urp_2d_shader_on_3d_renderer","Assets/Daniel Mistage/STYLIZED Low Poly Fantasy Bundle/STYLIZED Fantasy Village - Low Poly 3D Art/Prefabs/Buildings/Preset Buildings/Fake Buildings/SFV_Building_Empty_4.prefab","Assets/Daniel Mistage/STYLIZED Low Poly Fantasy Bundle/STYLIZED Fantasy Village - Low Poly 3D Art/Materials/ROOF_BLUE.mat","Assets/BornToDig/PrefabGallery/GalleryMaterials/ROOF_BLUE_7b03230c_Transparent.mat","ROOF_BLUE","Universal Render Pipeline/2D/Mesh2D-Lit-Default","Universal Render Pipeline/Lit"
"gallery_copy_applied","urp_2d_shader_on_3d_renderer","Assets/Daniel Mistage/STYLIZED Low Poly Fantasy Bundle/STYLIZED Fantasy Village - Low Poly 3D Art/Prefabs/Buildings/Preset Buildings/Fake Buildings/SFV_Building_Empty_4.prefab","Assets/Daniel Mistage/STYLIZED Low Poly Fantasy Bundle/STYLIZED Fantasy Village - Low Poly 3D Art/Materials/ROOF_BLUE.mat","Assets/BornToDig/PrefabGallery/GalleryMaterials/ROOF_BLUE_7b03230c_Transparent.mat","ROOF_BLUE","Universal Render Pipeline/2D/Mesh2D-Lit-Default","Universal Render Pipeline/Lit"
"gallery_copy_applied","urp_2d_shader_on_3d_renderer","Assets/Daniel Mistage/STYLIZED Low Poly Fantasy Bundle/STYLIZED Fantasy Village - Low Poly 3D Art/Prefabs/Buildings/Preset Buildings/Fake Buildings/SFV_Building_Empty_4.prefab","Assets/Daniel Mistage/STYLIZED Low Poly Fantasy Bundle/STYLIZED Fantasy Village - Low Poly 3D Art/Materials/ROOF_BLUE.mat","Assets/BornToDig/PrefabGallery/GalleryMaterials/ROOF_BLUE_7b03230c_Transparent.mat","ROOF_BLUE","Universal Render Pipeline/2D/Mesh2D-Lit-Default","Universal Render Pipeline/Lit"
"gallery_copy_applied","urp_2d_shader_on_3d_renderer","Assets/Daniel Mistage/STYLIZED Low Poly Fantasy Bundle/STYLIZED Fantasy Village - Low Poly 3D Art/Prefabs/Buildings/Preset Buildings/Fake Buildings/SFV_Building_Empty_4.prefab","Assets/Daniel Mistage/STYLIZED Low Poly Fantasy Bundle/STYLIZED Fantasy Village - Low Poly 3D Art/Materials/ROOF_BLUE.mat","Assets/BornToDig/PrefabGallery/GalleryMaterials/ROOF_BLUE_7b03230c_Transparent.mat","ROOF_BLUE","Universal Render Pipeline/2D/Mesh2D-Lit-Default","Universal Render Pipeline/Lit"
"gallery_copy_applied","urp_2d_shader_on_3d_renderer","Assets/Daniel Mistage/STYLIZED Low Poly Fantasy Bundle/STYLIZED Fantasy Village - Low Poly 3D Art/Prefabs/Buildings/Preset Buildings/Fake Buildings/SFV_Building_Empty_4.prefab","Assets/Daniel Mistage/STYLIZED Low Poly Fantasy Bundle/STYLIZED Fantasy Village - Low Poly 3D Art/Materials/ROOF_BLUE.mat","Assets/BornToDig/PrefabGallery/GalleryMaterials/ROOF_BLUE_7b03230c_Transparent.mat","ROOF_BLUE","Universal Render Pipeline/2D/Mesh2D-Lit-Default","Universal Render Pipeline/Lit"
"gallery_copy_applied","urp_2d_shader_on_3d_renderer","Assets/Daniel Mistage/STYLIZED Low Poly Fantasy Bundle/STYLIZED Fantasy Village - Low Poly 3D Art/Prefabs/Buildings/Preset Buildings/Fake Buildings/SFV_Building_Empty_4.prefab","Assets/Daniel Mistage/STYLIZED Low Poly Fantasy Bundle/STYLIZED Fantasy Village - Low Poly 3D Art/Materials/ROOF_BLUE.mat","Assets/BornToDig/PrefabGallery/GalleryMaterials/ROOF_BLUE_7b03230c_Transparent.mat","ROOF_BLUE","Universal Render Pipeline/2D/Mesh2D-Lit-Default","Universal Render Pipeline/Lit"
"gallery_copy_applied","urp_2d_shader_on_3d_renderer","Assets/Daniel Mistage/STYLIZED Low Poly Fantasy Bundle/STYLIZED Fantasy Village - Low Poly 3D Art/Prefabs/Buildings/Preset Buildings/Fake Buildings/SFV_Building_Empty_4.prefab","Assets/Daniel Mistage/STYLIZED Low Poly Fantasy Bundle/STYLIZED Fantasy Village - Low Poly 3D Art/Materials/ROOF_BLUE.mat","Assets/BornToDig/PrefabGallery/GalleryMaterials/ROOF_BLUE_7b03230c_Transparent.mat","ROOF_BLUE","Universal Render Pipeline/2D/Mesh2D-Lit-Default","Universal Render Pipeline/Lit"
"gallery_copy_applied","urp_2d_shader_on_3d_renderer","Assets/Daniel Mistage/STYLIZED Low Poly Fantasy Bundle/STYLIZED Fantasy Village - Low Poly 3D Art/Prefabs/Buildings/Preset Buildings/Fake Buildings/SFV_Building_Empty_4.prefab","Assets/Daniel Mistage/STYLIZED Low Poly Fantasy Bundle/STYLIZED Fantasy Village - Low Poly 3D Art/Materials/ROOF_BLUE.mat","Assets/BornToDig/PrefabGallery/GalleryMaterials/ROOF_BLUE_7b03230c_Transparent.mat","ROOF_BLUE","Universal Render Pipeline/2D/Mesh2D-Lit-Default","Universal Render Pipeline/Lit"
"gallery_copy_applied","urp_2d_shader_on_3d_renderer","Assets/Daniel Mistage/STYLIZED Low Poly Fantasy Bundle/STYLIZED Fantasy Village - Low Poly 3D Art/Prefabs/Buildings/Preset Buildings/Fake Buildings/SFV_Building_Empty_4.prefab","Assets/Daniel Mistage/STYLIZED Low Poly Fantasy Bundle/STYLIZED Fantasy Village - Low Poly 3D Art/Materials/ROOF_BLUE.mat","Assets/BornToDig/PrefabGallery/GalleryMaterials/ROOF_BLUE_7b03230c_Transparent.mat","ROOF_BLUE","Universal Render Pipeline/2D/Mesh2D-Lit-Default","Universal Render Pipeline/Lit"
"gallery_copy_applied","urp_2d_shader_on_3d_renderer","Assets/Daniel Mistage/STYLIZED Low Poly Fantasy Bundle/STYLIZED Fantasy Village - Low Poly 3D Art/Prefabs/Buildings/Preset Buildings/Fake Buildings/SFV_Building_Empty_4.prefab","Assets/Daniel Mistage/STYLIZED Low Poly Fantasy Bundle/STYLIZED Fantasy Village - Low Poly 3D Art/Materials/ROOF_BLUE.mat","Assets/BornToDig/PrefabGallery/GalleryMaterials/ROOF_BLUE_7b03230c_Transparent.mat","ROOF_BLUE","Universal Render Pipeline/2D/Mesh2D-Lit-Default","Universal Render Pipeline/Lit"
"gallery_copy_applied","urp_2d_shader_on_3d_renderer","Assets/Daniel Mistage/STYLIZED Low Poly Fantasy Bundle/STYLIZED Fantasy Village - Low Poly 3D Art/Prefabs/Buildings/Preset Buildings/Fake Buildings/SFV_Building_Empty_4.prefab","Assets/Daniel Mistage/STYLIZED Low Poly Fantasy Bundle/STYLIZED Fantasy Village - Low Poly 3D Art/Materials/ROOF_BLUE.mat","Assets/BornToDig/PrefabGallery/GalleryMaterials/ROOF_BLUE_7b03230c_Transparent.mat","ROOF_BLUE","Universal Render Pipeline/2D/Mesh2D-Lit-Default","Universal Render Pipeline/Lit"
"gallery_copy_applied","urp_2d_shader_on_3d_renderer","Assets/Daniel Mistage/STYLIZED Low Poly Fantasy Bundle/STYLIZED Fantasy Village - Low Poly 3D Art/Prefabs/Buildings/Preset Buildings/Fake Buildings/SFV_Building_Empty_4.prefab","Assets/Daniel Mistage/STYLIZED Low Poly Fantasy Bundle/STYLIZED Fantasy Village - Low Poly 3D Art/Materials/ROOF_BLUE.mat","Assets/BornToDig/PrefabGallery/GalleryMaterials/ROOF_BLUE_7b03230c_Transparent.mat","ROOF_BLUE","Universal Render Pipeline/2D/Mesh2D-Lit-Default","Universal Render Pipeline/Lit"
"gallery_copy_applied","urp_2d_shader_on_3d_renderer","Assets/Daniel Mistage/STYLIZED Low Poly Fantasy Bundle/STYLIZED Fantasy Village - Low Poly 3D Art/Prefabs/Buildings/Preset Buildings/Fake Buildings/SFV_Building_Empty_4.prefab","Assets/Daniel Mistage/STYLIZED Low Poly Fantasy Bundle/STYLIZED Fantasy Village - Low Poly 3D Art/Materials/ROOF_BLUE.mat","Assets/BornToDig/PrefabGallery/GalleryMaterials/ROOF_BLUE_7b03230c_Transparent.mat","ROOF_BLUE","Universal Render Pipeline/2D/Mesh2D-Lit-Default","Universal Render Pipeline/Lit"
"gallery_copy_applied","urp_2d_shader_on_3d_renderer","Assets/Daniel Mistage/STYLIZED Low Poly Fantasy Bundle/STYLIZED Fantasy Village - Low Poly 3D Art/Prefabs/Buildings/Preset Buildings/Fake Buildings/SFV_Building_Empty_4.prefab","Assets/Daniel Mistage/STYLIZED Low Poly Fantasy Bundle/STYLIZED Fantasy Village - Low Poly 3D Art/Materials/ROOF_BLUE.mat","Assets/BornToDig/PrefabGallery/GalleryMaterials/ROOF_BLUE_7b03230c_Transparent.mat","ROOF_BLUE","Universal Render Pipeline/2D/Mesh2D-Lit-Default","Universal Render Pipeline/Lit"
"gallery_copy_applied","urp_2d_shader_on_3d_renderer","Assets/Daniel Mistage/STYLIZED Low Poly Fantasy Bundle/STYLIZED Fantasy Village - Low Poly 3D Art/Prefabs/Buildings/Preset Buildings/Fake Buildings/SFV_Building_Empty_4.prefab","Assets/Daniel Mistage/STYLIZED Low Poly Fantasy Bundle/STYLIZED Fantasy Village - Low Poly 3D Art/Materials/ROOF_BLUE.mat","Assets/BornToDig/PrefabGallery/GalleryMaterials/ROOF_BLUE_7b03230c_Transparent.mat","ROOF_BLUE","Universal Render Pipeline/2D/Mesh2D-Lit-Default","Universal Render Pipeline/Lit"
"gallery_copy_applied","urp_2d_shader_on_3d_renderer","Assets/Daniel Mistage/STYLIZED Low Poly Fantasy Bundle/STYLIZED Fantasy Village - Low Poly 3D Art/Prefabs/Buildings/Preset Buildings/Fake Buildings/SFV_Building_Empty_4.prefab","Assets/Daniel Mistage/STYLIZED Low Poly Fantasy Bundle/STYLIZED Fantasy Village - Low Poly 3D Art/Materials/ROOF_BLUE.mat","Assets/BornToDig/PrefabGallery/GalleryMaterials/ROOF_BLUE_7b03230c_Transparent.mat","ROOF_BLUE","Universal Render Pipeline/2D/Mesh2D-Lit-Default","Universal Render Pipeline/Lit"
"gallery_copy_applied","urp_2d_shader_on_3d_renderer","Assets/Daniel Mistage/STYLIZED Low Poly Fantasy Bundle/STYLIZED Fantasy Village - Low Poly 3D Art/Prefabs/Buildings/Preset Buildings/Fake Buildings/SFV_Building_Empty_4.prefab","Assets/Daniel Mistage/STYLIZED Low Poly Fantasy Bundle/STYLIZED Fantasy Village - Low Poly 3D Art/Materials/ROOF_BLUE.mat","Assets/BornToDig/PrefabGallery/GalleryMaterials/ROOF_BLUE_7b03230c_Transparent.mat","ROOF_BLUE","Universal Render Pipeline/2D/Mesh2D-Lit-Default","Universal Render Pipeline/Lit"
"gallery_copy_applied","urp_2d_shader_on_3d_renderer","Assets/Daniel Mistage/STYLIZED Low Poly Fantasy Bundle/STYLIZED Fantasy Village - Low Poly 3D Art/Prefabs/Buildings/Preset Buildings/Fake Buildings/SFV_Building_Empty_4.prefab","Assets/Daniel Mistage/STYLIZED Low Poly Fantasy Bundle/STYLIZED Fantasy Village - Low Poly 3D Art/Materials/ROOF_BLUE.mat","Assets/BornToDig/PrefabGallery/GalleryMaterials/ROOF_BLUE_7b03230c_Transparent.mat","ROOF_BLUE","Universal Render Pipeline/2D/Mesh2D-Lit-Default","Universal Render Pipeline/Lit"
"gallery_copy_applied","urp_2d_shader_on_3d_renderer","Assets/Daniel Mistage/STYLIZED Low Poly Fantasy Bundle/STYLIZED Fantasy Village - Low Poly 3D Art/Prefabs/Buildings/Preset Buildings/Fake Buildings/SFV_Building_Empty_4.prefab","Assets/Daniel Mistage/STYLIZED Low Poly Fantasy Bundle/STYLIZED Fantasy Village - Low Poly 3D Art/Materials/ROOF_BLUE.mat","Assets/BornToDig/PrefabGallery/GalleryMaterials/ROOF_BLUE_7b03230c_Transparent.mat","ROOF_BLUE","Universal Render Pipeline/2D/Mesh2D-Lit-Default","Universal Render Pipeline/Lit"
"gallery_copy_applied","urp_2d_shader_on_3d_renderer","Assets/Daniel Mistage/STYLIZED Low Poly Fantasy Bundle/STYLIZED Fantasy Village - Low Poly 3D Art/Prefabs/Buildings/Preset Buildings/Fake Buildings/SFV_Building_Empty_4.prefab","Assets/Daniel Mistage/STYLIZED Low Poly Fantasy Bundle/STYLIZED Fantasy Village - Low Poly 3D Art/Materials/ROOF_BLUE.mat","Assets/BornToDig/PrefabGallery/GalleryMaterials/ROOF_BLUE_7b03230c_Transparent.mat","ROOF_BLUE","Universal Render Pipeline/2D/Mesh2D-Lit-Default","Universal Render Pipeline/Lit"
"gallery_copy_applied","urp_2d_shader_on_3d_renderer","Assets/Daniel Mistage/STYLIZED Low Poly Fantasy Bundle/STYLIZED Fantasy Village - Low Poly 3D Art/Prefabs/Buildings/Preset Buildings/Fake Buildings/SFV_Building_Empty_4.prefab","Assets/Daniel Mistage/STYLIZED Low Poly Fantasy Bundle/STYLIZED Fantasy Village - Low Poly 3D Art/Materials/ROOF_BLUE.mat","Assets/BornToDig/PrefabGallery/GalleryMaterials/ROOF_BLUE_7b03230c_Transparent.mat","ROOF_BLUE","Universal Render Pipeline/2D/Mesh2D-Lit-Default","Universal Render Pipeline/Lit"
"gallery_copy_applied","urp_2d_shader_on_3d_renderer","Assets/Daniel Mistage/STYLIZED Low Poly Fantasy Bundle/STYLIZED Fantasy Village - Low Poly 3D Art/Prefabs/Buildings/Preset Buildings/Fake Buildings/SFV_Building_Empty_4.prefab","Assets/Daniel Mistage/STYLIZED Low Poly Fantasy Bundle/STYLIZED Fantasy Village - Low Poly 3D Art/Materials/ROOF_BLUE.mat","Assets/BornToDig/PrefabGallery/GalleryMaterials/ROOF_BLUE_7b03230c_Transparent.mat","ROOF_BLUE","Universal Render Pipeline/2D/Mesh2D-Lit-Default","Universal Render Pipeline/Lit"
"gallery_copy_applied","urp_2d_shader_on_3d_renderer","Assets/Daniel Mistage/STYLIZED Low Poly Fantasy Bundle/STYLIZED Fantasy Village - Low Poly 3D Art/Prefabs/Buildings/Preset Buildings/Fake Buildings/SFV_Building_Empty_4.prefab","Assets/Daniel Mistage/STYLIZED Low Poly Fantasy Bundle/STYLIZED Fantasy Village - Low Poly 3D Art/Materials/ROOF_BLUE.mat","Assets/BornToDig/PrefabGallery/GalleryMaterials/ROOF_BLUE_7b03230c_Transparent.mat","ROOF_BLUE","Universal Render Pipeline/2D/Mesh2D-Lit-Default","Universal Render Pipeline/Lit"
"gallery_copy_applied","urp_2d_shader_on_3d_renderer","Assets/Daniel Mistage/STYLIZED Low Poly Fantasy Bundle/STYLIZED Fantasy Village - Low Poly 3D Art/Prefabs/Buildings/Preset Buildings/Fake Buildings/SFV_Building_Empty_4.prefab","Assets/Daniel Mistage/STYLIZED Low Poly Fantasy Bundle/STYLIZED Fantasy Village - Low Poly 3D Art/Materials/ROOF_BLUE.mat","Assets/BornToDig/PrefabGallery/GalleryMaterials/ROOF_BLUE_7b03230c_Transparent.mat","ROOF_BLUE","Universal Render Pipeline/2D/Mesh2D-Lit-Default","Universal Render Pipeline/Lit"
"gallery_copy_applied","urp_2d_shader_on_3d_renderer","Assets/Daniel Mistage/STYLIZED Low Poly Fantasy Bundle/STYLIZED Fantasy Village - Low Poly 3D Art/Prefabs/Buildings/Preset Buildings/Fake Buildings/SFV_Building_Empty_4.prefab","Assets/Daniel Mistage/STYLIZED Low Poly Fantasy Bundle/STYLIZED Fantasy Village - Low Poly 3D Art/Materials/ROOF_BLUE.mat","Assets/BornToDig/PrefabGallery/GalleryMaterials/ROOF_BLUE_7b03230c_Transparent.mat","ROOF_BLUE","Universal Render Pipeline/2D/Mesh2D-Lit-Default","Universal Render Pipeline/Lit"
"gallery_copy_applied","urp_2d_shader_on_3d_renderer","Assets/Daniel Mistage/STYLIZED Low Poly Fantasy Bundle/STYLIZED Fantasy Village - Low Poly 3D Art/Prefabs/Buildings/Preset Buildings/Fake Buildings/SFV_Building_Empty_4.prefab","Assets/Daniel Mistage/STYLIZED Low Poly Fantasy Bundle/STYLIZED Fantasy Village - Low Poly 3D Art/Materials/ROOF_BLUE.mat","Assets/BornToDig/PrefabGallery/GalleryMaterials/ROOF_BLUE_7b03230c_Transparent.mat","ROOF_BLUE","Universal Render Pipeline/2D/Mesh2D-Lit-Default","Universal Render Pipeline/Lit"
"gallery_copy_applied","urp_2d_shader_on_3d_renderer","Assets/Daniel Mistage/STYLIZED Low Poly Fantasy Bundle/STYLIZED Fantasy Village - Low Poly 3D Art/Prefabs/Buildings/Preset Buildings/Fake Buildings/SFV_Building_Empty_4.prefab","Assets/Daniel Mistage/STYLIZED Low Poly Fantasy Bundle/STYLIZED Fantasy Village - Low Poly 3D Art/Materials/ROOF_BLUE.mat","Assets/BornToDig/PrefabGallery/GalleryMaterials/ROOF_BLUE_7b03230c_Transparent.mat","ROOF_BLUE","Universal Render Pipeline/2D/Mesh2D-Lit-Default","Universal Render Pipeline/Lit"
"gallery_copy_applied","urp_2d_shader_on_3d_renderer","Assets/Daniel Mistage/STYLIZED Low Poly Fantasy Bundle/STYLIZED Fantasy Village - Low Poly 3D Art/Prefabs/Buildings/Preset Buildings/Fake Buildings/SFV_Building_Empty_4.prefab","Assets/Daniel Mistage/STYLIZED Low Poly Fantasy Bundle/STYLIZED Fantasy Village - Low Poly 3D Art/Materials/ROOF_BLUE.mat","Assets/BornToDig/PrefabGallery/GalleryMaterials/ROOF_BLUE_7b03230c_Transparent.mat","ROOF_BLUE","Universal Render Pipeline/2D/Mesh2D-Lit-Default","Universal Render Pipeline/Lit"
"gallery_copy_applied","urp_2d_shader_on_3d_renderer","Assets/Daniel Mistage/STYLIZED Low Poly Fantasy Bundle/STYLIZED Fantasy Village - Low Poly 3D Art/Prefabs/Buildings/Preset Buildings/Fake Buildings/SFV_Building_Empty_4.prefab","Assets/Daniel Mistage/STYLIZED Low Poly Fantasy Bundle/STYLIZED Fantasy Village - Low Poly 3D Art/Materials/ROOF_BLUE.mat","Assets/BornToDig/PrefabGallery/GalleryMaterials/ROOF_BLUE_7b03230c_Transparent.mat","ROOF_BLUE","Universal Render Pipeline/2D/Mesh2D-Lit-Default","Universal Render Pipeline/Lit"
"gallery_copy_applied","urp_2d_shader_on_3d_renderer","Assets/Daniel Mistage/STYLIZED Low Poly Fantasy Bundle/STYLIZED Fantasy Village - Low Poly 3D Art/Prefabs/Buildings/Preset Buildings/Fake Buildings/SFV_Building_Empty_4.prefab","Assets/Daniel Mistage/STYLIZED Low Poly Fantasy Bundle/STYLIZED Fantasy Village - Low Poly 3D Art/Materials/ROOF_BLUE.mat","Assets/BornToDig/PrefabGallery/GalleryMaterials/ROOF_BLUE_7b03230c_Transparent.mat","ROOF_BLUE","Universal Render Pipeline/2D/Mesh2D-Lit-Default","Universal Render Pipeline/Lit"
"gallery_copy_applied","urp_2d_shader_on_3d_renderer","Assets/Daniel Mistage/STYLIZED Low Poly Fantasy Bundle/STYLIZED Fantasy Village - Low Poly 3D Art/Prefabs/Buildings/Preset Buildings/Fake Buildings/SFV_Building_Empty_4.prefab","Assets/Daniel Mistage/STYLIZED Low Poly Fantasy Bundle/STYLIZED Fantasy Village - Low Poly 3D Art/Materials/ROOF_BLUE.mat","Assets/BornToDig/PrefabGallery/GalleryMaterials/ROOF_BLUE_7b03230c_Transparent.mat","ROOF_BLUE","Universal Render Pipeline/2D/Mesh2D-Lit-Default","Universal Render Pipeline/Lit"
"gallery_copy_applied","urp_2d_shader_on_3d_renderer","Assets/Daniel Mistage/STYLIZED Low Poly Fantasy Bundle/STYLIZED Fantasy Village - Low Poly 3D Art/Prefabs/Buildings/Preset Buildings/Fake Buildings/SFV_Building_Empty_4.prefab","Assets/Daniel Mistage/STYLIZED Low Poly Fantasy Bundle/STYLIZED Fantasy Village - Low Poly 3D Art/Materials/ROOF_BLUE.mat","Assets/BornToDig/PrefabGallery/GalleryMaterials/ROOF_BLUE_7b03230c_Transparent.mat","ROOF_BLUE","Universal Render Pipeline/2D/Mesh2D-Lit-Default","Universal Render Pipeline/Lit"
"gallery_copy_applied","urp_2d_shader_on_3d_renderer","Assets/Daniel Mistage/STYLIZED Low Poly Fantasy Bundle/STYLIZED Fantasy Village - Low Poly 3D Art/Prefabs/Buildings/Preset Buildings/Fake Buildings/SFV_Building_Empty_5.prefab","Assets/Daniel Mistage/STYLIZED Low Poly Fantasy Bundle/STYLIZED Fantasy Village - Low Poly 3D Art/Materials/ROOF_BLUE.mat","Assets/BornToDig/PrefabGallery/GalleryMaterials/ROOF_BLUE_7b03230c_Transparent.mat","ROOF_BLUE","Universal Render Pipeline/2D/Mesh2D-Lit-Default","Universal Render Pipeline/Lit"
"gallery_copy_applied","urp_2d_shader_on_3d_renderer","Assets/Daniel Mistage/STYLIZED Low Poly Fantasy Bundle/STYLIZED Fantasy Village - Low Poly 3D Art/Prefabs/Buildings/Preset Buildings/Fake Buildings/SFV_Building_Empty_5.prefab","Assets/Daniel Mistage/STYLIZED Low Poly Fantasy Bundle/STYLIZED Fantasy Village - Low Poly 3D Art/Materials/ROOF_BLUE.mat","Assets/BornToDig/PrefabGallery/GalleryMaterials/ROOF_BLUE_7b03230c_Transparent.mat","ROOF_BLUE","Universal Render Pipeline/2D/Mesh2D-Lit-Default","Universal Render Pipeline/Lit"
"gallery_copy_applied","urp_2d_shader_on_3d_renderer","Assets/Daniel Mistage/STYLIZED Low Poly Fantasy Bundle/STYLIZED Fantasy Village - Low Poly 3D Art/Prefabs/Buildings/Preset Buildings/Fake Buildings/SFV_Building_Empty_5.prefab","Assets/Daniel Mistage/STYLIZED Low Poly Fantasy Bundle/STYLIZED Fantasy Village - Low Poly 3D Art/Materials/ROOF_BLUE.mat","Assets/BornToDig/PrefabGallery/GalleryMaterials/ROOF_BLUE_7b03230c_Transparent.mat","ROOF_BLUE","Universal Render Pipeline/2D/Mesh2D-Lit-Default","Universal Render Pipeline/Lit"
"gallery_copy_applied","urp_2d_shader_on_3d_renderer","Assets/Daniel Mistage/STYLIZED Low Poly Fantasy Bundle/STYLIZED Fantasy Village - Low Poly 3D Art/Prefabs/Buildings/Preset Buildings/Fake Buildings/SFV_Building_Empty_5.prefab","Assets/Daniel Mistage/STYLIZED Low Poly Fantasy Bundle/STYLIZED Fantasy Village - Low Poly 3D Art/Materials/ROOF_BLUE.mat","Assets/BornToDig/PrefabGallery/GalleryMaterials/ROOF_BLUE_7b03230c_Transparent.mat","ROOF_BLUE","Universal Render Pipeline/2D/Mesh2D-Lit-Default","Universal Render Pipeline/Lit"
"gallery_copy_applied","urp_2d_shader_on_3d_renderer","Assets/Daniel Mistage/STYLIZED Low Poly Fantasy Bundle/STYLIZED Fantasy Village - Low Poly 3D Art/Prefabs/Buildings/Preset Buildings/Fake Buildings/SFV_Building_Empty_5.prefab","Assets/Daniel Mistage/STYLIZED Low Poly Fantasy Bundle/STYLIZED Fantasy Village - Low Poly 3D Art/Materials/ROOF_BLUE.mat","Assets/BornToDig/PrefabGallery/GalleryMaterials/ROOF_BLUE_7b03230c_Transparent.mat","ROOF_BLUE","Universal Render Pipeline/2D/Mesh2D-Lit-Default","Universal Render Pipeline/Lit"
"gallery_copy_applied","urp_2d_shader_on_3d_renderer","Assets/Daniel Mistage/STYLIZED Low Poly Fantasy Bundle/STYLIZED Fantasy Village - Low Poly 3D Art/Prefabs/Buildings/Preset Buildings/Fake Buildings/SFV_Building_Empty_5.prefab","Assets/Daniel Mistage/STYLIZED Low Poly Fantasy Bundle/STYLIZED Fantasy Village - Low Poly 3D Art/Materials/ROOF_BLUE.mat","Assets/BornToDig/PrefabGallery/GalleryMaterials/ROOF_BLUE_7b03230c_Transparent.mat","ROOF_BLUE","Universal Render Pipeline/2D/Mesh2D-Lit-Default","Universal Render Pipeline/Lit"
"gallery_copy_applied","urp_2d_shader_on_3d_renderer","Assets/Daniel Mistage/STYLIZED Low Poly Fantasy Bundle/STYLIZED Fantasy Village - Low Poly 3D Art/Prefabs/Buildings/Preset Buildings/Fake Buildings/SFV_Building_Empty_5.prefab","Assets/Daniel Mistage/STYLIZED Low Poly Fantasy Bundle/STYLIZED Fantasy Village - Low Poly 3D Art/Materials/ROOF_BLUE.mat","Assets/BornToDig/PrefabGallery/GalleryMaterials/ROOF_BLUE_7b03230c_Transparent.mat","ROOF_BLUE","Universal Render Pipeline/2D/Mesh2D-Lit-Default","Universal Render Pipeline/Lit"
"gallery_copy_applied","urp_2d_shader_on_3d_renderer","Assets/Daniel Mistage/STYLIZED Low Poly Fantasy Bundle/STYLIZED Fantasy Village - Low Poly 3D Art/Prefabs/Buildings/Preset Buildings/Fake Buildings/SFV_Building_Empty_5.prefab","Assets/Daniel Mistage/STYLIZED Low Poly Fantasy Bundle/STYLIZED Fantasy Village - Low Poly 3D Art/Materials/ROOF_BLUE.mat","Assets/BornToDig/PrefabGallery/GalleryMaterials/ROOF_BLUE_7b03230c_Transparent.mat","ROOF_BLUE","Universal Render Pipeline/2D/Mesh2D-Lit-Default","Universal Render Pipeline/Lit"
"gallery_copy_applied","urp_2d_shader_on_3d_renderer","Assets/Daniel Mistage/STYLIZED Low Poly Fantasy Bundle/STYLIZED Fantasy Village - Low Poly 3D Art/Prefabs/Buildings/Preset Buildings/Fake Buildings/SFV_Building_Empty_5.prefab","Assets/Daniel Mistage/STYLIZED Low Poly Fantasy Bundle/STYLIZED Fantasy Village - Low Poly 3D Art/Materials/ROOF_BLUE.mat","Assets/BornToDig/PrefabGallery/GalleryMaterials/ROOF_BLUE_7b03230c_Transparent.mat","ROOF_BLUE","Universal Render Pipeline/2D/Mesh2D-Lit-Default","Universal Render Pipeline/Lit"
"gallery_copy_applied","urp_2d_shader_on_3d_renderer","Assets/Daniel Mistage/STYLIZED Low Poly Fantasy Bundle/STYLIZED Fantasy Village - Low Poly 3D Art/Prefabs/Buildings/Preset Buildings/Fake Buildings/SFV_Building_Empty_5.prefab","Assets/Daniel Mistage/STYLIZED Low Poly Fantasy Bundle/STYLIZED Fantasy Village - Low Poly 3D Art/Materials/ROOF_BLUE.mat","Assets/BornToDig/PrefabGallery/GalleryMaterials/ROOF_BLUE_7b03230c_Transparent.mat","ROOF_BLUE","Universal Render Pipeline/2D/Mesh2D-Lit-Default","Universal Render Pipeline/Lit"
"gallery_copy_applied","urp_2d_shader_on_3d_renderer","Assets/Daniel Mistage/STYLIZED Low Poly Fantasy Bundle/STYLIZED Fantasy Village - Low Poly 3D Art/Prefabs/Buildings/Preset Buildings/Fake Buildings/SFV_Building_Empty_5.prefab","Assets/Daniel Mistage/STYLIZED Low Poly Fantasy Bundle/STYLIZED Fantasy Village - Low Poly 3D Art/Materials/ROOF_BLUE.mat","Assets/BornToDig/PrefabGallery/GalleryMaterials/ROOF_BLUE_7b03230c_Transparent.mat","ROOF_BLUE","Universal Render Pipeline/2D/Mesh2D-Lit-Default","Universal Render Pipeline/Lit"
"gallery_copy_applied","urp_2d_shader_on_3d_renderer","Assets/Daniel Mistage/STYLIZED Low Poly Fantasy Bundle/STYLIZED Fantasy Village - Low Poly 3D Art/Prefabs/Buildings/Preset Buildings/Fake Buildings/SFV_Building_Empty_5.prefab","Assets/Daniel Mistage/STYLIZED Low Poly Fantasy Bundle/STYLIZED Fantasy Village - Low Poly 3D Art/Materials/ROOF_BLUE.mat","Assets/BornToDig/PrefabGallery/GalleryMaterials/ROOF_BLUE_7b03230c_Transparent.mat","ROOF_BLUE","Universal Render Pipeline/2D/Mesh2D-Lit-Default","Universal Render Pipeline/Lit"
"gallery_copy_applied","urp_2d_shader_on_3d_renderer","Assets/Daniel Mistage/STYLIZED Low Poly Fantasy Bundle/STYLIZED Fantasy Village - Low Poly 3D Art/Prefabs/Buildings/Preset Buildings/Fake Buildings/SFV_Building_Empty_5.prefab","Assets/Daniel Mistage/STYLIZED Low Poly Fantasy Bundle/STYLIZED Fantasy Village - Low Poly 3D Art/Materials/ROOF_BLUE.mat","Assets/BornToDig/PrefabGallery/GalleryMaterials/ROOF_BLUE_7b03230c_Transparent.mat","ROOF_BLUE","Universal Render Pipeline/2D/Mesh2D-Lit-Default","Universal Render Pipeline/Lit"
"gallery_copy_applied","urp_2d_shader_on_3d_renderer","Assets/Daniel Mistage/STYLIZED Low Poly Fantasy Bundle/STYLIZED Fantasy Village - Low Poly 3D Art/Prefabs/Buildings/Preset Buildings/Fake Buildings/SFV_Building_Empty_5.prefab","Assets/Daniel Mistage/STYLIZED Low Poly Fantasy Bundle/STYLIZED Fantasy Village - Low Poly 3D Art/Materials/ROOF_BLUE.mat","Assets/BornToDig/PrefabGallery/GalleryMaterials/ROOF_BLUE_7b03230c_Transparent.mat","ROOF_BLUE","Universal Render Pipeline/2D/Mesh2D-Lit-Default","Universal Render Pipeline/Lit"
"gallery_copy_applied","urp_2d_shader_on_3d_renderer","Assets/Daniel Mistage/STYLIZED Low Poly Fantasy Bundle/STYLIZED Fantasy Village - Low Poly 3D Art/Prefabs/Buildings/Preset Buildings/Fake Buildings/SFV_Building_Empty_5.prefab","Assets/Daniel Mistage/STYLIZED Low Poly Fantasy Bundle/STYLIZED Fantasy Village - Low Poly 3D Art/Materials/ROOF_BLUE.mat","Assets/BornToDig/PrefabGallery/GalleryMaterials/ROOF_BLUE_7b03230c_Transparent.mat","ROOF_BLUE","Universal Render Pipeline/2D/Mesh2D-Lit-Default","Universal Render Pipeline/Lit"
"gallery_copy_applied","urp_2d_shader_on_3d_renderer","Assets/Daniel Mistage/STYLIZED Low Poly Fantasy Bundle/STYLIZED Fantasy Village - Low Poly 3D Art/Prefabs/Buildings/Preset Buildings/Fake Buildings/SFV_Building_Empty_5.prefab","Assets/Daniel Mistage/STYLIZED Low Poly Fantasy Bundle/STYLIZED Fantasy Village - Low Poly 3D Art/Materials/ROOF_BLUE.mat","Assets/BornToDig/PrefabGallery/GalleryMaterials/ROOF_BLUE_7b03230c_Transparent.mat","ROOF_BLUE","Universal Render Pipeline/2D/Mesh2D-Lit-Default","Universal Render Pipeline/Lit"
"gallery_copy_applied","urp_2d_shader_on_3d_renderer","Assets/Daniel Mistage/STYLIZED Low Poly Fantasy Bundle/STYLIZED Fantasy Village - Low Poly 3D Art/Prefabs/Buildings/Preset Buildings/Fake Buildings/SFV_Building_Empty_5.prefab","Assets/Daniel Mistage/STYLIZED Low Poly Fantasy Bundle/STYLIZED Fantasy Village - Low Poly 3D Art/Materials/ROOF_BLUE.mat","Assets/BornToDig/PrefabGallery/GalleryMaterials/ROOF_BLUE_7b03230c_Transparent.mat","ROOF_BLUE","Universal Render Pipeline/2D/Mesh2D-Lit-Default","Universal Render Pipeline/Lit"
"gallery_copy_applied","urp_2d_shader_on_3d_renderer","Assets/Daniel Mistage/STYLIZED Low Poly Fantasy Bundle/STYLIZED Fantasy Village - Low Poly 3D Art/Prefabs/Buildings/Preset Buildings/Fake Buildings/SFV_Building_Empty_5.prefab","Assets/Daniel Mistage/STYLIZED Low Poly Fantasy Bundle/STYLIZED Fantasy Village - Low Poly 3D Art/Materials/ROOF_BLUE.mat","Assets/BornToDig/PrefabGallery/GalleryMaterials/ROOF_BLUE_7b03230c_Transparent.mat","ROOF_BLUE","Universal Render Pipeline/2D/Mesh2D-Lit-Default","Universal Render Pipeline/Lit"
"gallery_copy_applied","urp_2d_shader_on_3d_renderer","Assets/Daniel Mistage/STYLIZED Low Poly Fantasy Bundle/STYLIZED Fantasy Village - Low Poly 3D Art/Prefabs/Buildings/Preset Buildings/Fake Buildings/SFV_Building_Empty_5.prefab","Assets/Daniel Mistage/STYLIZED Low Poly Fantasy Bundle/STYLIZED Fantasy Village - Low Poly 3D Art/Materials/ROOF_BLUE.mat","Assets/BornToDig/PrefabGallery/GalleryMaterials/ROOF_BLUE_7b03230c_Transparent.mat","ROOF_BLUE","Universal Render Pipeline/2D/Mesh2D-Lit-Default","Universal Render Pipeline/Lit"
"gallery_copy_applied","urp_2d_shader_on_3d_renderer","Assets/Daniel Mistage/STYLIZED Low Poly Fantasy Bundle/STYLIZED Fantasy Village - Low Poly 3D Art/Prefabs/Buildings/Preset Buildings/Fake Buildings/SFV_Building_Empty_5.prefab","Assets/Daniel Mistage/STYLIZED Low Poly Fantasy Bundle/STYLIZED Fantasy Village - Low Poly 3D Art/Materials/ROOF_BLUE.mat","Assets/BornToDig/PrefabGallery/GalleryMaterials/ROOF_BLUE_7b03230c_Transparent.mat","ROOF_BLUE","Universal Render Pipeline/2D/Mesh2D-Lit-Default","Universal Render Pipeline/Lit"
"gallery_copy_applied","urp_2d_shader_on_3d_renderer","Assets/Daniel Mistage/STYLIZED Low Poly Fantasy Bundle/STYLIZED Fantasy Village - Low Poly 3D Art/Prefabs/Buildings/Preset Buildings/Fake Buildings/SFV_Building_Empty_5.prefab","Assets/Daniel Mistage/STYLIZED Low Poly Fantasy Bundle/STYLIZED Fantasy Village - Low Poly 3D Art/Materials/ROOF_BLUE.mat","Assets/BornToDig/PrefabGallery/GalleryMaterials/ROOF_BLUE_7b03230c_Transparent.mat","ROOF_BLUE","Universal Render Pipeline/2D/Mesh2D-Lit-Default","Universal Render Pipeline/Lit"
"gallery_copy_applied","urp_2d_shader_on_3d_renderer","Assets/Daniel Mistage/STYLIZED Low Poly Fantasy Bundle/STYLIZED Fantasy Village - Low Poly 3D Art/Prefabs/Buildings/Preset Buildings/Fake Buildings/SFV_Building_Empty_5.prefab","Assets/Daniel Mistage/STYLIZED Low Poly Fantasy Bundle/STYLIZED Fantasy Village - Low Poly 3D Art/Materials/ROOF_BLUE.mat","Assets/BornToDig/PrefabGallery/GalleryMaterials/ROOF_BLUE_7b03230c_Transparent.mat","ROOF_BLUE","Universal Render Pipeline/2D/Mesh2D-Lit-Default","Universal Render Pipeline/Lit"
"gallery_copy_applied","urp_2d_shader_on_3d_renderer","Assets/Daniel Mistage/STYLIZED Low Poly Fantasy Bundle/STYLIZED Fantasy Village - Low Poly 3D Art/Prefabs/Buildings/Preset Buildings/Fake Buildings/SFV_Building_Empty_5.prefab","Assets/Daniel Mistage/STYLIZED Low Poly Fantasy Bundle/STYLIZED Fantasy Village - Low Poly 3D Art/Materials/ROOF_BLUE.mat","Assets/BornToDig/PrefabGallery/GalleryMaterials/ROOF_BLUE_7b03230c_Transparent.mat","ROOF_BLUE","Universal Render Pipeline/2D/Mesh2D-Lit-Default","Universal Render Pipeline/Lit"
"gallery_copy_applied","urp_2d_shader_on_3d_renderer","Assets/Daniel Mistage/STYLIZED Low Poly Fantasy Bundle/STYLIZED Fantasy Village - Low Poly 3D Art/Prefabs/Buildings/Preset Buildings/Fake Buildings/SFV_Building_Empty_5.prefab","Assets/Daniel Mistage/STYLIZED Low Poly Fantasy Bundle/STYLIZED Fantasy Village - Low Poly 3D Art/Materials/ROOF_BLUE.mat","Assets/BornToDig/PrefabGallery/GalleryMaterials/ROOF_BLUE_7b03230c_Transparent.mat","ROOF_BLUE","Universal Render Pipeline/2D/Mesh2D-Lit-Default","Universal Render Pipeline/Lit"
"gallery_copy_applied","urp_2d_shader_on_3d_renderer","Assets/Daniel Mistage/STYLIZED Low Poly Fantasy Bundle/STYLIZED Fantasy Village - Low Poly 3D Art/Prefabs/Buildings/Preset Buildings/Fake Buildings/SFV_Building_Empty_5.prefab","Assets/Daniel Mistage/STYLIZED Low Poly Fantasy Bundle/STYLIZED Fantasy Village - Low Poly 3D Art/Materials/ROOF_BLUE.mat","Assets/BornToDig/PrefabGallery/GalleryMaterials/ROOF_BLUE_7b03230c_Transparent.mat","ROOF_BLUE","Universal Render Pipeline/2D/Mesh2D-Lit-Default","Universal Render Pipeline/Lit"
"gallery_copy_applied","urp_2d_shader_on_3d_renderer","Assets/Daniel Mistage/STYLIZED Low Poly Fantasy Bundle/STYLIZED Fantasy Village - Low Poly 3D Art/Prefabs/Buildings/Preset Buildings/Fake Buildings/SFV_Building_Empty_5.prefab","Assets/Daniel Mistage/STYLIZED Low Poly Fantasy Bundle/STYLIZED Fantasy Village - Low Poly 3D Art/Materials/ROOF_BLUE.mat","Assets/BornToDig/PrefabGallery/GalleryMaterials/ROOF_BLUE_7b03230c_Transparent.mat","ROOF_BLUE","Universal Render Pipeline/2D/Mesh2D-Lit-Default","Universal Render Pipeline/Lit"
"gallery_copy_applied","urp_2d_shader_on_3d_renderer","Assets/Daniel Mistage/STYLIZED Low Poly Fantasy Bundle/STYLIZED Fantasy Village - Low Poly 3D Art/Prefabs/Buildings/Preset Buildings/Fake Buildings/SFV_Building_Empty_5.prefab","Assets/Daniel Mistage/STYLIZED Low Poly Fantasy Bundle/STYLIZED Fantasy Village - Low Poly 3D Art/Materials/ROOF_BLUE.mat","Assets/BornToDig/PrefabGallery/GalleryMaterials/ROOF_BLUE_7b03230c_Transparent.mat","ROOF_BLUE","Universal Render Pipeline/2D/Mesh2D-Lit-Default","Universal Render Pipeline/Lit"
"gallery_copy_applied","urp_2d_shader_on_3d_renderer","Assets/Daniel Mistage/STYLIZED Low Poly Fantasy Bundle/STYLIZED Fantasy Village - Low Poly 3D Art/Prefabs/Buildings/Preset Buildings/Fake Buildings/SFV_Building_Empty_6.prefab","Assets/Daniel Mistage/STYLIZED Low Poly Fantasy Bundle/STYLIZED Fantasy Village - Low Poly 3D Art/Materials/ROOF_BLUE.mat","Assets/BornToDig/PrefabGallery/GalleryMaterials/ROOF_BLUE_7b03230c_Transparent.mat","ROOF_BLUE","Universal Render Pipeline/2D/Mesh2D-Lit-Default","Universal Render Pipeline/Lit"
"gallery_copy_applied","urp_2d_shader_on_3d_renderer","Assets/Daniel Mistage/STYLIZED Low Poly Fantasy Bundle/STYLIZED Fantasy Village - Low Poly 3D Art/Prefabs/Buildings/Preset Buildings/Fake Buildings/SFV_Building_Empty_6.prefab","Assets/Daniel Mistage/STYLIZED Low Poly Fantasy Bundle/STYLIZED Fantasy Village - Low Poly 3D Art/Materials/ROOF_BLUE.mat","Assets/BornToDig/PrefabGallery/GalleryMaterials/ROOF_BLUE_7b03230c_Transparent.mat","ROOF_BLUE","Universal Render Pipeline/2D/Mesh2D-Lit-Default","Universal Render Pipeline/Lit"
"gallery_copy_applied","urp_2d_shader_on_3d_renderer","Assets/Daniel Mistage/STYLIZED Low Poly Fantasy Bundle/STYLIZED Fantasy Village - Low Poly 3D Art/Prefabs/Buildings/Preset Buildings/Fake Buildings/SFV_Building_Empty_6.prefab","Assets/Daniel Mistage/STYLIZED Low Poly Fantasy Bundle/STYLIZED Fantasy Village - Low Poly 3D Art/Materials/ROOF_BLUE.mat","Assets/BornToDig/PrefabGallery/GalleryMaterials/ROOF_BLUE_7b03230c_Transparent.mat","ROOF_BLUE","Universal Render Pipeline/2D/Mesh2D-Lit-Default","Universal Render Pipeline/Lit"
"gallery_copy_applied","urp_2d_shader_on_3d_renderer","Assets/Daniel Mistage/STYLIZED Low Poly Fantasy Bundle/STYLIZED Fantasy Village - Low Poly 3D Art/Prefabs/Buildings/Preset Buildings/Fake Buildings/SFV_Building_Empty_6.prefab","Assets/Daniel Mistage/STYLIZED Low Poly Fantasy Bundle/STYLIZED Fantasy Village - Low Poly 3D Art/Materials/ROOF_BLUE.mat","Assets/BornToDig/PrefabGallery/GalleryMaterials/ROOF_BLUE_7b03230c_Transparent.mat","ROOF_BLUE","Universal Render Pipeline/2D/Mesh2D-Lit-Default","Universal Render Pipeline/Lit"
"gallery_copy_applied","urp_2d_shader_on_3d_renderer","Assets/Daniel Mistage/STYLIZED Low Poly Fantasy Bundle/STYLIZED Fantasy Village - Low Poly 3D Art/Prefabs/Buildings/Preset Buildings/Fake Buildings/SFV_Building_Empty_6.prefab","Assets/Daniel Mistage/STYLIZED Low Poly Fantasy Bundle/STYLIZED Fantasy Village - Low Poly 3D Art/Materials/ROOF_BLUE.mat","Assets/BornToDig/PrefabGallery/GalleryMaterials/ROOF_BLUE_7b03230c_Transparent.mat","ROOF_BLUE","Universal Render Pipeline/2D/Mesh2D-Lit-Default","Universal Render Pipeline/Lit"
"gallery_copy_applied","urp_2d_shader_on_3d_renderer","Assets/Daniel Mistage/STYLIZED Low Poly Fantasy Bundle/STYLIZED Fantasy Village - Low Poly 3D Art/Prefabs/Buildings/Preset Buildings/Fake Buildings/SFV_Building_Empty_6.prefab","Assets/Daniel Mistage/STYLIZED Low Poly Fantasy Bundle/STYLIZED Fantasy Village - Low Poly 3D Art/Materials/ROOF_BLUE.mat","Assets/BornToDig/PrefabGallery/GalleryMaterials/ROOF_BLUE_7b03230c_Transparent.mat","ROOF_BLUE","Universal Render Pipeline/2D/Mesh2D-Lit-Default","Universal Render Pipeline/Lit"
"gallery_copy_applied","urp_2d_shader_on_3d_renderer","Assets/Daniel Mistage/STYLIZED Low Poly Fantasy Bundle/STYLIZED Fantasy Village - Low Poly 3D Art/Prefabs/Buildings/Preset Buildings/Fake Buildings/SFV_Building_Empty_6.prefab","Assets/Daniel Mistage/STYLIZED Low Poly Fantasy Bundle/STYLIZED Fantasy Village - Low Poly 3D Art/Materials/ROOF_BLUE.mat","Assets/BornToDig/PrefabGallery/GalleryMaterials/ROOF_BLUE_7b03230c_Transparent.mat","ROOF_BLUE","Universal Render Pipeline/2D/Mesh2D-Lit-Default","Universal Render Pipeline/Lit"
"gallery_copy_applied","urp_2d_shader_on_3d_renderer","Assets/Daniel Mistage/STYLIZED Low Poly Fantasy Bundle/STYLIZED Fantasy Village - Low Poly 3D Art/Prefabs/Buildings/Preset Buildings/Fake Buildings/SFV_Building_Empty_6.prefab","Assets/Daniel Mistage/STYLIZED Low Poly Fantasy Bundle/STYLIZED Fantasy Village - Low Poly 3D Art/Materials/ROOF_BLUE.mat","Assets/BornToDig/PrefabGallery/GalleryMaterials/ROOF_BLUE_7b03230c_Transparent.mat","ROOF_BLUE","Universal Render Pipeline/2D/Mesh2D-Lit-Default","Universal Render Pipeline/Lit"
"gallery_copy_applied","urp_2d_shader_on_3d_renderer","Assets/Daniel Mistage/STYLIZED Low Poly Fantasy Bundle/STYLIZED Fantasy Village - Low Poly 3D Art/Prefabs/Buildings/Preset Buildings/Fake Buildings/SFV_Building_Empty_6.prefab","Assets/Daniel Mistage/STYLIZED Low Poly Fantasy Bundle/STYLIZED Fantasy Village - Low Poly 3D Art/Materials/ROOF_BLUE.mat","Assets/BornToDig/PrefabGallery/GalleryMaterials/ROOF_BLUE_7b03230c_Transparent.mat","ROOF_BLUE","Universal Render Pipeline/2D/Mesh2D-Lit-Default","Universal Render Pipeline/Lit"
"gallery_copy_applied","urp_2d_shader_on_3d_renderer","Assets/Daniel Mistage/STYLIZED Low Poly Fantasy Bundle/STYLIZED Fantasy Village - Low Poly 3D Art/Prefabs/Buildings/Preset Buildings/Fake Buildings/SFV_Building_Empty_6.prefab","Assets/Daniel Mistage/STYLIZED Low Poly Fantasy Bundle/STYLIZED Fantasy Village - Low Poly 3D Art/Materials/ROOF_BLUE.mat","Assets/BornToDig/PrefabGallery/GalleryMaterials/ROOF_BLUE_7b03230c_Transparent.mat","ROOF_BLUE","Universal Render Pipeline/2D/Mesh2D-Lit-Default","Universal Render Pipeline/Lit"
"gallery_copy_applied","urp_2d_shader_on_3d_renderer","Assets/Daniel Mistage/STYLIZED Low Poly Fantasy Bundle/STYLIZED Fantasy Village - Low Poly 3D Art/Prefabs/Buildings/Preset Buildings/Fake Buildings/SFV_Building_Empty_6.prefab","Assets/Daniel Mistage/STYLIZED Low Poly Fantasy Bundle/STYLIZED Fantasy Village - Low Poly 3D Art/Materials/ROOF_BLUE.mat","Assets/BornToDig/PrefabGallery/GalleryMaterials/ROOF_BLUE_7b03230c_Transparent.mat","ROOF_BLUE","Universal Render Pipeline/2D/Mesh2D-Lit-Default","Universal Render Pipeline/Lit"
"gallery_copy_applied","urp_2d_shader_on_3d_renderer","Assets/Daniel Mistage/STYLIZED Low Poly Fantasy Bundle/STYLIZED Fantasy Village - Low Poly 3D Art/Prefabs/Buildings/Preset Buildings/Fake Buildings/SFV_Building_Empty_6.prefab","Assets/Daniel Mistage/STYLIZED Low Poly Fantasy Bundle/STYLIZED Fantasy Village - Low Poly 3D Art/Materials/ROOF_BLUE.mat","Assets/BornToDig/PrefabGallery/GalleryMaterials/ROOF_BLUE_7b03230c_Transparent.mat","ROOF_BLUE","Universal Render Pipeline/2D/Mesh2D-Lit-Default","Universal Render Pipeline/Lit"
"gallery_copy_applied","urp_2d_shader_on_3d_renderer","Assets/Daniel Mistage/STYLIZED Low Poly Fantasy Bundle/STYLIZED Fantasy Village - Low Poly 3D Art/Prefabs/Buildings/Preset Buildings/Fake Buildings/SFV_Building_Empty_6.prefab","Assets/Daniel Mistage/STYLIZED Low Poly Fantasy Bundle/STYLIZED Fantasy Village - Low Poly 3D Art/Materials/ROOF_BLUE.mat","Assets/BornToDig/PrefabGallery/GalleryMaterials/ROOF_BLUE_7b03230c_Transparent.mat","ROOF_BLUE","Universal Render Pipeline/2D/Mesh2D-Lit-Default","Universal Render Pipeline/Lit"
"gallery_copy_applied","urp_2d_shader_on_3d_renderer","Assets/Daniel Mistage/STYLIZED Low Poly Fantasy Bundle/STYLIZED Fantasy Village - Low Poly 3D Art/Prefabs/Buildings/Preset Buildings/Fake Buildings/SFV_Building_Empty_6.prefab","Assets/Daniel Mistage/STYLIZED Low Poly Fantasy Bundle/STYLIZED Fantasy Village - Low Poly 3D Art/Materials/ROOF_BLUE.mat","Assets/BornToDig/PrefabGallery/GalleryMaterials/ROOF_BLUE_7b03230c_Transparent.mat","ROOF_BLUE","Universal Render Pipeline/2D/Mesh2D-Lit-Default","Universal Render Pipeline/Lit"
"gallery_copy_applied","urp_2d_shader_on_3d_renderer","Assets/Daniel Mistage/STYLIZED Low Poly Fantasy Bundle/STYLIZED Fantasy Village - Low Poly 3D Art/Prefabs/Buildings/Preset Buildings/Fake Buildings/SFV_Building_Empty_6.prefab","Assets/Daniel Mistage/STYLIZED Low Poly Fantasy Bundle/STYLIZED Fantasy Village - Low Poly 3D Art/Materials/ROOF_BLUE.mat","Assets/BornToDig/PrefabGallery/GalleryMaterials/ROOF_BLUE_7b03230c_Transparent.mat","ROOF_BLUE","Universal Render Pipeline/2D/Mesh2D-Lit-Default","Universal Render Pipeline/Lit"
"gallery_copy_applied","urp_2d_shader_on_3d_renderer","Assets/Daniel Mistage/STYLIZED Low Poly Fantasy Bundle/STYLIZED Fantasy Village - Low Poly 3D Art/Prefabs/Buildings/Preset Buildings/Fake Buildings/SFV_Building_Empty_6.prefab","Assets/Daniel Mistage/STYLIZED Low Poly Fantasy Bundle/STYLIZED Fantasy Village - Low Poly 3D Art/Materials/ROOF_BLUE.mat","Assets/BornToDig/PrefabGallery/GalleryMaterials/ROOF_BLUE_7b03230c_Transparent.mat","ROOF_BLUE","Universal Render Pipeline/2D/Mesh2D-Lit-Default","Universal Render Pipeline/Lit"
"gallery_copy_applied","urp_2d_shader_on_3d_renderer","Assets/Daniel Mistage/STYLIZED Low Poly Fantasy Bundle/STYLIZED Fantasy Village - Low Poly 3D Art/Prefabs/Buildings/Preset Buildings/Fake Buildings/SFV_Building_Empty_6.prefab","Assets/Daniel Mistage/STYLIZED Low Poly Fantasy Bundle/STYLIZED Fantasy Village - Low Poly 3D Art/Materials/ROOF_BLUE.mat","Assets/BornToDig/PrefabGallery/GalleryMaterials/ROOF_BLUE_7b03230c_Transparent.mat","ROOF_BLUE","Universal Render Pipeline/2D/Mesh2D-Lit-Default","Universal Render Pipeline/Lit"
"gallery_copy_applied","urp_2d_shader_on_3d_renderer","Assets/Daniel Mistage/STYLIZED Low Poly Fantasy Bundle/STYLIZED Fantasy Village - Low Poly 3D Art/Prefabs/Buildings/Preset Buildings/SFV_Building_1.prefab","Assets/Daniel Mistage/STYLIZED Low Poly Fantasy Bundle/STYLIZED Fantasy Village - Low Poly 3D Art/Materials/ROOF_BLUE.mat","Assets/BornToDig/PrefabGallery/GalleryMaterials/ROOF_BLUE_7b03230c_Transparent.mat","ROOF_BLUE","Universal Render Pipeline/2D/Mesh2D-Lit-Default","Universal Render Pipeline/Lit"
"gallery_copy_applied","urp_2d_shader_on_3d_renderer","Assets/Daniel Mistage/STYLIZED Low Poly Fantasy Bundle/STYLIZED Fantasy Village - Low Poly 3D Art/Prefabs/Buildings/Preset Buildings/SFV_Building_1.prefab","Assets/Daniel Mistage/STYLIZED Low Poly Fantasy Bundle/STYLIZED Fantasy Village - Low Poly 3D Art/Materials/ROOF_BLUE.mat","Assets/BornToDig/PrefabGallery/GalleryMaterials/ROOF_BLUE_7b03230c_Transparent.mat","ROOF_BLUE","Universal Render Pipeline/2D/Mesh2D-Lit-Default","Universal Render Pipeline/Lit"
"gallery_copy_applied","urp_2d_shader_on_3d_renderer","Assets/Daniel Mistage/STYLIZED Low Poly Fantasy Bundle/STYLIZED Fantasy Village - Low Poly 3D Art/Prefabs/Buildings/Preset Buildings/SFV_Building_1.prefab","Assets/Daniel Mistage/STYLIZED Low Poly Fantasy Bundle/STYLIZED Fantasy Village - Low Poly 3D Art/Materials/ROOF_BLUE.mat","Assets/BornToDig/PrefabGallery/GalleryMaterials/ROOF_BLUE_7b03230c_Transparent.mat","ROOF_BLUE","Universal Render Pipeline/2D/Mesh2D-Lit-Default","Universal Render Pipeline/Lit"
"gallery_copy_applied","urp_2d_shader_on_3d_renderer","Assets/Daniel Mistage/STYLIZED Low Poly Fantasy Bundle/STYLIZED Fantasy Village - Low Poly 3D Art/Prefabs/Buildings/Preset Buildings/SFV_Building_1.prefab","Assets/Daniel Mistage/STYLIZED Low Poly Fantasy Bundle/STYLIZED Fantasy Village - Low Poly 3D Art/Materials/ROOF_BLUE.mat","Assets/BornToDig/PrefabGallery/GalleryMaterials/ROOF_BLUE_7b03230c_Transparent.mat","ROOF_BLUE","Universal Render Pipeline/2D/Mesh2D-Lit-Default","Universal Render Pipeline/Lit"
"gallery_copy_applied","urp_2d_shader_on_3d_renderer","Assets/Daniel Mistage/STYLIZED Low Poly Fantasy Bundle/STYLIZED Fantasy Village - Low Poly 3D Art/Prefabs/Buildings/Preset Buildings/SFV_Building_1.prefab","Assets/Daniel Mistage/STYLIZED Low Poly Fantasy Bundle/STYLIZED Fantasy Village - Low Poly 3D Art/Materials/ROOF_BLUE.mat","Assets/BornToDig/PrefabGallery/GalleryMaterials/ROOF_BLUE_7b03230c_Transparent.mat","ROOF_BLUE","Universal Render Pipeline/2D/Mesh2D-Lit-Default","Universal Render Pipeline/Lit"
"gallery_copy_applied","urp_2d_shader_on_3d_renderer","Assets/Daniel Mistage/STYLIZED Low Poly Fantasy Bundle/STYLIZED Fantasy Village - Low Poly 3D Art/Prefabs/Buildings/Preset Buildings/SFV_Building_1.prefab","Assets/Daniel Mistage/STYLIZED Low Poly Fantasy Bundle/STYLIZED Fantasy Village - Low Poly 3D Art/Materials/ROOF_BLUE.mat","Assets/BornToDig/PrefabGallery/GalleryMaterials/ROOF_BLUE_7b03230c_Transparent.mat","ROOF_BLUE","Universal Render Pipeline/2D/Mesh2D-Lit-Default","Universal Render Pipeline/Lit"
"gallery_copy_applied","urp_2d_shader_on_3d_renderer","Assets/Daniel Mistage/STYLIZED Low Poly Fantasy Bundle/STYLIZED Fantasy Village - Low Poly 3D Art/Prefabs/Buildings/Preset Buildings/SFV_Building_1.prefab","Assets/Daniel Mistage/STYLIZED Low Poly Fantasy Bundle/STYLIZED Fantasy Village - Low Poly 3D Art/Materials/ROOF_BLUE.mat","Assets/BornToDig/PrefabGallery/GalleryMaterials/ROOF_BLUE_7b03230c_Transparent.mat","ROOF_BLUE","Universal Render Pipeline/2D/Mesh2D-Lit-Default","Universal Render Pipeline/Lit"
"gallery_copy_applied","urp_2d_shader_on_3d_renderer","Assets/Daniel Mistage/STYLIZED Low Poly Fantasy Bundle/STYLIZED Fantasy Village - Low Poly 3D Art/Prefabs/Buildings/Preset Buildings/SFV_Building_1.prefab","Assets/Daniel Mistage/STYLIZED Low Poly Fantasy Bundle/STYLIZED Fantasy Village - Low Poly 3D Art/Materials/ROOF_BLUE.mat","Assets/BornToDig/PrefabGallery/GalleryMaterials/ROOF_BLUE_7b03230c_Transparent.mat","ROOF_BLUE","Universal Render Pipeline/2D/Mesh2D-Lit-Default","Universal Render Pipeline/Lit"
"gallery_copy_applied","urp_2d_shader_on_3d_renderer","Assets/Daniel Mistage/STYLIZED Low Poly Fantasy Bundle/STYLIZED Fantasy Village - Low Poly 3D Art/Prefabs/Buildings/Preset Buildings/SFV_Building_1.prefab","Assets/Daniel Mistage/STYLIZED Low Poly Fantasy Bundle/STYLIZED Fantasy Village - Low Poly 3D Art/Materials/ROOF_BLUE.mat","Assets/BornToDig/PrefabGallery/GalleryMaterials/ROOF_BLUE_7b03230c_Transparent.mat","ROOF_BLUE","Universal Render Pipeline/2D/Mesh2D-Lit-Default","Universal Render Pipeline/Lit"
"gallery_copy_applied","urp_2d_shader_on_3d_renderer","Assets/Daniel Mistage/STYLIZED Low Poly Fantasy Bundle/STYLIZED Fantasy Village - Low Poly 3D Art/Prefabs/Buildings/Preset Buildings/SFV_Building_1.prefab","Assets/Daniel Mistage/STYLIZED Low Poly Fantasy Bundle/STYLIZED Fantasy Village - Low Poly 3D Art/Materials/ROOF_BLUE.mat","Assets/BornToDig/PrefabGallery/GalleryMaterials/ROOF_BLUE_7b03230c_Transparent.mat","ROOF_BLUE","Universal Render Pipeline/2D/Mesh2D-Lit-Default","Universal Render Pipeline/Lit"
"gallery_copy_applied","urp_2d_shader_on_3d_renderer","Assets/Daniel Mistage/STYLIZED Low Poly Fantasy Bundle/STYLIZED Fantasy Village - Low Poly 3D Art/Prefabs/Buildings/Preset Buildings/SFV_Building_1.prefab","Assets/Daniel Mistage/STYLIZED Low Poly Fantasy Bundle/STYLIZED Fantasy Village - Low Poly 3D Art/Materials/ROOF_BLUE.mat","Assets/BornToDig/PrefabGallery/GalleryMaterials/ROOF_BLUE_7b03230c_Transparent.mat","ROOF_BLUE","Universal Render Pipeline/2D/Mesh2D-Lit-Default","Universal Render Pipeline/Lit"
"gallery_copy_applied","urp_2d_shader_on_3d_renderer","Assets/Daniel Mistage/STYLIZED Low Poly Fantasy Bundle/STYLIZED Fantasy Village - Low Poly 3D Art/Prefabs/Buildings/Preset Buildings/SFV_Building_1.prefab","Assets/Daniel Mistage/STYLIZED Low Poly Fantasy Bundle/STYLIZED Fantasy Village - Low Poly 3D Art/Materials/ROOF_BLUE.mat","Assets/BornToDig/PrefabGallery/GalleryMaterials/ROOF_BLUE_7b03230c_Transparent.mat","ROOF_BLUE","Universal Render Pipeline/2D/Mesh2D-Lit-Default","Universal Render Pipeline/Lit"
"gallery_copy_applied","urp_2d_shader_on_3d_renderer","Assets/Daniel Mistage/STYLIZED Low Poly Fantasy Bundle/STYLIZED Fantasy Village - Low Poly 3D Art/Prefabs/Buildings/Preset Buildings/SFV_Building_1.prefab","Assets/Daniel Mistage/STYLIZED Low Poly Fantasy Bundle/STYLIZED Fantasy Village - Low Poly 3D Art/Materials/ROOF_BLUE.mat","Assets/BornToDig/PrefabGallery/GalleryMaterials/ROOF_BLUE_7b03230c_Transparent.mat","ROOF_BLUE","Universal Render Pipeline/2D/Mesh2D-Lit-Default","Universal Render Pipeline/Lit"
"gallery_copy_applied","urp_2d_shader_on_3d_renderer","Assets/Daniel Mistage/STYLIZED Low Poly Fantasy Bundle/STYLIZED Fantasy Village - Low Poly 3D Art/Prefabs/Buildings/Preset Buildings/SFV_Building_1.prefab","Assets/Daniel Mistage/STYLIZED Low Poly Fantasy Bundle/STYLIZED Fantasy Village - Low Poly 3D Art/Materials/ROOF_BLUE.mat","Assets/BornToDig/PrefabGallery/GalleryMaterials/ROOF_BLUE_7b03230c_Transparent.mat","ROOF_BLUE","Universal Render Pipeline/2D/Mesh2D-Lit-Default","Universal Render Pipeline/Lit"
"gallery_copy_applied","urp_2d_shader_on_3d_renderer","Assets/Daniel Mistage/STYLIZED Low Poly Fantasy Bundle/STYLIZED Fantasy Village - Low Poly 3D Art/Prefabs/Buildings/Preset Buildings/SFV_Building_1.prefab","Assets/Daniel Mistage/STYLIZED Low Poly Fantasy Bundle/STYLIZED Fantasy Village - Low Poly 3D Art/Materials/ROOF_BLUE.mat","Assets/BornToDig/PrefabGallery/GalleryMaterials/ROOF_BLUE_7b03230c_Transparent.mat","ROOF_BLUE","Universal Render Pipeline/2D/Mesh2D-Lit-Default","Universal Render Pipeline/Lit"
"gallery_copy_applied","urp_2d_shader_on_3d_renderer","Assets/Daniel Mistage/STYLIZED Low Poly Fantasy Bundle/STYLIZED Fantasy Village - Low Poly 3D Art/Prefabs/Buildings/Preset Buildings/SFV_Building_1.prefab","Assets/Daniel Mistage/STYLIZED Low Poly Fantasy Bundle/STYLIZED Fantasy Village - Low Poly 3D Art/Materials/ROOF_BLUE.mat","Assets/BornToDig/PrefabGallery/GalleryMaterials/ROOF_BLUE_7b03230c_Transparent.mat","ROOF_BLUE","Universal Render Pipeline/2D/Mesh2D-Lit-Default","Universal Render Pipeline/Lit"
"gallery_copy_applied","urp_2d_shader_on_3d_renderer","Assets/Daniel Mistage/STYLIZED Low Poly Fantasy Bundle/STYLIZED Fantasy Village - Low Poly 3D Art/Prefabs/Buildings/Preset Buildings/SFV_Building_1.prefab","Assets/Daniel Mistage/STYLIZED Low Poly Fantasy Bundle/STYLIZED Fantasy Village - Low Poly 3D Art/Materials/ROOF_BLUE.mat","Assets/BornToDig/PrefabGallery/GalleryMaterials/ROOF_BLUE_7b03230c_Transparent.mat","ROOF_BLUE","Universal Render Pipeline/2D/Mesh2D-Lit-Default","Universal Render Pipeline/Lit"
"gallery_copy_applied","urp_2d_shader_on_3d_renderer","Assets/Daniel Mistage/STYLIZED Low Poly Fantasy Bundle/STYLIZED Fantasy Village - Low Poly 3D Art/Prefabs/Buildings/Preset Buildings/SFV_Building_1.prefab","Assets/Daniel Mistage/STYLIZED Low Poly Fantasy Bundle/STYLIZED Fantasy Village - Low Poly 3D Art/Materials/ROOF_BLUE.mat","Assets/BornToDig/PrefabGallery/GalleryMaterials/ROOF_BLUE_7b03230c_Transparent.mat","ROOF_BLUE","Universal Render Pipeline/2D/Mesh2D-Lit-Default","Universal Render Pipeline/Lit"
"gallery_copy_applied","urp_2d_shader_on_3d_renderer","Assets/Daniel Mistage/STYLIZED Low Poly Fantasy Bundle/STYLIZED Fantasy Village - Low Poly 3D Art/Prefabs/Buildings/Preset Buildings/SFV_Building_1.prefab","Assets/Daniel Mistage/STYLIZED Low Poly Fantasy Bundle/STYLIZED Fantasy Village - Low Poly 3D Art/Materials/ROOF_BLUE.mat","Assets/BornToDig/PrefabGallery/GalleryMaterials/ROOF_BLUE_7b03230c_Transparent.mat","ROOF_BLUE","Universal Render Pipeline/2D/Mesh2D-Lit-Default","Universal Render Pipeline/Lit"
"gallery_copy_applied","urp_2d_shader_on_3d_renderer","Assets/Daniel Mistage/STYLIZED Low Poly Fantasy Bundle/STYLIZED Fantasy Village - Low Poly 3D Art/Prefabs/Buildings/Preset Buildings/SFV_Building_1.prefab","Assets/Daniel Mistage/STYLIZED Low Poly Fantasy Bundle/STYLIZED Fantasy Village - Low Poly 3D Art/Materials/ROOF_BLUE.mat","Assets/BornToDig/PrefabGallery/GalleryMaterials/ROOF_BLUE_7b03230c_Transparent.mat","ROOF_BLUE","Universal Render Pipeline/2D/Mesh2D-Lit-Default","Universal Render Pipeline/Lit"
"gallery_copy_applied","urp_2d_shader_on_3d_renderer","Assets/Daniel Mistage/STYLIZED Low Poly Fantasy Bundle/STYLIZED Fantasy Village - Low Poly 3D Art/Prefabs/Buildings/Preset Buildings/SFV_Building_1.prefab","Assets/Daniel Mistage/STYLIZED Low Poly Fantasy Bundle/STYLIZED Fantasy Village - Low Poly 3D Art/Materials/ROOF_BLUE.mat","Assets/BornToDig/PrefabGallery/GalleryMaterials/ROOF_BLUE_7b03230c_Transparent.mat","ROOF_BLUE","Universal Render Pipeline/2D/Mesh2D-Lit-Default","Universal Render Pipeline/Lit"
"gallery_copy_applied","urp_2d_shader_on_3d_renderer","Assets/Daniel Mistage/STYLIZED Low Poly Fantasy Bundle/STYLIZED Fantasy Village - Low Poly 3D Art/Prefabs/Buildings/Preset Buildings/SFV_Building_2.prefab","Assets/Daniel Mistage/STYLIZED Low Poly Fantasy Bundle/STYLIZED Fantasy Village - Low Poly 3D Art/Materials/ROOF_BLUE.mat","Assets/BornToDig/PrefabGallery/GalleryMaterials/ROOF_BLUE_7b03230c_Transparent.mat","ROOF_BLUE","Universal Render Pipeline/2D/Mesh2D-Lit-Default","Universal Render Pipeline/Lit"
"gallery_copy_applied","urp_2d_shader_on_3d_renderer","Assets/Daniel Mistage/STYLIZED Low Poly Fantasy Bundle/STYLIZED Fantasy Village - Low Poly 3D Art/Prefabs/Buildings/Preset Buildings/SFV_Building_2.prefab","Assets/Daniel Mistage/STYLIZED Low Poly Fantasy Bundle/STYLIZED Fantasy Village - Low Poly 3D Art/Materials/ROOF_BLUE.mat","Assets/BornToDig/PrefabGallery/GalleryMaterials/ROOF_BLUE_7b03230c_Transparent.mat","ROOF_BLUE","Universal Render Pipeline/2D/Mesh2D-Lit-Default","Universal Render Pipeline/Lit"
"gallery_copy_applied","urp_2d_shader_on_3d_renderer","Assets/Daniel Mistage/STYLIZED Low Poly Fantasy Bundle/STYLIZED Fantasy Village - Low Poly 3D Art/Prefabs/Buildings/Preset Buildings/SFV_Building_2.prefab","Assets/Daniel Mistage/STYLIZED Low Poly Fantasy Bundle/STYLIZED Fantasy Village - Low Poly 3D Art/Materials/ROOF_BLUE.mat","Assets/BornToDig/PrefabGallery/GalleryMaterials/ROOF_BLUE_7b03230c_Transparent.mat","ROOF_BLUE","Universal Render Pipeline/2D/Mesh2D-Lit-Default","Universal Render Pipeline/Lit"
"gallery_copy_applied","urp_2d_shader_on_3d_renderer","Assets/Daniel Mistage/STYLIZED Low Poly Fantasy Bundle/STYLIZED Fantasy Village - Low Poly 3D Art/Prefabs/Buildings/Preset Buildings/SFV_Building_2.prefab","Assets/Daniel Mistage/STYLIZED Low Poly Fantasy Bundle/STYLIZED Fantasy Village - Low Poly 3D Art/Materials/ROOF_BLUE.mat","Assets/BornToDig/PrefabGallery/GalleryMaterials/ROOF_BLUE_7b03230c_Transparent.mat","ROOF_BLUE","Universal Render Pipeline/2D/Mesh2D-Lit-Default","Universal Render Pipeline/Lit"
"gallery_copy_applied","urp_2d_shader_on_3d_renderer","Assets/Daniel Mistage/STYLIZED Low Poly Fantasy Bundle/STYLIZED Fantasy Village - Low Poly 3D Art/Prefabs/Buildings/Preset Buildings/SFV_Building_2.prefab","Assets/Daniel Mistage/STYLIZED Low Poly Fantasy Bundle/STYLIZED Fantasy Village - Low Poly 3D Art/Materials/ROOF_BLUE.mat","Assets/BornToDig/PrefabGallery/GalleryMaterials/ROOF_BLUE_7b03230c_Transparent.mat","ROOF_BLUE","Universal Render Pipeline/2D/Mesh2D-Lit-Default","Universal Render Pipeline/Lit"
"gallery_copy_applied","urp_2d_shader_on_3d_renderer","Assets/Daniel Mistage/STYLIZED Low Poly Fantasy Bundle/STYLIZED Fantasy Village - Low Poly 3D Art/Prefabs/Buildings/Preset Buildings/SFV_Building_2.prefab","Assets/Daniel Mistage/STYLIZED Low Poly Fantasy Bundle/STYLIZED Fantasy Village - Low Poly 3D Art/Materials/ROOF_BLUE.mat","Assets/BornToDig/PrefabGallery/GalleryMaterials/ROOF_BLUE_7b03230c_Transparent.mat","ROOF_BLUE","Universal Render Pipeline/2D/Mesh2D-Lit-Default","Universal Render Pipeline/Lit"
"gallery_copy_applied","urp_2d_shader_on_3d_renderer","Assets/Daniel Mistage/STYLIZED Low Poly Fantasy Bundle/STYLIZED Fantasy Village - Low Poly 3D Art/Prefabs/Buildings/Preset Buildings/SFV_Building_2.prefab","Assets/Daniel Mistage/STYLIZED Low Poly Fantasy Bundle/STYLIZED Fantasy Village - Low Poly 3D Art/Materials/ROOF_BLUE.mat","Assets/BornToDig/PrefabGallery/GalleryMaterials/ROOF_BLUE_7b03230c_Transparent.mat","ROOF_BLUE","Universal Render Pipeline/2D/Mesh2D-Lit-Default","Universal Render Pipeline/Lit"
"gallery_copy_applied","urp_2d_shader_on_3d_renderer","Assets/Daniel Mistage/STYLIZED Low Poly Fantasy Bundle/STYLIZED Fantasy Village - Low Poly 3D Art/Prefabs/Buildings/Preset Buildings/SFV_Building_2.prefab","Assets/Daniel Mistage/STYLIZED Low Poly Fantasy Bundle/STYLIZED Fantasy Village - Low Poly 3D Art/Materials/ROOF_BLUE.mat","Assets/BornToDig/PrefabGallery/GalleryMaterials/ROOF_BLUE_7b03230c_Transparent.mat","ROOF_BLUE","Universal Render Pipeline/2D/Mesh2D-Lit-Default","Universal Render Pipeline/Lit"
"gallery_copy_applied","urp_2d_shader_on_3d_renderer","Assets/Daniel Mistage/STYLIZED Low Poly Fantasy Bundle/STYLIZED Fantasy Village - Low Poly 3D Art/Prefabs/Buildings/Preset Buildings/SFV_Building_2.prefab","Assets/Daniel Mistage/STYLIZED Low Poly Fantasy Bundle/STYLIZED Fantasy Village - Low Poly 3D Art/Materials/ROOF_BLUE.mat","Assets/BornToDig/PrefabGallery/GalleryMaterials/ROOF_BLUE_7b03230c_Transparent.mat","ROOF_BLUE","Universal Render Pipeline/2D/Mesh2D-Lit-Default","Universal Render Pipeline/Lit"
"gallery_copy_applied","urp_2d_shader_on_3d_renderer","Assets/Daniel Mistage/STYLIZED Low Poly Fantasy Bundle/STYLIZED Fantasy Village - Low Poly 3D Art/Prefabs/Buildings/Preset Buildings/SFV_Building_2.prefab","Assets/Daniel Mistage/STYLIZED Low Poly Fantasy Bundle/STYLIZED Fantasy Village - Low Poly 3D Art/Materials/ROOF_BLUE.mat","Assets/BornToDig/PrefabGallery/GalleryMaterials/ROOF_BLUE_7b03230c_Transparent.mat","ROOF_BLUE","Universal Render Pipeline/2D/Mesh2D-Lit-Default","Universal Render Pipeline/Lit"
"gallery_copy_applied","urp_2d_shader_on_3d_renderer","Assets/Daniel Mistage/STYLIZED Low Poly Fantasy Bundle/STYLIZED Fantasy Village - Low Poly 3D Art/Prefabs/Buildings/Preset Buildings/SFV_Building_2.prefab","Assets/Daniel Mistage/STYLIZED Low Poly Fantasy Bundle/STYLIZED Fantasy Village - Low Poly 3D Art/Materials/ROOF_BLUE.mat","Assets/BornToDig/PrefabGallery/GalleryMaterials/ROOF_BLUE_7b03230c_Transparent.mat","ROOF_BLUE","Universal Render Pipeline/2D/Mesh2D-Lit-Default","Universal Render Pipeline/Lit"
"gallery_copy_applied","urp_2d_shader_on_3d_renderer","Assets/Daniel Mistage/STYLIZED Low Poly Fantasy Bundle/STYLIZED Fantasy Village - Low Poly 3D Art/Prefabs/Buildings/Preset Buildings/SFV_Building_2.prefab","Assets/Daniel Mistage/STYLIZED Low Poly Fantasy Bundle/STYLIZED Fantasy Village - Low Poly 3D Art/Materials/ROOF_BLUE.mat","Assets/BornToDig/PrefabGallery/GalleryMaterials/ROOF_BLUE_7b03230c_Transparent.mat","ROOF_BLUE","Universal Render Pipeline/2D/Mesh2D-Lit-Default","Universal Render Pipeline/Lit"
"gallery_copy_applied","urp_2d_shader_on_3d_renderer","Assets/Daniel Mistage/STYLIZED Low Poly Fantasy Bundle/STYLIZED Fantasy Village - Low Poly 3D Art/Prefabs/Buildings/Preset Buildings/SFV_Building_2.prefab","Assets/Daniel Mistage/STYLIZED Low Poly Fantasy Bundle/STYLIZED Fantasy Village - Low Poly 3D Art/Materials/ROOF_BLUE.mat","Assets/BornToDig/PrefabGallery/GalleryMaterials/ROOF_BLUE_7b03230c_Transparent.mat","ROOF_BLUE","Universal Render Pipeline/2D/Mesh2D-Lit-Default","Universal Render Pipeline/Lit"
"gallery_copy_applied","urp_2d_shader_on_3d_renderer","Assets/Daniel Mistage/STYLIZED Low Poly Fantasy Bundle/STYLIZED Fantasy Village - Low Poly 3D Art/Prefabs/Buildings/Preset Buildings/SFV_Building_2.prefab","Assets/Daniel Mistage/STYLIZED Low Poly Fantasy Bundle/STYLIZED Fantasy Village - Low Poly 3D Art/Materials/ROOF_BLUE.mat","Assets/BornToDig/PrefabGallery/GalleryMaterials/ROOF_BLUE_7b03230c_Transparent.mat","ROOF_BLUE","Universal Render Pipeline/2D/Mesh2D-Lit-Default","Universal Render Pipeline/Lit"
"gallery_copy_applied","urp_2d_shader_on_3d_renderer","Assets/Daniel Mistage/STYLIZED Low Poly Fantasy Bundle/STYLIZED Fantasy Village - Low Poly 3D Art/Prefabs/Buildings/Preset Buildings/SFV_Building_2.prefab","Assets/Daniel Mistage/STYLIZED Low Poly Fantasy Bundle/STYLIZED Fantasy Village - Low Poly 3D Art/Materials/ROOF_BLUE.mat","Assets/BornToDig/PrefabGallery/GalleryMaterials/ROOF_BLUE_7b03230c_Transparent.mat","ROOF_BLUE","Universal Render Pipeline/2D/Mesh2D-Lit-Default","Universal Render Pipeline/Lit"
"gallery_copy_applied","urp_2d_shader_on_3d_renderer","Assets/Daniel Mistage/STYLIZED Low Poly Fantasy Bundle/STYLIZED Fantasy Village - Low Poly 3D Art/Prefabs/Buildings/Preset Buildings/SFV_Building_2.prefab","Assets/Daniel Mistage/STYLIZED Low Poly Fantasy Bundle/STYLIZED Fantasy Village - Low Poly 3D Art/Materials/ROOF_BLUE.mat","Assets/BornToDig/PrefabGallery/GalleryMaterials/ROOF_BLUE_7b03230c_Transparent.mat","ROOF_BLUE","Universal Render Pipeline/2D/Mesh2D-Lit-Default","Universal Render Pipeline/Lit"
"gallery_copy_applied","urp_2d_shader_on_3d_renderer","Assets/Daniel Mistage/STYLIZED Low Poly Fantasy Bundle/STYLIZED Fantasy Village - Low Poly 3D Art/Prefabs/Buildings/Preset Buildings/SFV_Building_2.prefab","Assets/Daniel Mistage/STYLIZED Low Poly Fantasy Bundle/STYLIZED Fantasy Village - Low Poly 3D Art/Materials/ROOF_BLUE.mat","Assets/BornToDig/PrefabGallery/GalleryMaterials/ROOF_BLUE_7b03230c_Transparent.mat","ROOF_BLUE","Universal Render Pipeline/2D/Mesh2D-Lit-Default","Universal Render Pipeline/Lit"
"gallery_copy_applied","urp_2d_shader_on_3d_renderer","Assets/Daniel Mistage/STYLIZED Low Poly Fantasy Bundle/STYLIZED Fantasy Village - Low Poly 3D Art/Prefabs/Buildings/Preset Buildings/SFV_Building_2.prefab","Assets/Daniel Mistage/STYLIZED Low Poly Fantasy Bundle/STYLIZED Fantasy Village - Low Poly 3D Art/Materials/ROOF_BLUE.mat","Assets/BornToDig/PrefabGallery/GalleryMaterials/ROOF_BLUE_7b03230c_Transparent.mat","ROOF_BLUE","Universal Render Pipeline/2D/Mesh2D-Lit-Default","Universal Render Pipeline/Lit"
"gallery_copy_applied","urp_2d_shader_on_3d_renderer","Assets/Daniel Mistage/STYLIZED Low Poly Fantasy Bundle/STYLIZED Fantasy Village - Low Poly 3D Art/Prefabs/Buildings/Preset Buildings/SFV_Building_2.prefab","Assets/Daniel Mistage/STYLIZED Low Poly Fantasy Bundle/STYLIZED Fantasy Village - Low Poly 3D Art/Materials/ROOF_BLUE.mat","Assets/BornToDig/PrefabGallery/GalleryMaterials/ROOF_BLUE_7b03230c_Transparent.mat","ROOF_BLUE","Universal Render Pipeline/2D/Mesh2D-Lit-Default","Universal Render Pipeline/Lit"
"gallery_copy_applied","urp_2d_shader_on_3d_renderer","Assets/Daniel Mistage/STYLIZED Low Poly Fantasy Bundle/STYLIZED Fantasy Village - Low Poly 3D Art/Prefabs/Buildings/Preset Buildings/SFV_Building_2.prefab","Assets/Daniel Mistage/STYLIZED Low Poly Fantasy Bundle/STYLIZED Fantasy Village - Low Poly 3D Art/Materials/ROOF_BLUE.mat","Assets/BornToDig/PrefabGallery/GalleryMaterials/ROOF_BLUE_7b03230c_Transparent.mat","ROOF_BLUE","Universal Render Pipeline/2D/Mesh2D-Lit-Default","Universal Render Pipeline/Lit"
"gallery_copy_applied","urp_2d_shader_on_3d_renderer","Assets/Daniel Mistage/STYLIZED Low Poly Fantasy Bundle/STYLIZED Fantasy Village - Low Poly 3D Art/Prefabs/Buildings/Preset Buildings/SFV_Building_2.prefab","Assets/Daniel Mistage/STYLIZED Low Poly Fantasy Bundle/STYLIZED Fantasy Village - Low Poly 3D Art/Materials/ROOF_BLUE.mat","Assets/BornToDig/PrefabGallery/GalleryMaterials/ROOF_BLUE_7b03230c_Transparent.mat","ROOF_BLUE","Universal Render Pipeline/2D/Mesh2D-Lit-Default","Universal Render Pipeline/Lit"
"gallery_copy_applied","urp_2d_shader_on_3d_renderer","Assets/Daniel Mistage/STYLIZED Low Poly Fantasy Bundle/STYLIZED Fantasy Village - Low Poly 3D Art/Prefabs/Buildings/Preset Buildings/SFV_Building_2.prefab","Assets/Daniel Mistage/STYLIZED Low Poly Fantasy Bundle/STYLIZED Fantasy Village - Low Poly 3D Art/Materials/ROOF_BLUE.mat","Assets/BornToDig/PrefabGallery/GalleryMaterials/ROOF_BLUE_7b03230c_Transparent.mat","ROOF_BLUE","Universal Render Pipeline/2D/Mesh2D-Lit-Default","Universal Render Pipeline/Lit"
"gallery_copy_applied","urp_2d_shader_on_3d_renderer","Assets/Daniel Mistage/STYLIZED Low Poly Fantasy Bundle/STYLIZED Fantasy Village - Low Poly 3D Art/Prefabs/Buildings/Preset Buildings/SFV_Building_3.prefab","Assets/Daniel Mistage/STYLIZED Low Poly Fantasy Bundle/STYLIZED Fantasy Village - Low Poly 3D Art/Materials/ROOF_BLUE.mat","Assets/BornToDig/PrefabGallery/GalleryMaterials/ROOF_BLUE_7b03230c_Transparent.mat","ROOF_BLUE","Universal Render Pipeline/2D/Mesh2D-Lit-Default","Universal Render Pipeline/Lit"
"gallery_copy_applied","urp_2d_shader_on_3d_renderer","Assets/Daniel Mistage/STYLIZED Low Poly Fantasy Bundle/STYLIZED Fantasy Village - Low Poly 3D Art/Prefabs/Buildings/Preset Buildings/SFV_Building_3.prefab","Assets/Daniel Mistage/STYLIZED Low Poly Fantasy Bundle/STYLIZED Fantasy Village - Low Poly 3D Art/Materials/ROOF_BLUE.mat","Assets/BornToDig/PrefabGallery/GalleryMaterials/ROOF_BLUE_7b03230c_Transparent.mat","ROOF_BLUE","Universal Render Pipeline/2D/Mesh2D-Lit-Default","Universal Render Pipeline/Lit"
"gallery_copy_applied","urp_2d_shader_on_3d_renderer","Assets/Daniel Mistage/STYLIZED Low Poly Fantasy Bundle/STYLIZED Fantasy Village - Low Poly 3D Art/Prefabs/Buildings/Preset Buildings/SFV_Building_3.prefab","Assets/Daniel Mistage/STYLIZED Low Poly Fantasy Bundle/STYLIZED Fantasy Village - Low Poly 3D Art/Materials/ROOF_BLUE.mat","Assets/BornToDig/PrefabGallery/GalleryMaterials/ROOF_BLUE_7b03230c_Transparent.mat","ROOF_BLUE","Universal Render Pipeline/2D/Mesh2D-Lit-Default","Universal Render Pipeline/Lit"
"gallery_copy_applied","urp_2d_shader_on_3d_renderer","Assets/Daniel Mistage/STYLIZED Low Poly Fantasy Bundle/STYLIZED Fantasy Village - Low Poly 3D Art/Prefabs/Buildings/Preset Buildings/SFV_Building_3.prefab","Assets/Daniel Mistage/STYLIZED Low Poly Fantasy Bundle/STYLIZED Fantasy Village - Low Poly 3D Art/Materials/ROOF_BLUE.mat","Assets/BornToDig/PrefabGallery/GalleryMaterials/ROOF_BLUE_7b03230c_Transparent.mat","ROOF_BLUE","Universal Render Pipeline/2D/Mesh2D-Lit-Default","Universal Render Pipeline/Lit"
"gallery_copy_applied","urp_2d_shader_on_3d_renderer","Assets/Daniel Mistage/STYLIZED Low Poly Fantasy Bundle/STYLIZED Fantasy Village - Low Poly 3D Art/Prefabs/Buildings/Preset Buildings/SFV_Building_3.prefab","Assets/Daniel Mistage/STYLIZED Low Poly Fantasy Bundle/STYLIZED Fantasy Village - Low Poly 3D Art/Materials/ROOF_BLUE.mat","Assets/BornToDig/PrefabGallery/GalleryMaterials/ROOF_BLUE_7b03230c_Transparent.mat","ROOF_BLUE","Universal Render Pipeline/2D/Mesh2D-Lit-Default","Universal Render Pipeline/Lit"
"gallery_copy_applied","urp_2d_shader_on_3d_renderer","Assets/Daniel Mistage/STYLIZED Low Poly Fantasy Bundle/STYLIZED Fantasy Village - Low Poly 3D Art/Prefabs/Buildings/Preset Buildings/SFV_Building_3.prefab","Assets/Daniel Mistage/STYLIZED Low Poly Fantasy Bundle/STYLIZED Fantasy Village - Low Poly 3D Art/Materials/ROOF_BLUE.mat","Assets/BornToDig/PrefabGallery/GalleryMaterials/ROOF_BLUE_7b03230c_Transparent.mat","ROOF_BLUE","Universal Render Pipeline/2D/Mesh2D-Lit-Default","Universal Render Pipeline/Lit"
"gallery_copy_applied","urp_2d_shader_on_3d_renderer","Assets/Daniel Mistage/STYLIZED Low Poly Fantasy Bundle/STYLIZED Fantasy Village - Low Poly 3D Art/Prefabs/Buildings/Preset Buildings/SFV_Building_3.prefab","Assets/Daniel Mistage/STYLIZED Low Poly Fantasy Bundle/STYLIZED Fantasy Village - Low Poly 3D Art/Materials/ROOF_BLUE.mat","Assets/BornToDig/PrefabGallery/GalleryMaterials/ROOF_BLUE_7b03230c_Transparent.mat","ROOF_BLUE","Universal Render Pipeline/2D/Mesh2D-Lit-Default","Universal Render Pipeline/Lit"
"gallery_copy_applied","urp_2d_shader_on_3d_renderer","Assets/Daniel Mistage/STYLIZED Low Poly Fantasy Bundle/STYLIZED Fantasy Village - Low Poly 3D Art/Prefabs/Buildings/Preset Buildings/SFV_Building_3.prefab","Assets/Daniel Mistage/STYLIZED Low Poly Fantasy Bundle/STYLIZED Fantasy Village - Low Poly 3D Art/Materials/ROOF_BLUE.mat","Assets/BornToDig/PrefabGallery/GalleryMaterials/ROOF_BLUE_7b03230c_Transparent.mat","ROOF_BLUE","Universal Render Pipeline/2D/Mesh2D-Lit-Default","Universal Render Pipeline/Lit"
"gallery_copy_applied","urp_2d_shader_on_3d_renderer","Assets/Daniel Mistage/STYLIZED Low Poly Fantasy Bundle/STYLIZED Fantasy Village - Low Poly 3D Art/Prefabs/Buildings/Preset Buildings/SFV_Building_3.prefab","Assets/Daniel Mistage/STYLIZED Low Poly Fantasy Bundle/STYLIZED Fantasy Village - Low Poly 3D Art/Materials/ROOF_BLUE.mat","Assets/BornToDig/PrefabGallery/GalleryMaterials/ROOF_BLUE_7b03230c_Transparent.mat","ROOF_BLUE","Universal Render Pipeline/2D/Mesh2D-Lit-Default","Universal Render Pipeline/Lit"
"gallery_copy_applied","urp_2d_shader_on_3d_renderer","Assets/Daniel Mistage/STYLIZED Low Poly Fantasy Bundle/STYLIZED Fantasy Village - Low Poly 3D Art/Prefabs/Buildings/Preset Buildings/SFV_Building_3.prefab","Assets/Daniel Mistage/STYLIZED Low Poly Fantasy Bundle/STYLIZED Fantasy Village - Low Poly 3D Art/Materials/ROOF_BLUE.mat","Assets/BornToDig/PrefabGallery/GalleryMaterials/ROOF_BLUE_7b03230c_Transparent.mat","ROOF_BLUE","Universal Render Pipeline/2D/Mesh2D-Lit-Default","Universal Render Pipeline/Lit"
"gallery_copy_applied","urp_2d_shader_on_3d_renderer","Assets/Daniel Mistage/STYLIZED Low Poly Fantasy Bundle/STYLIZED Fantasy Village - Low Poly 3D Art/Prefabs/Buildings/Preset Buildings/SFV_Building_3.prefab","Assets/Daniel Mistage/STYLIZED Low Poly Fantasy Bundle/STYLIZED Fantasy Village - Low Poly 3D Art/Materials/ROOF_BLUE.mat","Assets/BornToDig/PrefabGallery/GalleryMaterials/ROOF_BLUE_7b03230c_Transparent.mat","ROOF_BLUE","Universal Render Pipeline/2D/Mesh2D-Lit-Default","Universal Render Pipeline/Lit"
"gallery_copy_applied","urp_2d_shader_on_3d_renderer","Assets/Daniel Mistage/STYLIZED Low Poly Fantasy Bundle/STYLIZED Fantasy Village - Low Poly 3D Art/Prefabs/Buildings/Preset Buildings/SFV_Building_3.prefab","Assets/Daniel Mistage/STYLIZED Low Poly Fantasy Bundle/STYLIZED Fantasy Village - Low Poly 3D Art/Materials/ROOF_BLUE.mat","Assets/BornToDig/PrefabGallery/GalleryMaterials/ROOF_BLUE_7b03230c_Transparent.mat","ROOF_BLUE","Universal Render Pipeline/2D/Mesh2D-Lit-Default","Universal Render Pipeline/Lit"
"gallery_copy_applied","urp_2d_shader_on_3d_renderer","Assets/Daniel Mistage/STYLIZED Low Poly Fantasy Bundle/STYLIZED Fantasy Village - Low Poly 3D Art/Prefabs/Buildings/Preset Buildings/SFV_Building_3.prefab","Assets/Daniel Mistage/STYLIZED Low Poly Fantasy Bundle/STYLIZED Fantasy Village - Low Poly 3D Art/Materials/ROOF_BLUE.mat","Assets/BornToDig/PrefabGallery/GalleryMaterials/ROOF_BLUE_7b03230c_Transparent.mat","ROOF_BLUE","Universal Render Pipeline/2D/Mesh2D-Lit-Default","Universal Render Pipeline/Lit"
"gallery_copy_applied","urp_2d_shader_on_3d_renderer","Assets/Daniel Mistage/STYLIZED Low Poly Fantasy Bundle/STYLIZED Fantasy Village - Low Poly 3D Art/Prefabs/Buildings/Preset Buildings/SFV_Building_3.prefab","Assets/Daniel Mistage/STYLIZED Low Poly Fantasy Bundle/STYLIZED Fantasy Village - Low Poly 3D Art/Materials/ROOF_BLUE.mat","Assets/BornToDig/PrefabGallery/GalleryMaterials/ROOF_BLUE_7b03230c_Transparent.mat","ROOF_BLUE","Universal Render Pipeline/2D/Mesh2D-Lit-Default","Universal Render Pipeline/Lit"
"gallery_copy_applied","urp_2d_shader_on_3d_renderer","Assets/Daniel Mistage/STYLIZED Low Poly Fantasy Bundle/STYLIZED Fantasy Village - Low Poly 3D Art/Prefabs/Buildings/Preset Buildings/SFV_Building_3.prefab","Assets/Daniel Mistage/STYLIZED Low Poly Fantasy Bundle/STYLIZED Fantasy Village - Low Poly 3D Art/Materials/ROOF_BLUE.mat","Assets/BornToDig/PrefabGallery/GalleryMaterials/ROOF_BLUE_7b03230c_Transparent.mat","ROOF_BLUE","Universal Render Pipeline/2D/Mesh2D-Lit-Default","Universal Render Pipeline/Lit"
"gallery_copy_applied","urp_2d_shader_on_3d_renderer","Assets/Daniel Mistage/STYLIZED Low Poly Fantasy Bundle/STYLIZED Fantasy Village - Low Poly 3D Art/Prefabs/Buildings/Preset Buildings/SFV_Building_3.prefab","Assets/Daniel Mistage/STYLIZED Low Poly Fantasy Bundle/STYLIZED Fantasy Village - Low Poly 3D Art/Materials/ROOF_BLUE.mat","Assets/BornToDig/PrefabGallery/GalleryMaterials/ROOF_BLUE_7b03230c_Transparent.mat","ROOF_BLUE","Universal Render Pipeline/2D/Mesh2D-Lit-Default","Universal Render Pipeline/Lit"
"gallery_copy_applied","urp_2d_shader_on_3d_renderer","Assets/Daniel Mistage/STYLIZED Low Poly Fantasy Bundle/STYLIZED Fantasy Village - Low Poly 3D Art/Prefabs/Buildings/Preset Buildings/SFV_Building_3.prefab","Assets/Daniel Mistage/STYLIZED Low Poly Fantasy Bundle/STYLIZED Fantasy Village - Low Poly 3D Art/Materials/ROOF_BLUE.mat","Assets/BornToDig/PrefabGallery/GalleryMaterials/ROOF_BLUE_7b03230c_Transparent.mat","ROOF_BLUE","Universal Render Pipeline/2D/Mesh2D-Lit-Default","Universal Render Pipeline/Lit"
"gallery_copy_applied","urp_2d_shader_on_3d_renderer","Assets/Daniel Mistage/STYLIZED Low Poly Fantasy Bundle/STYLIZED Fantasy Village - Low Poly 3D Art/Prefabs/Buildings/Preset Buildings/SFV_Building_3.prefab","Assets/Daniel Mistage/STYLIZED Low Poly Fantasy Bundle/STYLIZED Fantasy Village - Low Poly 3D Art/Materials/ROOF_BLUE.mat","Assets/BornToDig/PrefabGallery/GalleryMaterials/ROOF_BLUE_7b03230c_Transparent.mat","ROOF_BLUE","Universal Render Pipeline/2D/Mesh2D-Lit-Default","Universal Render Pipeline/Lit"
"gallery_copy_applied","urp_2d_shader_on_3d_renderer","Assets/Daniel Mistage/STYLIZED Low Poly Fantasy Bundle/STYLIZED Fantasy Village - Low Poly 3D Art/Prefabs/Buildings/Preset Buildings/SFV_Building_4.prefab","Assets/Daniel Mistage/STYLIZED Low Poly Fantasy Bundle/STYLIZED Fantasy Village - Low Poly 3D Art/Materials/ROOF_BLUE.mat","Assets/BornToDig/PrefabGallery/GalleryMaterials/ROOF_BLUE_7b03230c_Transparent.mat","ROOF_BLUE","Universal Render Pipeline/2D/Mesh2D-Lit-Default","Universal Render Pipeline/Lit"
"gallery_copy_applied","urp_2d_shader_on_3d_renderer","Assets/Daniel Mistage/STYLIZED Low Poly Fantasy Bundle/STYLIZED Fantasy Village - Low Poly 3D Art/Prefabs/Buildings/Preset Buildings/SFV_Building_4.prefab","Assets/Daniel Mistage/STYLIZED Low Poly Fantasy Bundle/STYLIZED Fantasy Village - Low Poly 3D Art/Materials/ROOF_BLUE.mat","Assets/BornToDig/PrefabGallery/GalleryMaterials/ROOF_BLUE_7b03230c_Transparent.mat","ROOF_BLUE","Universal Render Pipeline/2D/Mesh2D-Lit-Default","Universal Render Pipeline/Lit"
"gallery_copy_applied","urp_2d_shader_on_3d_renderer","Assets/Daniel Mistage/STYLIZED Low Poly Fantasy Bundle/STYLIZED Fantasy Village - Low Poly 3D Art/Prefabs/Buildings/Preset Buildings/SFV_Building_4.prefab","Assets/Daniel Mistage/STYLIZED Low Poly Fantasy Bundle/STYLIZED Fantasy Village - Low Poly 3D Art/Materials/ROOF_BLUE.mat","Assets/BornToDig/PrefabGallery/GalleryMaterials/ROOF_BLUE_7b03230c_Transparent.mat","ROOF_BLUE","Universal Render Pipeline/2D/Mesh2D-Lit-Default","Universal Render Pipeline/Lit"
"gallery_copy_applied","urp_2d_shader_on_3d_renderer","Assets/Daniel Mistage/STYLIZED Low Poly Fantasy Bundle/STYLIZED Fantasy Village - Low Poly 3D Art/Prefabs/Buildings/Preset Buildings/SFV_Building_4.prefab","Assets/Daniel Mistage/STYLIZED Low Poly Fantasy Bundle/STYLIZED Fantasy Village - Low Poly 3D Art/Materials/ROOF_BLUE.mat","Assets/BornToDig/PrefabGallery/GalleryMaterials/ROOF_BLUE_7b03230c_Transparent.mat","ROOF_BLUE","Universal Render Pipeline/2D/Mesh2D-Lit-Default","Universal Render Pipeline/Lit"
"gallery_copy_applied","urp_2d_shader_on_3d_renderer","Assets/Daniel Mistage/STYLIZED Low Poly Fantasy Bundle/STYLIZED Fantasy Village - Low Poly 3D Art/Prefabs/Buildings/Preset Buildings/SFV_Building_4.prefab","Assets/Daniel Mistage/STYLIZED Low Poly Fantasy Bundle/STYLIZED Fantasy Village - Low Poly 3D Art/Materials/ROOF_BLUE.mat","Assets/BornToDig/PrefabGallery/GalleryMaterials/ROOF_BLUE_7b03230c_Transparent.mat","ROOF_BLUE","Universal Render Pipeline/2D/Mesh2D-Lit-Default","Universal Render Pipeline/Lit"
"gallery_copy_applied","urp_2d_shader_on_3d_renderer","Assets/Daniel Mistage/STYLIZED Low Poly Fantasy Bundle/STYLIZED Fantasy Village - Low Poly 3D Art/Prefabs/Buildings/Preset Buildings/SFV_Building_4.prefab","Assets/Daniel Mistage/STYLIZED Low Poly Fantasy Bundle/STYLIZED Fantasy Village - Low Poly 3D Art/Materials/ROOF_BLUE.mat","Assets/BornToDig/PrefabGallery/GalleryMaterials/ROOF_BLUE_7b03230c_Transparent.mat","ROOF_BLUE","Universal Render Pipeline/2D/Mesh2D-Lit-Default","Universal Render Pipeline/Lit"
"gallery_copy_applied","urp_2d_shader_on_3d_renderer","Assets/Daniel Mistage/STYLIZED Low Poly Fantasy Bundle/STYLIZED Fantasy Village - Low Poly 3D Art/Prefabs/Buildings/Preset Buildings/SFV_Building_4.prefab","Assets/Daniel Mistage/STYLIZED Low Poly Fantasy Bundle/STYLIZED Fantasy Village - Low Poly 3D Art/Materials/ROOF_BLUE.mat","Assets/BornToDig/PrefabGallery/GalleryMaterials/ROOF_BLUE_7b03230c_Transparent.mat","ROOF_BLUE","Universal Render Pipeline/2D/Mesh2D-Lit-Default","Universal Render Pipeline/Lit"
"gallery_copy_applied","urp_2d_shader_on_3d_renderer","Assets/Daniel Mistage/STYLIZED Low Poly Fantasy Bundle/STYLIZED Fantasy Village - Low Poly 3D Art/Prefabs/Buildings/Preset Buildings/SFV_Building_4.prefab","Assets/Daniel Mistage/STYLIZED Low Poly Fantasy Bundle/STYLIZED Fantasy Village - Low Poly 3D Art/Materials/ROOF_BLUE.mat","Assets/BornToDig/PrefabGallery/GalleryMaterials/ROOF_BLUE_7b03230c_Transparent.mat","ROOF_BLUE","Universal Render Pipeline/2D/Mesh2D-Lit-Default","Universal Render Pipeline/Lit"
"gallery_copy_applied","urp_2d_shader_on_3d_renderer","Assets/Daniel Mistage/STYLIZED Low Poly Fantasy Bundle/STYLIZED Fantasy Village - Low Poly 3D Art/Prefabs/Buildings/Preset Buildings/SFV_Building_4.prefab","Assets/Daniel Mistage/STYLIZED Low Poly Fantasy Bundle/STYLIZED Fantasy Village - Low Poly 3D Art/Materials/ROOF_BLUE.mat","Assets/BornToDig/PrefabGallery/GalleryMaterials/ROOF_BLUE_7b03230c_Transparent.mat","ROOF_BLUE","Universal Render Pipeline/2D/Mesh2D-Lit-Default","Universal Render Pipeline/Lit"
"gallery_copy_applied","urp_2d_shader_on_3d_renderer","Assets/Daniel Mistage/STYLIZED Low Poly Fantasy Bundle/STYLIZED Fantasy Village - Low Poly 3D Art/Prefabs/Buildings/Preset Buildings/SFV_Building_4.prefab","Assets/Daniel Mistage/STYLIZED Low Poly Fantasy Bundle/STYLIZED Fantasy Village - Low Poly 3D Art/Materials/ROOF_BLUE.mat","Assets/BornToDig/PrefabGallery/GalleryMaterials/ROOF_BLUE_7b03230c_Transparent.mat","ROOF_BLUE","Universal Render Pipeline/2D/Mesh2D-Lit-Default","Universal Render Pipeline/Lit"
"gallery_copy_applied","urp_2d_shader_on_3d_renderer","Assets/Daniel Mistage/STYLIZED Low Poly Fantasy Bundle/STYLIZED Fantasy Village - Low Poly 3D Art/Prefabs/Buildings/Preset Buildings/SFV_Building_4.prefab","Assets/Daniel Mistage/STYLIZED Low Poly Fantasy Bundle/STYLIZED Fantasy Village - Low Poly 3D Art/Materials/ROOF_BLUE.mat","Assets/BornToDig/PrefabGallery/GalleryMaterials/ROOF_BLUE_7b03230c_Transparent.mat","ROOF_BLUE","Universal Render Pipeline/2D/Mesh2D-Lit-Default","Universal Render Pipeline/Lit"
"gallery_copy_applied","urp_2d_shader_on_3d_renderer","Assets/Daniel Mistage/STYLIZED Low Poly Fantasy Bundle/STYLIZED Fantasy Village - Low Poly 3D Art/Prefabs/Buildings/Preset Buildings/SFV_Building_4.prefab","Assets/Daniel Mistage/STYLIZED Low Poly Fantasy Bundle/STYLIZED Fantasy Village - Low Poly 3D Art/Materials/ROOF_BLUE.mat","Assets/BornToDig/PrefabGallery/GalleryMaterials/ROOF_BLUE_7b03230c_Transparent.mat","ROOF_BLUE","Universal Render Pipeline/2D/Mesh2D-Lit-Default","Universal Render Pipeline/Lit"
"gallery_copy_applied","urp_2d_shader_on_3d_renderer","Assets/Daniel Mistage/STYLIZED Low Poly Fantasy Bundle/STYLIZED Fantasy Village - Low Poly 3D Art/Prefabs/Buildings/Preset Buildings/SFV_Building_4.prefab","Assets/Daniel Mistage/STYLIZED Low Poly Fantasy Bundle/STYLIZED Fantasy Village - Low Poly 3D Art/Materials/ROOF_BLUE.mat","Assets/BornToDig/PrefabGallery/GalleryMaterials/ROOF_BLUE_7b03230c_Transparent.mat","ROOF_BLUE","Universal Render Pipeline/2D/Mesh2D-Lit-Default","Universal Render Pipeline/Lit"
"gallery_copy_applied","urp_2d_shader_on_3d_renderer","Assets/Daniel Mistage/STYLIZED Low Poly Fantasy Bundle/STYLIZED Fantasy Village - Low Poly 3D Art/Prefabs/Buildings/Preset Buildings/SFV_Building_4.prefab","Assets/Daniel Mistage/STYLIZED Low Poly Fantasy Bundle/STYLIZED Fantasy Village - Low Poly 3D Art/Materials/ROOF_BLUE.mat","Assets/BornToDig/PrefabGallery/GalleryMaterials/ROOF_BLUE_7b03230c_Transparent.mat","ROOF_BLUE","Universal Render Pipeline/2D/Mesh2D-Lit-Default","Universal Render Pipeline/Lit"
"gallery_copy_applied","urp_2d_shader_on_3d_renderer","Assets/Daniel Mistage/STYLIZED Low Poly Fantasy Bundle/STYLIZED Fantasy Village - Low Poly 3D Art/Prefabs/Buildings/Preset Buildings/SFV_Building_4.prefab","Assets/Daniel Mistage/STYLIZED Low Poly Fantasy Bundle/STYLIZED Fantasy Village - Low Poly 3D Art/Materials/ROOF_BLUE.mat","Assets/BornToDig/PrefabGallery/GalleryMaterials/ROOF_BLUE_7b03230c_Transparent.mat","ROOF_BLUE","Universal Render Pipeline/2D/Mesh2D-Lit-Default","Universal Render Pipeline/Lit"
"gallery_copy_applied","urp_2d_shader_on_3d_renderer","Assets/Daniel Mistage/STYLIZED Low Poly Fantasy Bundle/STYLIZED Fantasy Village - Low Poly 3D Art/Prefabs/Buildings/Preset Buildings/SFV_Building_4.prefab","Assets/Daniel Mistage/STYLIZED Low Poly Fantasy Bundle/STYLIZED Fantasy Village - Low Poly 3D Art/Materials/ROOF_BLUE.mat","Assets/BornToDig/PrefabGallery/GalleryMaterials/ROOF_BLUE_7b03230c_Transparent.mat","ROOF_BLUE","Universal Render Pipeline/2D/Mesh2D-Lit-Default","Universal Render Pipeline/Lit"
"gallery_copy_applied","urp_2d_shader_on_3d_renderer","Assets/Daniel Mistage/STYLIZED Low Poly Fantasy Bundle/STYLIZED Fantasy Village - Low Poly 3D Art/Prefabs/Buildings/Preset Buildings/SFV_Building_4.prefab","Assets/Daniel Mistage/STYLIZED Low Poly Fantasy Bundle/STYLIZED Fantasy Village - Low Poly 3D Art/Materials/ROOF_BLUE.mat","Assets/BornToDig/PrefabGallery/GalleryMaterials/ROOF_BLUE_7b03230c_Transparent.mat","ROOF_BLUE","Universal Render Pipeline/2D/Mesh2D-Lit-Default","Universal Render Pipeline/Lit"
"gallery_copy_applied","urp_2d_shader_on_3d_renderer","Assets/Daniel Mistage/STYLIZED Low Poly Fantasy Bundle/STYLIZED Fantasy Village - Low Poly 3D Art/Prefabs/Buildings/Preset Buildings/SFV_Building_4.prefab","Assets/Daniel Mistage/STYLIZED Low Poly Fantasy Bundle/STYLIZED Fantasy Village - Low Poly 3D Art/Materials/ROOF_BLUE.mat","Assets/BornToDig/PrefabGallery/GalleryMaterials/ROOF_BLUE_7b03230c_Transparent.mat","ROOF_BLUE","Universal Render Pipeline/2D/Mesh2D-Lit-Default","Universal Render Pipeline/Lit"
"gallery_copy_applied","urp_2d_shader_on_3d_renderer","Assets/Daniel Mistage/STYLIZED Low Poly Fantasy Bundle/STYLIZED Fantasy Village - Low Poly 3D Art/Prefabs/Buildings/Preset Buildings/SFV_Building_4.prefab","Assets/Daniel Mistage/STYLIZED Low Poly Fantasy Bundle/STYLIZED Fantasy Village - Low Poly 3D Art/Materials/ROOF_BLUE.mat","Assets/BornToDig/PrefabGallery/GalleryMaterials/ROOF_BLUE_7b03230c_Transparent.mat","ROOF_BLUE","Universal Render Pipeline/2D/Mesh2D-Lit-Default","Universal Render Pipeline/Lit"
"gallery_copy_applied","urp_2d_shader_on_3d_renderer","Assets/Daniel Mistage/STYLIZED Low Poly Fantasy Bundle/STYLIZED Fantasy Village - Low Poly 3D Art/Prefabs/Buildings/Preset Buildings/SFV_Building_4.prefab","Assets/Daniel Mistage/STYLIZED Low Poly Fantasy Bundle/STYLIZED Fantasy Village - Low Poly 3D Art/Materials/ROOF_BLUE.mat","Assets/BornToDig/PrefabGallery/GalleryMaterials/ROOF_BLUE_7b03230c_Transparent.mat","ROOF_BLUE","Universal Render Pipeline/2D/Mesh2D-Lit-Default","Universal Render Pipeline/Lit"
"gallery_copy_applied","urp_2d_shader_on_3d_renderer","Assets/Daniel Mistage/STYLIZED Low Poly Fantasy Bundle/STYLIZED Fantasy Village - Low Poly 3D Art/Prefabs/Buildings/Preset Buildings/SFV_Building_4.prefab","Assets/Daniel Mistage/STYLIZED Low Poly Fantasy Bundle/STYLIZED Fantasy Village - Low Poly 3D Art/Materials/ROOF_BLUE.mat","Assets/BornToDig/PrefabGallery/GalleryMaterials/ROOF_BLUE_7b03230c_Transparent.mat","ROOF_BLUE","Universal Render Pipeline/2D/Mesh2D-Lit-Default","Universal Render Pipeline/Lit"
"gallery_copy_applied","urp_2d_shader_on_3d_renderer","Assets/Daniel Mistage/STYLIZED Low Poly Fantasy Bundle/STYLIZED Fantasy Village - Low Poly 3D Art/Prefabs/Buildings/Preset Buildings/SFV_Building_4.prefab","Assets/Daniel Mistage/STYLIZED Low Poly Fantasy Bundle/STYLIZED Fantasy Village - Low Poly 3D Art/Materials/ROOF_BLUE.mat","Assets/BornToDig/PrefabGallery/GalleryMaterials/ROOF_BLUE_7b03230c_Transparent.mat","ROOF_BLUE","Universal Render Pipeline/2D/Mesh2D-Lit-Default","Universal Render Pipeline/Lit"
"gallery_copy_applied","urp_2d_shader_on_3d_renderer","Assets/Daniel Mistage/STYLIZED Low Poly Fantasy Bundle/STYLIZED Fantasy Village - Low Poly 3D Art/Prefabs/Buildings/Preset Buildings/SFV_Building_4.prefab","Assets/Daniel Mistage/STYLIZED Low Poly Fantasy Bundle/STYLIZED Fantasy Village - Low Poly 3D Art/Materials/ROOF_BLUE.mat","Assets/BornToDig/PrefabGallery/GalleryMaterials/ROOF_BLUE_7b03230c_Transparent.mat","ROOF_BLUE","Universal Render Pipeline/2D/Mesh2D-Lit-Default","Universal Render Pipeline/Lit"
"gallery_copy_applied","urp_2d_shader_on_3d_renderer","Assets/Daniel Mistage/STYLIZED Low Poly Fantasy Bundle/STYLIZED Fantasy Village - Low Poly 3D Art/Prefabs/Buildings/Preset Buildings/SFV_Building_4.prefab","Assets/Daniel Mistage/STYLIZED Low Poly Fantasy Bundle/STYLIZED Fantasy Village - Low Poly 3D Art/Materials/ROOF_BLUE.mat","Assets/BornToDig/PrefabGallery/GalleryMaterials/ROOF_BLUE_7b03230c_Transparent.mat","ROOF_BLUE","Universal Render Pipeline/2D/Mesh2D-Lit-Default","Universal Render Pipeline/Lit"
"gallery_copy_applied","urp_2d_shader_on_3d_renderer","Assets/Daniel Mistage/STYLIZED Low Poly Fantasy Bundle/STYLIZED Fantasy Village - Low Poly 3D Art/Prefabs/Buildings/Preset Buildings/SFV_Building_4.prefab","Assets/Daniel Mistage/STYLIZED Low Poly Fantasy Bundle/STYLIZED Fantasy Village - Low Poly 3D Art/Materials/ROOF_BLUE.mat","Assets/BornToDig/PrefabGallery/GalleryMaterials/ROOF_BLUE_7b03230c_Transparent.mat","ROOF_BLUE","Universal Render Pipeline/2D/Mesh2D-Lit-Default","Universal Render Pipeline/Lit"
"gallery_copy_applied","urp_2d_shader_on_3d_renderer","Assets/Daniel Mistage/STYLIZED Low Poly Fantasy Bundle/STYLIZED Fantasy Village - Low Poly 3D Art/Prefabs/Buildings/Preset Buildings/SFV_Building_4.prefab","Assets/Daniel Mistage/STYLIZED Low Poly Fantasy Bundle/STYLIZED Fantasy Village - Low Poly 3D Art/Materials/ROOF_BLUE.mat","Assets/BornToDig/PrefabGallery/GalleryMaterials/ROOF_BLUE_7b03230c_Transparent.mat","ROOF_BLUE","Universal Render Pipeline/2D/Mesh2D-Lit-Default","Universal Render Pipeline/Lit"
"gallery_copy_applied","urp_2d_shader_on_3d_renderer","Assets/Daniel Mistage/STYLIZED Low Poly Fantasy Bundle/STYLIZED Fantasy Village - Low Poly 3D Art/Prefabs/Buildings/Preset Buildings/SFV_Building_4.prefab","Assets/Daniel Mistage/STYLIZED Low Poly Fantasy Bundle/STYLIZED Fantasy Village - Low Poly 3D Art/Materials/ROOF_BLUE.mat","Assets/BornToDig/PrefabGallery/GalleryMaterials/ROOF_BLUE_7b03230c_Transparent.mat","ROOF_BLUE","Universal Render Pipeline/2D/Mesh2D-Lit-Default","Universal Render Pipeline/Lit"
"gallery_copy_applied","urp_2d_shader_on_3d_renderer","Assets/Daniel Mistage/STYLIZED Low Poly Fantasy Bundle/STYLIZED Fantasy Village - Low Poly 3D Art/Prefabs/Buildings/Preset Buildings/SFV_Building_4.prefab","Assets/Daniel Mistage/STYLIZED Low Poly Fantasy Bundle/STYLIZED Fantasy Village - Low Poly 3D Art/Materials/ROOF_BLUE.mat","Assets/BornToDig/PrefabGallery/GalleryMaterials/ROOF_BLUE_7b03230c_Transparent.mat","ROOF_BLUE","Universal Render Pipeline/2D/Mesh2D-Lit-Default","Universal Render Pipeline/Lit"
"gallery_copy_applied","urp_2d_shader_on_3d_renderer","Assets/Daniel Mistage/STYLIZED Low Poly Fantasy Bundle/STYLIZED Fantasy Village - Low Poly 3D Art/Prefabs/Buildings/Preset Buildings/SFV_Building_4.prefab","Assets/Daniel Mistage/STYLIZED Low Poly Fantasy Bundle/STYLIZED Fantasy Village - Low Poly 3D Art/Materials/ROOF_BLUE.mat","Assets/BornToDig/PrefabGallery/GalleryMaterials/ROOF_BLUE_7b03230c_Transparent.mat","ROOF_BLUE","Universal Render Pipeline/2D/Mesh2D-Lit-Default","Universal Render Pipeline/Lit"
"gallery_copy_applied","urp_2d_shader_on_3d_renderer","Assets/Daniel Mistage/STYLIZED Low Poly Fantasy Bundle/STYLIZED Fantasy Village - Low Poly 3D Art/Prefabs/Buildings/Preset Buildings/SFV_Building_4.prefab","Assets/Daniel Mistage/STYLIZED Low Poly Fantasy Bundle/STYLIZED Fantasy Village - Low Poly 3D Art/Materials/ROOF_BLUE.mat","Assets/BornToDig/PrefabGallery/GalleryMaterials/ROOF_BLUE_7b03230c_Transparent.mat","ROOF_BLUE","Universal Render Pipeline/2D/Mesh2D-Lit-Default","Universal Render Pipeline/Lit"
"gallery_copy_applied","urp_2d_shader_on_3d_renderer","Assets/Daniel Mistage/STYLIZED Low Poly Fantasy Bundle/STYLIZED Fantasy Village - Low Poly 3D Art/Prefabs/Buildings/Preset Buildings/SFV_Building_4.prefab","Assets/Daniel Mistage/STYLIZED Low Poly Fantasy Bundle/STYLIZED Fantasy Village - Low Poly 3D Art/Materials/ROOF_BLUE.mat","Assets/BornToDig/PrefabGallery/GalleryMaterials/ROOF_BLUE_7b03230c_Transparent.mat","ROOF_BLUE","Universal Render Pipeline/2D/Mesh2D-Lit-Default","Universal Render Pipeline/Lit"
"gallery_copy_applied","urp_2d_shader_on_3d_renderer","Assets/Daniel Mistage/STYLIZED Low Poly Fantasy Bundle/STYLIZED Fantasy Village - Low Poly 3D Art/Prefabs/Buildings/Preset Buildings/SFV_Building_4.prefab","Assets/Daniel Mistage/STYLIZED Low Poly Fantasy Bundle/STYLIZED Fantasy Village - Low Poly 3D Art/Materials/ROOF_BLUE.mat","Assets/BornToDig/PrefabGallery/GalleryMaterials/ROOF_BLUE_7b03230c_Transparent.mat","ROOF_BLUE","Universal Render Pipeline/2D/Mesh2D-Lit-Default","Universal Render Pipeline/Lit"
"gallery_copy_applied","urp_2d_shader_on_3d_renderer","Assets/Daniel Mistage/STYLIZED Low Poly Fantasy Bundle/STYLIZED Fantasy Village - Low Poly 3D Art/Prefabs/Buildings/Preset Buildings/SFV_Building_4.prefab","Assets/Daniel Mistage/STYLIZED Low Poly Fantasy Bundle/STYLIZED Fantasy Village - Low Poly 3D Art/Materials/ROOF_BLUE.mat","Assets/BornToDig/PrefabGallery/GalleryMaterials/ROOF_BLUE_7b03230c_Transparent.mat","ROOF_BLUE","Universal Render Pipeline/2D/Mesh2D-Lit-Default","Universal Render Pipeline/Lit"
"gallery_copy_applied","urp_2d_shader_on_3d_renderer","Assets/Daniel Mistage/STYLIZED Low Poly Fantasy Bundle/STYLIZED Fantasy Village - Low Poly 3D Art/Prefabs/Buildings/Preset Buildings/SFV_Building_4.prefab","Assets/Daniel Mistage/STYLIZED Low Poly Fantasy Bundle/STYLIZED Fantasy Village - Low Poly 3D Art/Materials/ROOF_BLUE.mat","Assets/BornToDig/PrefabGallery/GalleryMaterials/ROOF_BLUE_7b03230c_Transparent.mat","ROOF_BLUE","Universal Render Pipeline/2D/Mesh2D-Lit-Default","Universal Render Pipeline/Lit"
"gallery_copy_applied","urp_2d_shader_on_3d_renderer","Assets/Daniel Mistage/STYLIZED Low Poly Fantasy Bundle/STYLIZED Fantasy Village - Low Poly 3D Art/Prefabs/Buildings/Preset Buildings/SFV_Building_4.prefab","Assets/Daniel Mistage/STYLIZED Low Poly Fantasy Bundle/STYLIZED Fantasy Village - Low Poly 3D Art/Materials/ROOF_BLUE.mat","Assets/BornToDig/PrefabGallery/GalleryMaterials/ROOF_BLUE_7b03230c_Transparent.mat","ROOF_BLUE","Universal Render Pipeline/2D/Mesh2D-Lit-Default","Universal Render Pipeline/Lit"
"gallery_copy_applied","urp_2d_shader_on_3d_renderer","Assets/Daniel Mistage/STYLIZED Low Poly Fantasy Bundle/STYLIZED Fantasy Village - Low Poly 3D Art/Prefabs/Buildings/Preset Buildings/SFV_Building_4.prefab","Assets/Daniel Mistage/STYLIZED Low Poly Fantasy Bundle/STYLIZED Fantasy Village - Low Poly 3D Art/Materials/ROOF_BLUE.mat","Assets/BornToDig/PrefabGallery/GalleryMaterials/ROOF_BLUE_7b03230c_Transparent.mat","ROOF_BLUE","Universal Render Pipeline/2D/Mesh2D-Lit-Default","Universal Render Pipeline/Lit"
"gallery_copy_applied","urp_2d_shader_on_3d_renderer","Assets/Daniel Mistage/STYLIZED Low Poly Fantasy Bundle/STYLIZED Fantasy Village - Low Poly 3D Art/Prefabs/Buildings/Preset Buildings/SFV_Building_4.prefab","Assets/Daniel Mistage/STYLIZED Low Poly Fantasy Bundle/STYLIZED Fantasy Village - Low Poly 3D Art/Materials/ROOF_BLUE.mat","Assets/BornToDig/PrefabGallery/GalleryMaterials/ROOF_BLUE_7b03230c_Transparent.mat","ROOF_BLUE","Universal Render Pipeline/2D/Mesh2D-Lit-Default","Universal Render Pipeline/Lit"
"gallery_copy_applied","urp_2d_shader_on_3d_renderer","Assets/Daniel Mistage/STYLIZED Low Poly Fantasy Bundle/STYLIZED Fantasy Village - Low Poly 3D Art/Prefabs/Buildings/Preset Buildings/SFV_Building_4.prefab","Assets/Daniel Mistage/STYLIZED Low Poly Fantasy Bundle/STYLIZED Fantasy Village - Low Poly 3D Art/Materials/ROOF_BLUE.mat","Assets/BornToDig/PrefabGallery/GalleryMaterials/ROOF_BLUE_7b03230c_Transparent.mat","ROOF_BLUE","Universal Render Pipeline/2D/Mesh2D-Lit-Default","Universal Render Pipeline/Lit"
"gallery_copy_applied","urp_2d_shader_on_3d_renderer","Assets/Daniel Mistage/STYLIZED Low Poly Fantasy Bundle/STYLIZED Fantasy Village - Low Poly 3D Art/Prefabs/Buildings/Preset Buildings/SFV_Building_4.prefab","Assets/Daniel Mistage/STYLIZED Low Poly Fantasy Bundle/STYLIZED Fantasy Village - Low Poly 3D Art/Materials/ROOF_BLUE.mat","Assets/BornToDig/PrefabGallery/GalleryMaterials/ROOF_BLUE_7b03230c_Transparent.mat","ROOF_BLUE","Universal Render Pipeline/2D/Mesh2D-Lit-Default","Universal Render Pipeline/Lit"
"gallery_copy_applied","urp_2d_shader_on_3d_renderer","Assets/Daniel Mistage/STYLIZED Low Poly Fantasy Bundle/STYLIZED Fantasy Village - Low Poly 3D Art/Prefabs/Buildings/Preset Buildings/SFV_Building_5.prefab","Assets/Daniel Mistage/STYLIZED Low Poly Fantasy Bundle/STYLIZED Fantasy Village - Low Poly 3D Art/Materials/ROOF_BLUE.mat","Assets/BornToDig/PrefabGallery/GalleryMaterials/ROOF_BLUE_7b03230c_Transparent.mat","ROOF_BLUE","Universal Render Pipeline/2D/Mesh2D-Lit-Default","Universal Render Pipeline/Lit"
"gallery_copy_applied","urp_2d_shader_on_3d_renderer","Assets/Daniel Mistage/STYLIZED Low Poly Fantasy Bundle/STYLIZED Fantasy Village - Low Poly 3D Art/Prefabs/Buildings/Preset Buildings/SFV_Building_5.prefab","Assets/Daniel Mistage/STYLIZED Low Poly Fantasy Bundle/STYLIZED Fantasy Village - Low Poly 3D Art/Materials/ROOF_BLUE.mat","Assets/BornToDig/PrefabGallery/GalleryMaterials/ROOF_BLUE_7b03230c_Transparent.mat","ROOF_BLUE","Universal Render Pipeline/2D/Mesh2D-Lit-Default","Universal Render Pipeline/Lit"
"gallery_copy_applied","urp_2d_shader_on_3d_renderer","Assets/Daniel Mistage/STYLIZED Low Poly Fantasy Bundle/STYLIZED Fantasy Village - Low Poly 3D Art/Prefabs/Buildings/Preset Buildings/SFV_Building_5.prefab","Assets/Daniel Mistage/STYLIZED Low Poly Fantasy Bundle/STYLIZED Fantasy Village - Low Poly 3D Art/Materials/ROOF_BLUE.mat","Assets/BornToDig/PrefabGallery/GalleryMaterials/ROOF_BLUE_7b03230c_Transparent.mat","ROOF_BLUE","Universal Render Pipeline/2D/Mesh2D-Lit-Default","Universal Render Pipeline/Lit"
"gallery_copy_applied","urp_2d_shader_on_3d_renderer","Assets/Daniel Mistage/STYLIZED Low Poly Fantasy Bundle/STYLIZED Fantasy Village - Low Poly 3D Art/Prefabs/Buildings/Preset Buildings/SFV_Building_5.prefab","Assets/Daniel Mistage/STYLIZED Low Poly Fantasy Bundle/STYLIZED Fantasy Village - Low Poly 3D Art/Materials/ROOF_BLUE.mat","Assets/BornToDig/PrefabGallery/GalleryMaterials/ROOF_BLUE_7b03230c_Transparent.mat","ROOF_BLUE","Universal Render Pipeline/2D/Mesh2D-Lit-Default","Universal Render Pipeline/Lit"
"gallery_copy_applied","urp_2d_shader_on_3d_renderer","Assets/Daniel Mistage/STYLIZED Low Poly Fantasy Bundle/STYLIZED Fantasy Village - Low Poly 3D Art/Prefabs/Buildings/Preset Buildings/SFV_Building_5.prefab","Assets/Daniel Mistage/STYLIZED Low Poly Fantasy Bundle/STYLIZED Fantasy Village - Low Poly 3D Art/Materials/ROOF_BLUE.mat","Assets/BornToDig/PrefabGallery/GalleryMaterials/ROOF_BLUE_7b03230c_Transparent.mat","ROOF_BLUE","Universal Render Pipeline/2D/Mesh2D-Lit-Default","Universal Render Pipeline/Lit"
"gallery_copy_applied","urp_2d_shader_on_3d_renderer","Assets/Daniel Mistage/STYLIZED Low Poly Fantasy Bundle/STYLIZED Fantasy Village - Low Poly 3D Art/Prefabs/Buildings/Preset Buildings/SFV_Building_5.prefab","Assets/Daniel Mistage/STYLIZED Low Poly Fantasy Bundle/STYLIZED Fantasy Village - Low Poly 3D Art/Materials/ROOF_BLUE.mat","Assets/BornToDig/PrefabGallery/GalleryMaterials/ROOF_BLUE_7b03230c_Transparent.mat","ROOF_BLUE","Universal Render Pipeline/2D/Mesh2D-Lit-Default","Universal Render Pipeline/Lit"
"gallery_copy_applied","urp_2d_shader_on_3d_renderer","Assets/Daniel Mistage/STYLIZED Low Poly Fantasy Bundle/STYLIZED Fantasy Village - Low Poly 3D Art/Prefabs/Buildings/Preset Buildings/SFV_Building_5.prefab","Assets/Daniel Mistage/STYLIZED Low Poly Fantasy Bundle/STYLIZED Fantasy Village - Low Poly 3D Art/Materials/ROOF_BLUE.mat","Assets/BornToDig/PrefabGallery/GalleryMaterials/ROOF_BLUE_7b03230c_Transparent.mat","ROOF_BLUE","Universal Render Pipeline/2D/Mesh2D-Lit-Default","Universal Render Pipeline/Lit"
"gallery_copy_applied","urp_2d_shader_on_3d_renderer","Assets/Daniel Mistage/STYLIZED Low Poly Fantasy Bundle/STYLIZED Fantasy Village - Low Poly 3D Art/Prefabs/Buildings/Preset Buildings/SFV_Building_5.prefab","Assets/Daniel Mistage/STYLIZED Low Poly Fantasy Bundle/STYLIZED Fantasy Village - Low Poly 3D Art/Materials/ROOF_BLUE.mat","Assets/BornToDig/PrefabGallery/GalleryMaterials/ROOF_BLUE_7b03230c_Transparent.mat","ROOF_BLUE","Universal Render Pipeline/2D/Mesh2D-Lit-Default","Universal Render Pipeline/Lit"
"gallery_copy_applied","urp_2d_shader_on_3d_renderer","Assets/Daniel Mistage/STYLIZED Low Poly Fantasy Bundle/STYLIZED Fantasy Village - Low Poly 3D Art/Prefabs/Buildings/Preset Buildings/SFV_Building_5.prefab","Assets/Daniel Mistage/STYLIZED Low Poly Fantasy Bundle/STYLIZED Fantasy Village - Low Poly 3D Art/Materials/ROOF_BLUE.mat","Assets/BornToDig/PrefabGallery/GalleryMaterials/ROOF_BLUE_7b03230c_Transparent.mat","ROOF_BLUE","Universal Render Pipeline/2D/Mesh2D-Lit-Default","Universal Render Pipeline/Lit"
"gallery_copy_applied","urp_2d_shader_on_3d_renderer","Assets/Daniel Mistage/STYLIZED Low Poly Fantasy Bundle/STYLIZED Fantasy Village - Low Poly 3D Art/Prefabs/Buildings/Preset Buildings/SFV_Building_5.prefab","Assets/Daniel Mistage/STYLIZED Low Poly Fantasy Bundle/STYLIZED Fantasy Village - Low Poly 3D Art/Materials/ROOF_BLUE.mat","Assets/BornToDig/PrefabGallery/GalleryMaterials/ROOF_BLUE_7b03230c_Transparent.mat","ROOF_BLUE","Universal Render Pipeline/2D/Mesh2D-Lit-Default","Universal Render Pipeline/Lit"
"gallery_copy_applied","urp_2d_shader_on_3d_renderer","Assets/Daniel Mistage/STYLIZED Low Poly Fantasy Bundle/STYLIZED Fantasy Village - Low Poly 3D Art/Prefabs/Buildings/Preset Buildings/SFV_Building_5.prefab","Assets/Daniel Mistage/STYLIZED Low Poly Fantasy Bundle/STYLIZED Fantasy Village - Low Poly 3D Art/Materials/ROOF_BLUE.mat","Assets/BornToDig/PrefabGallery/GalleryMaterials/ROOF_BLUE_7b03230c_Transparent.mat","ROOF_BLUE","Universal Render Pipeline/2D/Mesh2D-Lit-Default","Universal Render Pipeline/Lit"
"gallery_copy_applied","urp_2d_shader_on_3d_renderer","Assets/Daniel Mistage/STYLIZED Low Poly Fantasy Bundle/STYLIZED Fantasy Village - Low Poly 3D Art/Prefabs/Buildings/Preset Buildings/SFV_Building_5.prefab","Assets/Daniel Mistage/STYLIZED Low Poly Fantasy Bundle/STYLIZED Fantasy Village - Low Poly 3D Art/Materials/ROOF_BLUE.mat","Assets/BornToDig/PrefabGallery/GalleryMaterials/ROOF_BLUE_7b03230c_Transparent.mat","ROOF_BLUE","Universal Render Pipeline/2D/Mesh2D-Lit-Default","Universal Render Pipeline/Lit"
"gallery_copy_applied","urp_2d_shader_on_3d_renderer","Assets/Daniel Mistage/STYLIZED Low Poly Fantasy Bundle/STYLIZED Fantasy Village - Low Poly 3D Art/Prefabs/Buildings/Preset Buildings/SFV_Building_5.prefab","Assets/Daniel Mistage/STYLIZED Low Poly Fantasy Bundle/STYLIZED Fantasy Village - Low Poly 3D Art/Materials/ROOF_BLUE.mat","Assets/BornToDig/PrefabGallery/GalleryMaterials/ROOF_BLUE_7b03230c_Transparent.mat","ROOF_BLUE","Universal Render Pipeline/2D/Mesh2D-Lit-Default","Universal Render Pipeline/Lit"
"gallery_copy_applied","urp_2d_shader_on_3d_renderer","Assets/Daniel Mistage/STYLIZED Low Poly Fantasy Bundle/STYLIZED Fantasy Village - Low Poly 3D Art/Prefabs/Buildings/Preset Buildings/SFV_Building_5.prefab","Assets/Daniel Mistage/STYLIZED Low Poly Fantasy Bundle/STYLIZED Fantasy Village - Low Poly 3D Art/Materials/ROOF_BLUE.mat","Assets/BornToDig/PrefabGallery/GalleryMaterials/ROOF_BLUE_7b03230c_Transparent.mat","ROOF_BLUE","Universal Render Pipeline/2D/Mesh2D-Lit-Default","Universal Render Pipeline/Lit"
"gallery_copy_applied","urp_2d_shader_on_3d_renderer","Assets/Daniel Mistage/STYLIZED Low Poly Fantasy Bundle/STYLIZED Fantasy Village - Low Poly 3D Art/Prefabs/Buildings/Preset Buildings/SFV_Building_5.prefab","Assets/Daniel Mistage/STYLIZED Low Poly Fantasy Bundle/STYLIZED Fantasy Village - Low Poly 3D Art/Materials/ROOF_BLUE.mat","Assets/BornToDig/PrefabGallery/GalleryMaterials/ROOF_BLUE_7b03230c_Transparent.mat","ROOF_BLUE","Universal Render Pipeline/2D/Mesh2D-Lit-Default","Universal Render Pipeline/Lit"
"gallery_copy_applied","urp_2d_shader_on_3d_renderer","Assets/Daniel Mistage/STYLIZED Low Poly Fantasy Bundle/STYLIZED Fantasy Village - Low Poly 3D Art/Prefabs/Buildings/Preset Buildings/SFV_Building_5.prefab","Assets/Daniel Mistage/STYLIZED Low Poly Fantasy Bundle/STYLIZED Fantasy Village - Low Poly 3D Art/Materials/ROOF_BLUE.mat","Assets/BornToDig/PrefabGallery/GalleryMaterials/ROOF_BLUE_7b03230c_Transparent.mat","ROOF_BLUE","Universal Render Pipeline/2D/Mesh2D-Lit-Default","Universal Render Pipeline/Lit"
"gallery_copy_applied","urp_2d_shader_on_3d_renderer","Assets/Daniel Mistage/STYLIZED Low Poly Fantasy Bundle/STYLIZED Fantasy Village - Low Poly 3D Art/Prefabs/Buildings/Preset Buildings/SFV_Building_5.prefab","Assets/Daniel Mistage/STYLIZED Low Poly Fantasy Bundle/STYLIZED Fantasy Village - Low Poly 3D Art/Materials/ROOF_BLUE.mat","Assets/BornToDig/PrefabGallery/GalleryMaterials/ROOF_BLUE_7b03230c_Transparent.mat","ROOF_BLUE","Universal Render Pipeline/2D/Mesh2D-Lit-Default","Universal Render Pipeline/Lit"
"gallery_copy_applied","urp_2d_shader_on_3d_renderer","Assets/Daniel Mistage/STYLIZED Low Poly Fantasy Bundle/STYLIZED Fantasy Village - Low Poly 3D Art/Prefabs/Buildings/Preset Buildings/SFV_Building_5.prefab","Assets/Daniel Mistage/STYLIZED Low Poly Fantasy Bundle/STYLIZED Fantasy Village - Low Poly 3D Art/Materials/ROOF_BLUE.mat","Assets/BornToDig/PrefabGallery/GalleryMaterials/ROOF_BLUE_7b03230c_Transparent.mat","ROOF_BLUE","Universal Render Pipeline/2D/Mesh2D-Lit-Default","Universal Render Pipeline/Lit"
"gallery_copy_applied","urp_2d_shader_on_3d_renderer","Assets/Daniel Mistage/STYLIZED Low Poly Fantasy Bundle/STYLIZED Fantasy Village - Low Poly 3D Art/Prefabs/Buildings/Preset Buildings/SFV_Building_5.prefab","Assets/Daniel Mistage/STYLIZED Low Poly Fantasy Bundle/STYLIZED Fantasy Village - Low Poly 3D Art/Materials/ROOF_BLUE.mat","Assets/BornToDig/PrefabGallery/GalleryMaterials/ROOF_BLUE_7b03230c_Transparent.mat","ROOF_BLUE","Universal Render Pipeline/2D/Mesh2D-Lit-Default","Universal Render Pipeline/Lit"
"gallery_copy_applied","urp_2d_shader_on_3d_renderer","Assets/Daniel Mistage/STYLIZED Low Poly Fantasy Bundle/STYLIZED Fantasy Village - Low Poly 3D Art/Prefabs/Buildings/Preset Buildings/SFV_Building_5.prefab","Assets/Daniel Mistage/STYLIZED Low Poly Fantasy Bundle/STYLIZED Fantasy Village - Low Poly 3D Art/Materials/ROOF_BLUE.mat","Assets/BornToDig/PrefabGallery/GalleryMaterials/ROOF_BLUE_7b03230c_Transparent.mat","ROOF_BLUE","Universal Render Pipeline/2D/Mesh2D-Lit-Default","Universal Render Pipeline/Lit"
"gallery_copy_applied","urp_2d_shader_on_3d_renderer","Assets/Daniel Mistage/STYLIZED Low Poly Fantasy Bundle/STYLIZED Fantasy Village - Low Poly 3D Art/Prefabs/Buildings/Preset Buildings/SFV_Building_5.prefab","Assets/Daniel Mistage/STYLIZED Low Poly Fantasy Bundle/STYLIZED Fantasy Village - Low Poly 3D Art/Materials/ROOF_BLUE.mat","Assets/BornToDig/PrefabGallery/GalleryMaterials/ROOF_BLUE_7b03230c_Transparent.mat","ROOF_BLUE","Universal Render Pipeline/2D/Mesh2D-Lit-Default","Universal Render Pipeline/Lit"
"gallery_copy_applied","urp_2d_shader_on_3d_renderer","Assets/Daniel Mistage/STYLIZED Low Poly Fantasy Bundle/STYLIZED Fantasy Village - Low Poly 3D Art/Prefabs/Buildings/Preset Buildings/SFV_Building_5.prefab","Assets/Daniel Mistage/STYLIZED Low Poly Fantasy Bundle/STYLIZED Fantasy Village - Low Poly 3D Art/Materials/ROOF_BLUE.mat","Assets/BornToDig/PrefabGallery/GalleryMaterials/ROOF_BLUE_7b03230c_Transparent.mat","ROOF_BLUE","Universal Render Pipeline/2D/Mesh2D-Lit-Default","Universal Render Pipeline/Lit"
"gallery_copy_applied","urp_2d_shader_on_3d_renderer","Assets/Daniel Mistage/STYLIZED Low Poly Fantasy Bundle/STYLIZED Fantasy Village - Low Poly 3D Art/Prefabs/Buildings/Preset Buildings/SFV_Building_5.prefab","Assets/Daniel Mistage/STYLIZED Low Poly Fantasy Bundle/STYLIZED Fantasy Village - Low Poly 3D Art/Materials/ROOF_BLUE.mat","Assets/BornToDig/PrefabGallery/GalleryMaterials/ROOF_BLUE_7b03230c_Transparent.mat","ROOF_BLUE","Universal Render Pipeline/2D/Mesh2D-Lit-Default","Universal Render Pipeline/Lit"
"gallery_copy_applied","urp_2d_shader_on_3d_renderer","Assets/Daniel Mistage/STYLIZED Low Poly Fantasy Bundle/STYLIZED Fantasy Village - Low Poly 3D Art/Prefabs/Buildings/Preset Buildings/SFV_Building_5.prefab","Assets/Daniel Mistage/STYLIZED Low Poly Fantasy Bundle/STYLIZED Fantasy Village - Low Poly 3D Art/Materials/ROOF_BLUE.mat","Assets/BornToDig/PrefabGallery/GalleryMaterials/ROOF_BLUE_7b03230c_Transparent.mat","ROOF_BLUE","Universal Render Pipeline/2D/Mesh2D-Lit-Default","Universal Render Pipeline/Lit"
"gallery_copy_applied","urp_2d_shader_on_3d_renderer","Assets/Daniel Mistage/STYLIZED Low Poly Fantasy Bundle/STYLIZED Fantasy Village - Low Poly 3D Art/Prefabs/Buildings/Preset Buildings/SFV_Building_5.prefab","Assets/Daniel Mistage/STYLIZED Low Poly Fantasy Bundle/STYLIZED Fantasy Village - Low Poly 3D Art/Materials/ROOF_BLUE.mat","Assets/BornToDig/PrefabGallery/GalleryMaterials/ROOF_BLUE_7b03230c_Transparent.mat","ROOF_BLUE","Universal Render Pipeline/2D/Mesh2D-Lit-Default","Universal Render Pipeline/Lit"
"gallery_copy_applied","urp_2d_shader_on_3d_renderer","Assets/Daniel Mistage/STYLIZED Low Poly Fantasy Bundle/STYLIZED Fantasy Village - Low Poly 3D Art/Prefabs/Buildings/Preset Buildings/SFV_Building_5.prefab","Assets/Daniel Mistage/STYLIZED Low Poly Fantasy Bundle/STYLIZED Fantasy Village - Low Poly 3D Art/Materials/ROOF_BLUE.mat","Assets/BornToDig/PrefabGallery/GalleryMaterials/ROOF_BLUE_7b03230c_Transparent.mat","ROOF_BLUE","Universal Render Pipeline/2D/Mesh2D-Lit-Default","Universal Render Pipeline/Lit"
"gallery_copy_applied","urp_2d_shader_on_3d_renderer","Assets/Daniel Mistage/STYLIZED Low Poly Fantasy Bundle/STYLIZED Fantasy Village - Low Poly 3D Art/Prefabs/Buildings/Preset Buildings/SFV_Building_5.prefab","Assets/Daniel Mistage/STYLIZED Low Poly Fantasy Bundle/STYLIZED Fantasy Village - Low Poly 3D Art/Materials/ROOF_BLUE.mat","Assets/BornToDig/PrefabGallery/GalleryMaterials/ROOF_BLUE_7b03230c_Transparent.mat","ROOF_BLUE","Universal Render Pipeline/2D/Mesh2D-Lit-Default","Universal Render Pipeline/Lit"
"gallery_copy_applied","urp_2d_shader_on_3d_renderer","Assets/Daniel Mistage/STYLIZED Low Poly Fantasy Bundle/STYLIZED Fantasy Village - Low Poly 3D Art/Prefabs/Buildings/Preset Buildings/SFV_Building_6.prefab","Assets/Daniel Mistage/STYLIZED Low Poly Fantasy Bundle/STYLIZED Fantasy Village - Low Poly 3D Art/Materials/ROOF_BLUE.mat","Assets/BornToDig/PrefabGallery/GalleryMaterials/ROOF_BLUE_7b03230c_Transparent.mat","ROOF_BLUE","Universal Render Pipeline/2D/Mesh2D-Lit-Default","Universal Render Pipeline/Lit"
"gallery_copy_applied","urp_2d_shader_on_3d_renderer","Assets/Daniel Mistage/STYLIZED Low Poly Fantasy Bundle/STYLIZED Fantasy Village - Low Poly 3D Art/Prefabs/Buildings/Preset Buildings/SFV_Building_6.prefab","Assets/Daniel Mistage/STYLIZED Low Poly Fantasy Bundle/STYLIZED Fantasy Village - Low Poly 3D Art/Materials/ROOF_BLUE.mat","Assets/BornToDig/PrefabGallery/GalleryMaterials/ROOF_BLUE_7b03230c_Transparent.mat","ROOF_BLUE","Universal Render Pipeline/2D/Mesh2D-Lit-Default","Universal Render Pipeline/Lit"
"gallery_copy_applied","urp_2d_shader_on_3d_renderer","Assets/Daniel Mistage/STYLIZED Low Poly Fantasy Bundle/STYLIZED Fantasy Village - Low Poly 3D Art/Prefabs/Buildings/Preset Buildings/SFV_Building_6.prefab","Assets/Daniel Mistage/STYLIZED Low Poly Fantasy Bundle/STYLIZED Fantasy Village - Low Poly 3D Art/Materials/ROOF_BLUE.mat","Assets/BornToDig/PrefabGallery/GalleryMaterials/ROOF_BLUE_7b03230c_Transparent.mat","ROOF_BLUE","Universal Render Pipeline/2D/Mesh2D-Lit-Default","Universal Render Pipeline/Lit"
"gallery_copy_applied","urp_2d_shader_on_3d_renderer","Assets/Daniel Mistage/STYLIZED Low Poly Fantasy Bundle/STYLIZED Fantasy Village - Low Poly 3D Art/Prefabs/Buildings/Preset Buildings/SFV_Building_6.prefab","Assets/Daniel Mistage/STYLIZED Low Poly Fantasy Bundle/STYLIZED Fantasy Village - Low Poly 3D Art/Materials/ROOF_BLUE.mat","Assets/BornToDig/PrefabGallery/GalleryMaterials/ROOF_BLUE_7b03230c_Transparent.mat","ROOF_BLUE","Universal Render Pipeline/2D/Mesh2D-Lit-Default","Universal Render Pipeline/Lit"
"gallery_copy_applied","urp_2d_shader_on_3d_renderer","Assets/Daniel Mistage/STYLIZED Low Poly Fantasy Bundle/STYLIZED Fantasy Village - Low Poly 3D Art/Prefabs/Buildings/Preset Buildings/SFV_Building_6.prefab","Assets/Daniel Mistage/STYLIZED Low Poly Fantasy Bundle/STYLIZED Fantasy Village - Low Poly 3D Art/Materials/ROOF_BLUE.mat","Assets/BornToDig/PrefabGallery/GalleryMaterials/ROOF_BLUE_7b03230c_Transparent.mat","ROOF_BLUE","Universal Render Pipeline/2D/Mesh2D-Lit-Default","Universal Render Pipeline/Lit"
"gallery_copy_applied","urp_2d_shader_on_3d_renderer","Assets/Daniel Mistage/STYLIZED Low Poly Fantasy Bundle/STYLIZED Fantasy Village - Low Poly 3D Art/Prefabs/Buildings/Preset Buildings/SFV_Building_6.prefab","Assets/Daniel Mistage/STYLIZED Low Poly Fantasy Bundle/STYLIZED Fantasy Village - Low Poly 3D Art/Materials/ROOF_BLUE.mat","Assets/BornToDig/PrefabGallery/GalleryMaterials/ROOF_BLUE_7b03230c_Transparent.mat","ROOF_BLUE","Universal Render Pipeline/2D/Mesh2D-Lit-Default","Universal Render Pipeline/Lit"
"gallery_copy_applied","urp_2d_shader_on_3d_renderer","Assets/Daniel Mistage/STYLIZED Low Poly Fantasy Bundle/STYLIZED Fantasy Village - Low Poly 3D Art/Prefabs/Buildings/Preset Buildings/SFV_Building_6.prefab","Assets/Daniel Mistage/STYLIZED Low Poly Fantasy Bundle/STYLIZED Fantasy Village - Low Poly 3D Art/Materials/ROOF_BLUE.mat","Assets/BornToDig/PrefabGallery/GalleryMaterials/ROOF_BLUE_7b03230c_Transparent.mat","ROOF_BLUE","Universal Render Pipeline/2D/Mesh2D-Lit-Default","Universal Render Pipeline/Lit"
"gallery_copy_applied","urp_2d_shader_on_3d_renderer","Assets/Daniel Mistage/STYLIZED Low Poly Fantasy Bundle/STYLIZED Fantasy Village - Low Poly 3D Art/Prefabs/Buildings/Preset Buildings/SFV_Building_6.prefab","Assets/Daniel Mistage/STYLIZED Low Poly Fantasy Bundle/STYLIZED Fantasy Village - Low Poly 3D Art/Materials/ROOF_BLUE.mat","Assets/BornToDig/PrefabGallery/GalleryMaterials/ROOF_BLUE_7b03230c_Transparent.mat","ROOF_BLUE","Universal Render Pipeline/2D/Mesh2D-Lit-Default","Universal Render Pipeline/Lit"
"gallery_copy_applied","urp_2d_shader_on_3d_renderer","Assets/Daniel Mistage/STYLIZED Low Poly Fantasy Bundle/STYLIZED Fantasy Village - Low Poly 3D Art/Prefabs/Buildings/Preset Buildings/SFV_Building_6.prefab","Assets/Daniel Mistage/STYLIZED Low Poly Fantasy Bundle/STYLIZED Fantasy Village - Low Poly 3D Art/Materials/ROOF_BLUE.mat","Assets/BornToDig/PrefabGallery/GalleryMaterials/ROOF_BLUE_7b03230c_Transparent.mat","ROOF_BLUE","Universal Render Pipeline/2D/Mesh2D-Lit-Default","Universal Render Pipeline/Lit"
"gallery_copy_applied","urp_2d_shader_on_3d_renderer","Assets/Daniel Mistage/STYLIZED Low Poly Fantasy Bundle/STYLIZED Fantasy Village - Low Poly 3D Art/Prefabs/Buildings/Preset Buildings/SFV_Building_6.prefab","Assets/Daniel Mistage/STYLIZED Low Poly Fantasy Bundle/STYLIZED Fantasy Village - Low Poly 3D Art/Materials/ROOF_BLUE.mat","Assets/BornToDig/PrefabGallery/GalleryMaterials/ROOF_BLUE_7b03230c_Transparent.mat","ROOF_BLUE","Universal Render Pipeline/2D/Mesh2D-Lit-Default","Universal Render Pipeline/Lit"
"gallery_copy_applied","urp_2d_shader_on_3d_renderer","Assets/Daniel Mistage/STYLIZED Low Poly Fantasy Bundle/STYLIZED Fantasy Village - Low Poly 3D Art/Prefabs/Buildings/Preset Buildings/SFV_Building_6.prefab","Assets/Daniel Mistage/STYLIZED Low Poly Fantasy Bundle/STYLIZED Fantasy Village - Low Poly 3D Art/Materials/ROOF_BLUE.mat","Assets/BornToDig/PrefabGallery/GalleryMaterials/ROOF_BLUE_7b03230c_Transparent.mat","ROOF_BLUE","Universal Render Pipeline/2D/Mesh2D-Lit-Default","Universal Render Pipeline/Lit"
"gallery_copy_applied","urp_2d_shader_on_3d_renderer","Assets/Daniel Mistage/STYLIZED Low Poly Fantasy Bundle/STYLIZED Fantasy Village - Low Poly 3D Art/Prefabs/Buildings/Preset Buildings/SFV_Building_6.prefab","Assets/Daniel Mistage/STYLIZED Low Poly Fantasy Bundle/STYLIZED Fantasy Village - Low Poly 3D Art/Materials/ROOF_BLUE.mat","Assets/BornToDig/PrefabGallery/GalleryMaterials/ROOF_BLUE_7b03230c_Transparent.mat","ROOF_BLUE","Universal Render Pipeline/2D/Mesh2D-Lit-Default","Universal Render Pipeline/Lit"
"gallery_copy_applied","urp_2d_shader_on_3d_renderer","Assets/Daniel Mistage/STYLIZED Low Poly Fantasy Bundle/STYLIZED Fantasy Village - Low Poly 3D Art/Prefabs/Buildings/Preset Buildings/SFV_Building_6.prefab","Assets/Daniel Mistage/STYLIZED Low Poly Fantasy Bundle/STYLIZED Fantasy Village - Low Poly 3D Art/Materials/ROOF_BLUE.mat","Assets/BornToDig/PrefabGallery/GalleryMaterials/ROOF_BLUE_7b03230c_Transparent.mat","ROOF_BLUE","Universal Render Pipeline/2D/Mesh2D-Lit-Default","Universal Render Pipeline/Lit"
"gallery_copy_applied","urp_2d_shader_on_3d_renderer","Assets/Daniel Mistage/STYLIZED Low Poly Fantasy Bundle/STYLIZED Fantasy Village - Low Poly 3D Art/Prefabs/Buildings/Preset Buildings/SFV_Building_6.prefab","Assets/Daniel Mistage/STYLIZED Low Poly Fantasy Bundle/STYLIZED Fantasy Village - Low Poly 3D Art/Materials/ROOF_BLUE.mat","Assets/BornToDig/PrefabGallery/GalleryMaterials/ROOF_BLUE_7b03230c_Transparent.mat","ROOF_BLUE","Universal Render Pipeline/2D/Mesh2D-Lit-Default","Universal Render Pipeline/Lit"
"gallery_copy_applied","urp_2d_shader_on_3d_renderer","Assets/Daniel Mistage/STYLIZED Low Poly Fantasy Bundle/STYLIZED Fantasy Village - Low Poly 3D Art/Prefabs/Buildings/Preset Buildings/SFV_Building_6.prefab","Assets/Daniel Mistage/STYLIZED Low Poly Fantasy Bundle/STYLIZED Fantasy Village - Low Poly 3D Art/Materials/ROOF_BLUE.mat","Assets/BornToDig/PrefabGallery/GalleryMaterials/ROOF_BLUE_7b03230c_Transparent.mat","ROOF_BLUE","Universal Render Pipeline/2D/Mesh2D-Lit-Default","Universal Render Pipeline/Lit"
"gallery_copy_applied","urp_2d_shader_on_3d_renderer","Assets/Daniel Mistage/STYLIZED Low Poly Fantasy Bundle/STYLIZED Fantasy Village - Low Poly 3D Art/Prefabs/Buildings/Preset Buildings/SFV_Building_6.prefab","Assets/Daniel Mistage/STYLIZED Low Poly Fantasy Bundle/STYLIZED Fantasy Village - Low Poly 3D Art/Materials/ROOF_BLUE.mat","Assets/BornToDig/PrefabGallery/GalleryMaterials/ROOF_BLUE_7b03230c_Transparent.mat","ROOF_BLUE","Universal Render Pipeline/2D/Mesh2D-Lit-Default","Universal Render Pipeline/Lit"
"gallery_copy_applied","urp_2d_shader_on_3d_renderer","Assets/Daniel Mistage/STYLIZED Low Poly Fantasy Bundle/STYLIZED Fantasy Village - Low Poly 3D Art/Prefabs/Buildings/Preset Buildings/SFV_Building_6.prefab","Assets/Daniel Mistage/STYLIZED Low Poly Fantasy Bundle/STYLIZED Fantasy Village - Low Poly 3D Art/Materials/ROOF_BLUE.mat","Assets/BornToDig/PrefabGallery/GalleryMaterials/ROOF_BLUE_7b03230c_Transparent.mat","ROOF_BLUE","Universal Render Pipeline/2D/Mesh2D-Lit-Default","Universal Render Pipeline/Lit"
"gallery_copy_applied","urp_2d_shader_on_3d_renderer","Assets/Daniel Mistage/STYLIZED Low Poly Fantasy Bundle/STYLIZED Fantasy Village - Low Poly 3D Art/Prefabs/Buildings/Roof/L/SFV_Roof_Bisect_L_L.prefab","Assets/Daniel Mistage/STYLIZED Low Poly Fantasy Bundle/STYLIZED Fantasy Village - Low Poly 3D Art/Materials/ROOF_BLUE.mat","Assets/BornToDig/PrefabGallery/GalleryMaterials/ROOF_BLUE_7b03230c_Transparent.mat","ROOF_BLUE","Universal Render Pipeline/2D/Mesh2D-Lit-Default","Universal Render Pipeline/Lit"
"gallery_copy_applied","urp_2d_shader_on_3d_renderer","Assets/Daniel Mistage/STYLIZED Low Poly Fantasy Bundle/STYLIZED Fantasy Village - Low Poly 3D Art/Prefabs/Buildings/Roof/L/SFV_Roof_Bisect_R_L.prefab","Assets/Daniel Mistage/STYLIZED Low Poly Fantasy Bundle/STYLIZED Fantasy Village - Low Poly 3D Art/Materials/ROOF_BLUE.mat","Assets/BornToDig/PrefabGallery/GalleryMaterials/ROOF_BLUE_7b03230c_Transparent.mat","ROOF_BLUE","Universal Render Pipeline/2D/Mesh2D-Lit-Default","Universal Render Pipeline/Lit"
"gallery_copy_applied","urp_2d_shader_on_3d_renderer","Assets/Daniel Mistage/STYLIZED Low Poly Fantasy Bundle/STYLIZED Fantasy Village - Low Poly 3D Art/Prefabs/Buildings/Roof/L/SFV_Roof_Front_L_L.prefab","Assets/Daniel Mistage/STYLIZED Low Poly Fantasy Bundle/STYLIZED Fantasy Village - Low Poly 3D Art/Materials/ROOF_BLUE.mat","Assets/BornToDig/PrefabGallery/GalleryMaterials/ROOF_BLUE_7b03230c_Transparent.mat","ROOF_BLUE","Universal Render Pipeline/2D/Mesh2D-Lit-Default","Universal Render Pipeline/Lit"
"gallery_copy_applied","urp_2d_shader_on_3d_renderer","Assets/Daniel Mistage/STYLIZED Low Poly Fantasy Bundle/STYLIZED Fantasy Village - Low Poly 3D Art/Prefabs/Buildings/Roof/L/SFV_Roof_Front_R_L.prefab","Assets/Daniel Mistage/STYLIZED Low Poly Fantasy Bundle/STYLIZED Fantasy Village - Low Poly 3D Art/Materials/ROOF_BLUE.mat","Assets/BornToDig/PrefabGallery/GalleryMaterials/ROOF_BLUE_7b03230c_Transparent.mat","ROOF_BLUE","Universal Render Pipeline/2D/Mesh2D-Lit-Default","Universal Render Pipeline/Lit"
"gallery_copy_applied","urp_2d_shader_on_3d_renderer","Assets/Daniel Mistage/STYLIZED Low Poly Fantasy Bundle/STYLIZED Fantasy Village - Low Poly 3D Art/Prefabs/Buildings/Roof/L/SFV_Roof_L.prefab","Assets/Daniel Mistage/STYLIZED Low Poly Fantasy Bundle/STYLIZED Fantasy Village - Low Poly 3D Art/Materials/ROOF_BLUE.mat","Assets/BornToDig/PrefabGallery/GalleryMaterials/ROOF_BLUE_7b03230c_Transparent.mat","ROOF_BLUE","Universal Render Pipeline/2D/Mesh2D-Lit-Default","Universal Render Pipeline/Lit"
"gallery_copy_applied","urp_2d_shader_on_3d_renderer","Assets/Daniel Mistage/STYLIZED Low Poly Fantasy Bundle/STYLIZED Fantasy Village - Low Poly 3D Art/Prefabs/Buildings/Roof/L/SFV_Roof_L.prefab","Assets/Daniel Mistage/STYLIZED Low Poly Fantasy Bundle/STYLIZED Fantasy Village - Low Poly 3D Art/Materials/ROOF_BLUE.mat","Assets/BornToDig/PrefabGallery/GalleryMaterials/ROOF_BLUE_7b03230c_Transparent.mat","ROOF_BLUE","Universal Render Pipeline/2D/Mesh2D-Lit-Default","Universal Render Pipeline/Lit"
"gallery_copy_applied","urp_2d_shader_on_3d_renderer","Assets/Daniel Mistage/STYLIZED Low Poly Fantasy Bundle/STYLIZED Fantasy Village - Low Poly 3D Art/Prefabs/Buildings/Roof/L/SFV_Roof_L_001.prefab","Assets/Daniel Mistage/STYLIZED Low Poly Fantasy Bundle/STYLIZED Fantasy Village - Low Poly 3D Art/Materials/ROOF_BLUE.mat","Assets/BornToDig/PrefabGallery/GalleryMaterials/ROOF_BLUE_7b03230c_Transparent.mat","ROOF_BLUE","Universal Render Pipeline/2D/Mesh2D-Lit-Default","Universal Render Pipeline/Lit"
"gallery_copy_applied","urp_2d_shader_on_3d_renderer","Assets/Daniel Mistage/STYLIZED Low Poly Fantasy Bundle/STYLIZED Fantasy Village - Low Poly 3D Art/Prefabs/Buildings/Roof/L/SFV_Roof_L_002.prefab","Assets/Daniel Mistage/STYLIZED Low Poly Fantasy Bundle/STYLIZED Fantasy Village - Low Poly 3D Art/Materials/ROOF_BLUE.mat","Assets/BornToDig/PrefabGallery/GalleryMaterials/ROOF_BLUE_7b03230c_Transparent.mat","ROOF_BLUE","Universal Render Pipeline/2D/Mesh2D-Lit-Default","Universal Render Pipeline/Lit"
"gallery_copy_applied","urp_2d_shader_on_3d_renderer","Assets/Daniel Mistage/STYLIZED Low Poly Fantasy Bundle/STYLIZED Fantasy Village - Low Poly 3D Art/Prefabs/Buildings/Roof/M/SFV_Roof_Bisect_L_M.prefab","Assets/Daniel Mistage/STYLIZED Low Poly Fantasy Bundle/STYLIZED Fantasy Village - Low Poly 3D Art/Materials/ROOF_BLUE.mat","Assets/BornToDig/PrefabGallery/GalleryMaterials/ROOF_BLUE_7b03230c_Transparent.mat","ROOF_BLUE","Universal Render Pipeline/2D/Mesh2D-Lit-Default","Universal Render Pipeline/Lit"
"gallery_copy_applied","urp_2d_shader_on_3d_renderer","Assets/Daniel Mistage/STYLIZED Low Poly Fantasy Bundle/STYLIZED Fantasy Village - Low Poly 3D Art/Prefabs/Buildings/Roof/M/SFV_Roof_Bisect_R_M.prefab","Assets/Daniel Mistage/STYLIZED Low Poly Fantasy Bundle/STYLIZED Fantasy Village - Low Poly 3D Art/Materials/ROOF_BLUE.mat","Assets/BornToDig/PrefabGallery/GalleryMaterials/ROOF_BLUE_7b03230c_Transparent.mat","ROOF_BLUE","Universal Render Pipeline/2D/Mesh2D-Lit-Default","Universal Render Pipeline/Lit"
"gallery_copy_applied","urp_2d_shader_on_3d_renderer","Assets/Daniel Mistage/STYLIZED Low Poly Fantasy Bundle/STYLIZED Fantasy Village - Low Poly 3D Art/Prefabs/Buildings/Roof/M/SFV_Roof_Front_L_M.prefab","Assets/Daniel Mistage/STYLIZED Low Poly Fantasy Bundle/STYLIZED Fantasy Village - Low Poly 3D Art/Materials/ROOF_BLUE.mat","Assets/BornToDig/PrefabGallery/GalleryMaterials/ROOF_BLUE_7b03230c_Transparent.mat","ROOF_BLUE","Universal Render Pipeline/2D/Mesh2D-Lit-Default","Universal Render Pipeline/Lit"
"gallery_copy_applied","urp_2d_shader_on_3d_renderer","Assets/Daniel Mistage/STYLIZED Low Poly Fantasy Bundle/STYLIZED Fantasy Village - Low Poly 3D Art/Prefabs/Buildings/Roof/M/SFV_Roof_Front_R_M.prefab","Assets/Daniel Mistage/STYLIZED Low Poly Fantasy Bundle/STYLIZED Fantasy Village - Low Poly 3D Art/Materials/ROOF_BLUE.mat","Assets/BornToDig/PrefabGallery/GalleryMaterials/ROOF_BLUE_7b03230c_Transparent.mat","ROOF_BLUE","Universal Render Pipeline/2D/Mesh2D-Lit-Default","Universal Render Pipeline/Lit"
"gallery_copy_applied","urp_2d_shader_on_3d_renderer","Assets/Daniel Mistage/STYLIZED Low Poly Fantasy Bundle/STYLIZED Fantasy Village - Low Poly 3D Art/Prefabs/Buildings/Roof/M/SFV_Roof_M.prefab","Assets/Daniel Mistage/STYLIZED Low Poly Fantasy Bundle/STYLIZED Fantasy Village - Low Poly 3D Art/Materials/ROOF_BLUE.mat","Assets/BornToDig/PrefabGallery/GalleryMaterials/ROOF_BLUE_7b03230c_Transparent.mat","ROOF_BLUE","Universal Render Pipeline/2D/Mesh2D-Lit-Default","Universal Render Pipeline/Lit"
"gallery_copy_applied","urp_2d_shader_on_3d_renderer","Assets/Daniel Mistage/STYLIZED Low Poly Fantasy Bundle/STYLIZED Fantasy Village - Low Poly 3D Art/Prefabs/Buildings/Roof/M/SFV_Roof_M.prefab","Assets/Daniel Mistage/STYLIZED Low Poly Fantasy Bundle/STYLIZED Fantasy Village - Low Poly 3D Art/Materials/ROOF_BLUE.mat","Assets/BornToDig/PrefabGallery/GalleryMaterials/ROOF_BLUE_7b03230c_Transparent.mat","ROOF_BLUE","Universal Render Pipeline/2D/Mesh2D-Lit-Default","Universal Render Pipeline/Lit"
"gallery_copy_applied","urp_2d_shader_on_3d_renderer","Assets/Daniel Mistage/STYLIZED Low Poly Fantasy Bundle/STYLIZED Fantasy Village - Low Poly 3D Art/Prefabs/Buildings/Roof/M/SFV_Roof_M_001.prefab","Assets/Daniel Mistage/STYLIZED Low Poly Fantasy Bundle/STYLIZED Fantasy Village - Low Poly 3D Art/Materials/ROOF_BLUE.mat","Assets/BornToDig/PrefabGallery/GalleryMaterials/ROOF_BLUE_7b03230c_Transparent.mat","ROOF_BLUE","Universal Render Pipeline/2D/Mesh2D-Lit-Default","Universal Render Pipeline/Lit"
"gallery_copy_applied","urp_2d_shader_on_3d_renderer","Assets/Daniel Mistage/STYLIZED Low Poly Fantasy Bundle/STYLIZED Fantasy Village - Low Poly 3D Art/Prefabs/Buildings/Roof/M/SFV_Roof_M_002.prefab","Assets/Daniel Mistage/STYLIZED Low Poly Fantasy Bundle/STYLIZED Fantasy Village - Low Poly 3D Art/Materials/ROOF_BLUE.mat","Assets/BornToDig/PrefabGallery/GalleryMaterials/ROOF_BLUE_7b03230c_Transparent.mat","ROOF_BLUE","Universal Render Pipeline/2D/Mesh2D-Lit-Default","Universal Render Pipeline/Lit"
"gallery_copy_applied","urp_2d_shader_on_3d_renderer","Assets/Daniel Mistage/STYLIZED Low Poly Fantasy Bundle/STYLIZED Fantasy Village - Low Poly 3D Art/Prefabs/Buildings/Roof/S/SFV_Roof_Bisect_L_S.prefab","Assets/Daniel Mistage/STYLIZED Low Poly Fantasy Bundle/STYLIZED Fantasy Village - Low Poly 3D Art/Materials/ROOF_BLUE.mat","Assets/BornToDig/PrefabGallery/GalleryMaterials/ROOF_BLUE_7b03230c_Transparent.mat","ROOF_BLUE","Universal Render Pipeline/2D/Mesh2D-Lit-Default","Universal Render Pipeline/Lit"
"gallery_copy_applied","urp_2d_shader_on_3d_renderer","Assets/Daniel Mistage/STYLIZED Low Poly Fantasy Bundle/STYLIZED Fantasy Village - Low Poly 3D Art/Prefabs/Buildings/Roof/S/SFV_Roof_Bisect_R_S.prefab","Assets/Daniel Mistage/STYLIZED Low Poly Fantasy Bundle/STYLIZED Fantasy Village - Low Poly 3D Art/Materials/ROOF_BLUE.mat","Assets/BornToDig/PrefabGallery/GalleryMaterials/ROOF_BLUE_7b03230c_Transparent.mat","ROOF_BLUE","Universal Render Pipeline/2D/Mesh2D-Lit-Default","Universal Render Pipeline/Lit"
"gallery_copy_applied","urp_2d_shader_on_3d_renderer","Assets/Daniel Mistage/STYLIZED Low Poly Fantasy Bundle/STYLIZED Fantasy Village - Low Poly 3D Art/Prefabs/Buildings/Roof/S/SFV_Roof_Front_L_S.prefab","Assets/Daniel Mistage/STYLIZED Low Poly Fantasy Bundle/STYLIZED Fantasy Village - Low Poly 3D Art/Materials/ROOF_BLUE.mat","Assets/BornToDig/PrefabGallery/GalleryMaterials/ROOF_BLUE_7b03230c_Transparent.mat","ROOF_BLUE","Universal Render Pipeline/2D/Mesh2D-Lit-Default","Universal Render Pipeline/Lit"
"gallery_copy_applied","urp_2d_shader_on_3d_renderer","Assets/Daniel Mistage/STYLIZED Low Poly Fantasy Bundle/STYLIZED Fantasy Village - Low Poly 3D Art/Prefabs/Buildings/Roof/S/SFV_Roof_Front_R_S.prefab","Assets/Daniel Mistage/STYLIZED Low Poly Fantasy Bundle/STYLIZED Fantasy Village - Low Poly 3D Art/Materials/ROOF_BLUE.mat","Assets/BornToDig/PrefabGallery/GalleryMaterials/ROOF_BLUE_7b03230c_Transparent.mat","ROOF_BLUE","Universal Render Pipeline/2D/Mesh2D-Lit-Default","Universal Render Pipeline/Lit"
"gallery_copy_applied","urp_2d_shader_on_3d_renderer","Assets/Daniel Mistage/STYLIZED Low Poly Fantasy Bundle/STYLIZED Fantasy Village - Low Poly 3D Art/Prefabs/Buildings/Roof/S/SFV_Roof_S.prefab","Assets/Daniel Mistage/STYLIZED Low Poly Fantasy Bundle/STYLIZED Fantasy Village - Low Poly 3D Art/Materials/ROOF_BLUE.mat","Assets/BornToDig/PrefabGallery/GalleryMaterials/ROOF_BLUE_7b03230c_Transparent.mat","ROOF_BLUE","Universal Render Pipeline/2D/Mesh2D-Lit-Default","Universal Render Pipeline/Lit"
"gallery_copy_applied","urp_2d_shader_on_3d_renderer","Assets/Daniel Mistage/STYLIZED Low Poly Fantasy Bundle/STYLIZED Fantasy Village - Low Poly 3D Art/Prefabs/Buildings/Roof/S/SFV_Roof_S.prefab","Assets/Daniel Mistage/STYLIZED Low Poly Fantasy Bundle/STYLIZED Fantasy Village - Low Poly 3D Art/Materials/ROOF_BLUE.mat","Assets/BornToDig/PrefabGallery/GalleryMaterials/ROOF_BLUE_7b03230c_Transparent.mat","ROOF_BLUE","Universal Render Pipeline/2D/Mesh2D-Lit-Default","Universal Render Pipeline/Lit"
"gallery_copy_applied","urp_2d_shader_on_3d_renderer","Assets/Daniel Mistage/STYLIZED Low Poly Fantasy Bundle/STYLIZED Fantasy Village - Low Poly 3D Art/Prefabs/Buildings/Roof/S/SFV_Roof_S_001.prefab","Assets/Daniel Mistage/STYLIZED Low Poly Fantasy Bundle/STYLIZED Fantasy Village - Low Poly 3D Art/Materials/ROOF_BLUE.mat","Assets/BornToDig/PrefabGallery/GalleryMaterials/ROOF_BLUE_7b03230c_Transparent.mat","ROOF_BLUE","Universal Render Pipeline/2D/Mesh2D-Lit-Default","Universal Render Pipeline/Lit"
"gallery_copy_applied","urp_2d_shader_on_3d_renderer","Assets/Daniel Mistage/STYLIZED Low Poly Fantasy Bundle/STYLIZED Fantasy Village - Low Poly 3D Art/Prefabs/Buildings/Roof/S/SFV_Roof_S_002.prefab","Assets/Daniel Mistage/STYLIZED Low Poly Fantasy Bundle/STYLIZED Fantasy Village - Low Poly 3D Art/Materials/ROOF_BLUE.mat","Assets/BornToDig/PrefabGallery/GalleryMaterials/ROOF_BLUE_7b03230c_Transparent.mat","ROOF_BLUE","Universal Render Pipeline/2D/Mesh2D-Lit-Default","Universal Render Pipeline/Lit"
"gallery_copy_applied","urp_2d_shader_on_3d_renderer","Assets/Daniel Mistage/STYLIZED Low Poly Fantasy Bundle/STYLIZED Fantasy Village - Low Poly 3D Art/Prefabs/Buildings/Roof/XL/SFV_Roof_Bisect_L_XL.prefab","Assets/Daniel Mistage/STYLIZED Low Poly Fantasy Bundle/STYLIZED Fantasy Village - Low Poly 3D Art/Materials/ROOF_BLUE.mat","Assets/BornToDig/PrefabGallery/GalleryMaterials/ROOF_BLUE_7b03230c_Transparent.mat","ROOF_BLUE","Universal Render Pipeline/2D/Mesh2D-Lit-Default","Universal Render Pipeline/Lit"
"gallery_copy_applied","urp_2d_shader_on_3d_renderer","Assets/Daniel Mistage/STYLIZED Low Poly Fantasy Bundle/STYLIZED Fantasy Village - Low Poly 3D Art/Prefabs/Buildings/Roof/XL/SFV_Roof_Bisect_R_XL.prefab","Assets/Daniel Mistage/STYLIZED Low Poly Fantasy Bundle/STYLIZED Fantasy Village - Low Poly 3D Art/Materials/ROOF_BLUE.mat","Assets/BornToDig/PrefabGallery/GalleryMaterials/ROOF_BLUE_7b03230c_Transparent.mat","ROOF_BLUE","Universal Render Pipeline/2D/Mesh2D-Lit-Default","Universal Render Pipeline/Lit"
"gallery_copy_applied","urp_2d_shader_on_3d_renderer","Assets/Daniel Mistage/STYLIZED Low Poly Fantasy Bundle/STYLIZED Fantasy Village - Low Poly 3D Art/Prefabs/Buildings/Roof/XL/SFV_Roof_Front_L_XL.prefab","Assets/Daniel Mistage/STYLIZED Low Poly Fantasy Bundle/STYLIZED Fantasy Village - Low Poly 3D Art/Materials/ROOF_BLUE.mat","Assets/BornToDig/PrefabGallery/GalleryMaterials/ROOF_BLUE_7b03230c_Transparent.mat","ROOF_BLUE","Universal Render Pipeline/2D/Mesh2D-Lit-Default","Universal Render Pipeline/Lit"
"gallery_copy_applied","urp_2d_shader_on_3d_renderer","Assets/Daniel Mistage/STYLIZED Low Poly Fantasy Bundle/STYLIZED Fantasy Village - Low Poly 3D Art/Prefabs/Buildings/Roof/XL/SFV_Roof_Front_R_XL.prefab","Assets/Daniel Mistage/STYLIZED Low Poly Fantasy Bundle/STYLIZED Fantasy Village - Low Poly 3D Art/Materials/ROOF_BLUE.mat","Assets/BornToDig/PrefabGallery/GalleryMaterials/ROOF_BLUE_7b03230c_Transparent.mat","ROOF_BLUE","Universal Render Pipeline/2D/Mesh2D-Lit-Default","Universal Render Pipeline/Lit"
"gallery_copy_applied","urp_2d_shader_on_3d_renderer","Assets/Daniel Mistage/STYLIZED Low Poly Fantasy Bundle/STYLIZED Fantasy Village - Low Poly 3D Art/Prefabs/Buildings/Roof/XL/SFV_Roof_XL.prefab","Assets/Daniel Mistage/STYLIZED Low Poly Fantasy Bundle/STYLIZED Fantasy Village - Low Poly 3D Art/Materials/ROOF_BLUE.mat","Assets/BornToDig/PrefabGallery/GalleryMaterials/ROOF_BLUE_7b03230c_Transparent.mat","ROOF_BLUE","Universal Render Pipeline/2D/Mesh2D-Lit-Default","Universal Render Pipeline/Lit"
"gallery_copy_applied","urp_2d_shader_on_3d_renderer","Assets/Daniel Mistage/STYLIZED Low Poly Fantasy Bundle/STYLIZED Fantasy Village - Low Poly 3D Art/Prefabs/Buildings/Roof/XL/SFV_Roof_XL.prefab","Assets/Daniel Mistage/STYLIZED Low Poly Fantasy Bundle/STYLIZED Fantasy Village - Low Poly 3D Art/Materials/ROOF_BLUE.mat","Assets/BornToDig/PrefabGallery/GalleryMaterials/ROOF_BLUE_7b03230c_Transparent.mat","ROOF_BLUE","Universal Render Pipeline/2D/Mesh2D-Lit-Default","Universal Render Pipeline/Lit"
"gallery_copy_applied","urp_2d_shader_on_3d_renderer","Assets/Daniel Mistage/STYLIZED Low Poly Fantasy Bundle/STYLIZED Fantasy Village - Low Poly 3D Art/Prefabs/Buildings/Roof/XL/SFV_Roof_XL_001.prefab","Assets/Daniel Mistage/STYLIZED Low Poly Fantasy Bundle/STYLIZED Fantasy Village - Low Poly 3D Art/Materials/ROOF_BLUE.mat","Assets/BornToDig/PrefabGallery/GalleryMaterials/ROOF_BLUE_7b03230c_Transparent.mat","ROOF_BLUE","Universal Render Pipeline/2D/Mesh2D-Lit-Default","Universal Render Pipeline/Lit"
"gallery_copy_applied","urp_2d_shader_on_3d_renderer","Assets/Daniel Mistage/STYLIZED Low Poly Fantasy Bundle/STYLIZED Fantasy Village - Low Poly 3D Art/Prefabs/Buildings/Roof/XL/SFV_Roof_XL_002.prefab","Assets/Daniel Mistage/STYLIZED Low Poly Fantasy Bundle/STYLIZED Fantasy Village - Low Poly 3D Art/Materials/ROOF_BLUE.mat","Assets/BornToDig/PrefabGallery/GalleryMaterials/ROOF_BLUE_7b03230c_Transparent.mat","ROOF_BLUE","Universal Render Pipeline/2D/Mesh2D-Lit-Default","Universal Render Pipeline/Lit"
"gallery_copy_applied","urp_2d_shader_on_3d_renderer","Assets/Daniel Mistage/STYLIZED Low Poly Fantasy Bundle/STYLIZED Fantasy Village - Low Poly 3D Art/Prefabs/Buildings/Walls/Wooden/Windows/Glass/SFV_Window_Wall_Wooden_M (1) 1.prefab","Assets/Daniel Mistage/STYLIZED Low Poly Fantasy Bundle/STYLIZED Fantasy Village - Low Poly 3D Art/Materials/ROOF_BLUE.mat","Assets/BornToDig/PrefabGallery/GalleryMaterials/ROOF_BLUE_7b03230c_Transparent.mat","ROOF_BLUE","Universal Render Pipeline/2D/Mesh2D-Lit-Default","Universal Render Pipeline/Lit"
"gallery_copy_applied","urp_2d_shader_on_3d_renderer","Assets/Daniel Mistage/STYLIZED Low Poly Fantasy Bundle/STYLIZED Fantasy Village - Low Poly 3D Art/Prefabs/Buildings/Walls/Wooden/Windows/Glass/SFV_Window_Wall_Wooden_M (1).prefab","Assets/Daniel Mistage/STYLIZED Low Poly Fantasy Bundle/STYLIZED Fantasy Village - Low Poly 3D Art/Materials/ROOF_BLUE.mat","Assets/BornToDig/PrefabGallery/GalleryMaterials/ROOF_BLUE_7b03230c_Transparent.mat","ROOF_BLUE","Universal Render Pipeline/2D/Mesh2D-Lit-Default","Universal Render Pipeline/Lit"
"gallery_copy_applied","urp_2d_shader_on_3d_renderer","Assets/Daniel Mistage/STYLIZED Low Poly Fantasy Bundle/STYLIZED Fantasy Village - Low Poly 3D Art/Prefabs/Buildings/Walls/Wooden/Windows/Glass/SFV_Window_Wall_Wooden_S_002.prefab","Assets/Daniel Mistage/STYLIZED Low Poly Fantasy Bundle/STYLIZED Fantasy Village - Low Poly 3D Art/Materials/ROOF_BLUE.mat","Assets/BornToDig/PrefabGallery/GalleryMaterials/ROOF_BLUE_7b03230c_Transparent.mat","ROOF_BLUE","Universal Render Pipeline/2D/Mesh2D-Lit-Default","Universal Render Pipeline/Lit"
"gallery_copy_applied","urp_2d_shader_on_3d_renderer","Assets/Daniel Mistage/STYLIZED Low Poly Fantasy Bundle/STYLIZED Fantasy Village - Low Poly 3D Art/Prefabs/Buildings/Walls/Wooden/Windows/Individual Parts/SFV_Window_Wall_RoofAttachable_M.prefab","Assets/Daniel Mistage/STYLIZED Low Poly Fantasy Bundle/STYLIZED Fantasy Village - Low Poly 3D Art/Materials/ROOF_BLUE.mat","Assets/BornToDig/PrefabGallery/GalleryMaterials/ROOF_BLUE_7b03230c_Transparent.mat","ROOF_BLUE","Universal Render Pipeline/2D/Mesh2D-Lit-Default","Universal Render Pipeline/Lit"
"gallery_copy_applied","urp_2d_shader_on_3d_renderer","Assets/Daniel Mistage/STYLIZED Low Poly Fantasy Bundle/STYLIZED Fantasy Village - Low Poly 3D Art/Prefabs/Buildings/Walls/Wooden/Windows/Individual Parts/SFV_Window_Wall_RoofAttachable_S.prefab","Assets/Daniel Mistage/STYLIZED Low Poly Fantasy Bundle/STYLIZED Fantasy Village - Low Poly 3D Art/Materials/ROOF_BLUE.mat","Assets/BornToDig/PrefabGallery/GalleryMaterials/ROOF_BLUE_7b03230c_Transparent.mat","ROOF_BLUE","Universal Render Pipeline/2D/Mesh2D-Lit-Default","Universal Render Pipeline/Lit"
"gallery_copy_applied","urp_2d_shader_on_3d_renderer","Assets/Daniel Mistage/STYLIZED Low Poly Fantasy Bundle/STYLIZED Fantasy Village - Low Poly 3D Art/Prefabs/Buildings/Walls/Wooden/Windows/SFV_Window_Wall_Wooden_M (1) 1.prefab","Assets/Daniel Mistage/STYLIZED Low Poly Fantasy Bundle/STYLIZED Fantasy Village - Low Poly 3D Art/Materials/ROOF_BLUE.mat","Assets/BornToDig/PrefabGallery/GalleryMaterials/ROOF_BLUE_7b03230c_Transparent.mat","ROOF_BLUE","Universal Render Pipeline/2D/Mesh2D-Lit-Default","Universal Render Pipeline/Lit"
"gallery_copy_applied","urp_2d_shader_on_3d_renderer","Assets/Daniel Mistage/STYLIZED Low Poly Fantasy Bundle/STYLIZED Fantasy Village - Low Poly 3D Art/Prefabs/Buildings/Walls/Wooden/Windows/SFV_Window_Wall_Wooden_M (1).prefab","Assets/Daniel Mistage/STYLIZED Low Poly Fantasy Bundle/STYLIZED Fantasy Village - Low Poly 3D Art/Materials/ROOF_BLUE.mat","Assets/BornToDig/PrefabGallery/GalleryMaterials/ROOF_BLUE_7b03230c_Transparent.mat","ROOF_BLUE","Universal Render Pipeline/2D/Mesh2D-Lit-Default","Universal Render Pipeline/Lit"
"gallery_copy_applied","urp_2d_shader_on_3d_renderer","Assets/Daniel Mistage/STYLIZED Low Poly Fantasy Bundle/STYLIZED Fantasy Village - Low Poly 3D Art/Prefabs/Buildings/Walls/Wooden/Windows/SFV_Window_Wall_Wooden_S_002.prefab","Assets/Daniel Mistage/STYLIZED Low Poly Fantasy Bundle/STYLIZED Fantasy Village - Low Poly 3D Art/Materials/ROOF_BLUE.mat","Assets/BornToDig/PrefabGallery/GalleryMaterials/ROOF_BLUE_7b03230c_Transparent.mat","ROOF_BLUE","Universal Render Pipeline/2D/Mesh2D-Lit-Default","Universal Render Pipeline/Lit"
"gallery_copy_applied","urp_2d_shader_on_3d_renderer","Assets/Daniel Mistage/STYLIZED Low Poly Fantasy Bundle/STYLIZED Fantasy Village - Low Poly 3D Art/Prefabs/Enviroment Props/Arch/SFV_Arch.prefab","Assets/Daniel Mistage/STYLIZED Low Poly Fantasy Bundle/STYLIZED Fantasy Village - Low Poly 3D Art/Materials/ROOF_BLUE.mat","Assets/BornToDig/PrefabGallery/GalleryMaterials/ROOF_BLUE_7b03230c_Transparent.mat","ROOF_BLUE","Universal Render Pipeline/2D/Mesh2D-Lit-Default","Universal Render Pipeline/Lit"
"gallery_copy_applied","urp_2d_shader_on_3d_renderer","Assets/Daniel Mistage/STYLIZED Low Poly Fantasy Bundle/STYLIZED Fantasy Village - Low Poly 3D Art/Prefabs/Enviroment Props/Well/SFV_Well.prefab","Assets/Daniel Mistage/STYLIZED Low Poly Fantasy Bundle/STYLIZED Fantasy Village - Low Poly 3D Art/Materials/ROOF_BLUE.mat","Assets/BornToDig/PrefabGallery/GalleryMaterials/ROOF_BLUE_7b03230c_Transparent.mat","ROOF_BLUE","Universal Render Pipeline/2D/Mesh2D-Lit-Default","Universal Render Pipeline/Lit"
"gallery_copy_applied","urp_2d_shader_on_3d_renderer","Assets/Daniel Mistage/STYLIZED Low Poly Fantasy Bundle/STYLIZED Fantasy Village - Low Poly 3D Art/Prefabs/Buildings/Building Attachables/Attic Window/SFV_Roof_Window_Attachable_001 1.prefab","Assets/Daniel Mistage/STYLIZED Low Poly Fantasy Bundle/STYLIZED Fantasy Village - Low Poly 3D Art/Materials/ROOF_COLOR_VARIATION/ROOF_BRICK.mat","Assets/BornToDig/PrefabGallery/GalleryMaterials/ROOF_BRICK_a116e8d3_Transparent.mat","ROOF_BRICK","Universal Render Pipeline/2D/Mesh2D-Lit-Default","Universal Render Pipeline/Lit"
"gallery_copy_applied","urp_2d_shader_on_3d_renderer","Assets/Daniel Mistage/STYLIZED Low Poly Fantasy Bundle/STYLIZED Fantasy Village - Low Poly 3D Art/Prefabs/Buildings/Building Attachables/Attic Window/SFV_Roof_Window_Attachable_002 1.prefab","Assets/Daniel Mistage/STYLIZED Low Poly Fantasy Bundle/STYLIZED Fantasy Village - Low Poly 3D Art/Materials/ROOF_COLOR_VARIATION/ROOF_BRICK.mat","Assets/BornToDig/PrefabGallery/GalleryMaterials/ROOF_BRICK_a116e8d3_Transparent.mat","ROOF_BRICK","Universal Render Pipeline/2D/Mesh2D-Lit-Default","Universal Render Pipeline/Lit"
"gallery_copy_applied","urp_2d_shader_on_3d_renderer","Assets/Daniel Mistage/STYLIZED Low Poly Fantasy Bundle/STYLIZED Fantasy Village - Low Poly 3D Art/Prefabs/Buildings/Building Attachables/Entrance Attachable/SFV_Entrance_Attachable 1.prefab","Assets/Daniel Mistage/STYLIZED Low Poly Fantasy Bundle/STYLIZED Fantasy Village - Low Poly 3D Art/Materials/ROOF_COLOR_VARIATION/ROOF_BRICK.mat","Assets/BornToDig/PrefabGallery/GalleryMaterials/ROOF_BRICK_a116e8d3_Transparent.mat","ROOF_BRICK","Universal Render Pipeline/2D/Mesh2D-Lit-Default","Universal Render Pipeline/Lit"
"gallery_copy_applied","urp_2d_shader_on_3d_renderer","Assets/Daniel Mistage/STYLIZED Low Poly Fantasy Bundle/STYLIZED Fantasy Village - Low Poly 3D Art/Prefabs/Buildings/Building Attachables/Entrance Attachable/SFV_Entrance_Attachable 1.prefab","Assets/Daniel Mistage/STYLIZED Low Poly Fantasy Bundle/STYLIZED Fantasy Village - Low Poly 3D Art/Materials/ROOF_COLOR_VARIATION/ROOF_BRICK.mat","Assets/BornToDig/PrefabGallery/GalleryMaterials/ROOF_BRICK_a116e8d3_Transparent.mat","ROOF_BRICK","Universal Render Pipeline/2D/Mesh2D-Lit-Default","Universal Render Pipeline/Lit"
"gallery_copy_applied","urp_2d_shader_on_3d_renderer","Assets/Daniel Mistage/STYLIZED Low Poly Fantasy Bundle/STYLIZED Fantasy Village - Low Poly 3D Art/Prefabs/Buildings/Building Attachables/Entrance Attachable/SFV_Entrance_Attachable 1.prefab","Assets/Daniel Mistage/STYLIZED Low Poly Fantasy Bundle/STYLIZED Fantasy Village - Low Poly 3D Art/Materials/ROOF_COLOR_VARIATION/ROOF_BRICK.mat","Assets/BornToDig/PrefabGallery/GalleryMaterials/ROOF_BRICK_a116e8d3_Transparent.mat","ROOF_BRICK","Universal Render Pipeline/2D/Mesh2D-Lit-Default","Universal Render Pipeline/Lit"
"gallery_copy_applied","urp_2d_shader_on_3d_renderer","Assets/Daniel Mistage/STYLIZED Low Poly Fantasy Bundle/STYLIZED Fantasy Village - Low Poly 3D Art/Prefabs/Buildings/Building Attachables/Entrance Attachable/SFV_Entrance_Attachable 1.prefab","Assets/Daniel Mistage/STYLIZED Low Poly Fantasy Bundle/STYLIZED Fantasy Village - Low Poly 3D Art/Materials/ROOF_COLOR_VARIATION/ROOF_BRICK.mat","Assets/BornToDig/PrefabGallery/GalleryMaterials/ROOF_BRICK_a116e8d3_Transparent.mat","ROOF_BRICK","Universal Render Pipeline/2D/Mesh2D-Lit-Default","Universal Render Pipeline/Lit"
"gallery_copy_applied","urp_2d_shader_on_3d_renderer","Assets/Daniel Mistage/STYLIZED Low Poly Fantasy Bundle/STYLIZED Fantasy Village - Low Poly 3D Art/Prefabs/Buildings/Empty Walls/Windows/SFV_Window_Wall_Wooden_M_Empty (1) 1.prefab","Assets/Daniel Mistage/STYLIZED Low Poly Fantasy Bundle/STYLIZED Fantasy Village - Low Poly 3D Art/Materials/ROOF_COLOR_VARIATION/ROOF_BRICK.mat","Assets/BornToDig/PrefabGallery/GalleryMaterials/ROOF_BRICK_a116e8d3_Transparent.mat","ROOF_BRICK","Universal Render Pipeline/2D/Mesh2D-Lit-Default","Universal Render Pipeline/Lit"
"gallery_copy_applied","urp_2d_shader_on_3d_renderer","Assets/Daniel Mistage/STYLIZED Low Poly Fantasy Bundle/STYLIZED Fantasy Village - Low Poly 3D Art/Prefabs/Buildings/Empty Walls/Windows/SFV_Window_Wall_Wooden_M_Empty 1.prefab","Assets/Daniel Mistage/STYLIZED Low Poly Fantasy Bundle/STYLIZED Fantasy Village - Low Poly 3D Art/Materials/ROOF_COLOR_VARIATION/ROOF_BRICK.mat","Assets/BornToDig/PrefabGallery/GalleryMaterials/ROOF_BRICK_a116e8d3_Transparent.mat","ROOF_BRICK","Universal Render Pipeline/2D/Mesh2D-Lit-Default","Universal Render Pipeline/Lit"
"gallery_copy_applied","urp_2d_shader_on_3d_renderer","Assets/Daniel Mistage/STYLIZED Low Poly Fantasy Bundle/STYLIZED Fantasy Village - Low Poly 3D Art/Prefabs/Buildings/Empty Walls/Windows/SFV_Window_Wall_Wooden_S_002_Empty 1.prefab","Assets/Daniel Mistage/STYLIZED Low Poly Fantasy Bundle/STYLIZED Fantasy Village - Low Poly 3D Art/Materials/ROOF_COLOR_VARIATION/ROOF_BRICK.mat","Assets/BornToDig/PrefabGallery/GalleryMaterials/ROOF_BRICK_a116e8d3_Transparent.mat","ROOF_BRICK","Universal Render Pipeline/2D/Mesh2D-Lit-Default","Universal Render Pipeline/Lit"
"gallery_copy_applied","urp_2d_shader_on_3d_renderer","Assets/Daniel Mistage/STYLIZED Low Poly Fantasy Bundle/STYLIZED Fantasy Village - Low Poly 3D Art/Prefabs/Buildings/Preset Buildings/Fake Buildings/SFV_Building_Empty_1 1.prefab","Assets/Daniel Mistage/STYLIZED Low Poly Fantasy Bundle/STYLIZED Fantasy Village - Low Poly 3D Art/Materials/ROOF_COLOR_VARIATION/ROOF_BRICK.mat","Assets/BornToDig/PrefabGallery/GalleryMaterials/ROOF_BRICK_a116e8d3_Transparent.mat","ROOF_BRICK","Universal Render Pipeline/2D/Mesh2D-Lit-Default","Universal Render Pipeline/Lit"
"gallery_copy_applied","urp_2d_shader_on_3d_renderer","Assets/Daniel Mistage/STYLIZED Low Poly Fantasy Bundle/STYLIZED Fantasy Village - Low Poly 3D Art/Prefabs/Buildings/Preset Buildings/Fake Buildings/SFV_Building_Empty_1 1.prefab","Assets/Daniel Mistage/STYLIZED Low Poly Fantasy Bundle/STYLIZED Fantasy Village - Low Poly 3D Art/Materials/ROOF_COLOR_VARIATION/ROOF_BRICK.mat","Assets/BornToDig/PrefabGallery/GalleryMaterials/ROOF_BRICK_a116e8d3_Transparent.mat","ROOF_BRICK","Universal Render Pipeline/2D/Mesh2D-Lit-Default","Universal Render Pipeline/Lit"
"gallery_copy_applied","urp_2d_shader_on_3d_renderer","Assets/Daniel Mistage/STYLIZED Low Poly Fantasy Bundle/STYLIZED Fantasy Village - Low Poly 3D Art/Prefabs/Buildings/Preset Buildings/Fake Buildings/SFV_Building_Empty_1 1.prefab","Assets/Daniel Mistage/STYLIZED Low Poly Fantasy Bundle/STYLIZED Fantasy Village - Low Poly 3D Art/Materials/ROOF_COLOR_VARIATION/ROOF_BRICK.mat","Assets/BornToDig/PrefabGallery/GalleryMaterials/ROOF_BRICK_a116e8d3_Transparent.mat","ROOF_BRICK","Universal Render Pipeline/2D/Mesh2D-Lit-Default","Universal Render Pipeline/Lit"
"gallery_copy_applied","urp_2d_shader_on_3d_renderer","Assets/Daniel Mistage/STYLIZED Low Poly Fantasy Bundle/STYLIZED Fantasy Village - Low Poly 3D Art/Prefabs/Buildings/Preset Buildings/Fake Buildings/SFV_Building_Empty_1 1.prefab","Assets/Daniel Mistage/STYLIZED Low Poly Fantasy Bundle/STYLIZED Fantasy Village - Low Poly 3D Art/Materials/ROOF_COLOR_VARIATION/ROOF_BRICK.mat","Assets/BornToDig/PrefabGallery/GalleryMaterials/ROOF_BRICK_a116e8d3_Transparent.mat","ROOF_BRICK","Universal Render Pipeline/2D/Mesh2D-Lit-Default","Universal Render Pipeline/Lit"
"gallery_copy_applied","urp_2d_shader_on_3d_renderer","Assets/Daniel Mistage/STYLIZED Low Poly Fantasy Bundle/STYLIZED Fantasy Village - Low Poly 3D Art/Prefabs/Buildings/Preset Buildings/Fake Buildings/SFV_Building_Empty_1 1.prefab","Assets/Daniel Mistage/STYLIZED Low Poly Fantasy Bundle/STYLIZED Fantasy Village - Low Poly 3D Art/Materials/ROOF_COLOR_VARIATION/ROOF_BRICK.mat","Assets/BornToDig/PrefabGallery/GalleryMaterials/ROOF_BRICK_a116e8d3_Transparent.mat","ROOF_BRICK","Universal Render Pipeline/2D/Mesh2D-Lit-Default","Universal Render Pipeline/Lit"
"gallery_copy_applied","urp_2d_shader_on_3d_renderer","Assets/Daniel Mistage/STYLIZED Low Poly Fantasy Bundle/STYLIZED Fantasy Village - Low Poly 3D Art/Prefabs/Buildings/Preset Buildings/Fake Buildings/SFV_Building_Empty_1 1.prefab","Assets/Daniel Mistage/STYLIZED Low Poly Fantasy Bundle/STYLIZED Fantasy Village - Low Poly 3D Art/Materials/ROOF_COLOR_VARIATION/ROOF_BRICK.mat","Assets/BornToDig/PrefabGallery/GalleryMaterials/ROOF_BRICK_a116e8d3_Transparent.mat","ROOF_BRICK","Universal Render Pipeline/2D/Mesh2D-Lit-Default","Universal Render Pipeline/Lit"
"gallery_copy_applied","urp_2d_shader_on_3d_renderer","Assets/Daniel Mistage/STYLIZED Low Poly Fantasy Bundle/STYLIZED Fantasy Village - Low Poly 3D Art/Prefabs/Buildings/Preset Buildings/Fake Buildings/SFV_Building_Empty_1 1.prefab","Assets/Daniel Mistage/STYLIZED Low Poly Fantasy Bundle/STYLIZED Fantasy Village - Low Poly 3D Art/Materials/ROOF_COLOR_VARIATION/ROOF_BRICK.mat","Assets/BornToDig/PrefabGallery/GalleryMaterials/ROOF_BRICK_a116e8d3_Transparent.mat","ROOF_BRICK","Universal Render Pipeline/2D/Mesh2D-Lit-Default","Universal Render Pipeline/Lit"
"gallery_copy_applied","urp_2d_shader_on_3d_renderer","Assets/Daniel Mistage/STYLIZED Low Poly Fantasy Bundle/STYLIZED Fantasy Village - Low Poly 3D Art/Prefabs/Buildings/Preset Buildings/Fake Buildings/SFV_Building_Empty_1 1.prefab","Assets/Daniel Mistage/STYLIZED Low Poly Fantasy Bundle/STYLIZED Fantasy Village - Low Poly 3D Art/Materials/ROOF_COLOR_VARIATION/ROOF_BRICK.mat","Assets/BornToDig/PrefabGallery/GalleryMaterials/ROOF_BRICK_a116e8d3_Transparent.mat","ROOF_BRICK","Universal Render Pipeline/2D/Mesh2D-Lit-Default","Universal Render Pipeline/Lit"
"gallery_copy_applied","urp_2d_shader_on_3d_renderer","Assets/Daniel Mistage/STYLIZED Low Poly Fantasy Bundle/STYLIZED Fantasy Village - Low Poly 3D Art/Prefabs/Buildings/Preset Buildings/Fake Buildings/SFV_Building_Empty_1 1.prefab","Assets/Daniel Mistage/STYLIZED Low Poly Fantasy Bundle/STYLIZED Fantasy Village - Low Poly 3D Art/Materials/ROOF_COLOR_VARIATION/ROOF_BRICK.mat","Assets/BornToDig/PrefabGallery/GalleryMaterials/ROOF_BRICK_a116e8d3_Transparent.mat","ROOF_BRICK","Universal Render Pipeline/2D/Mesh2D-Lit-Default","Universal Render Pipeline/Lit"
"gallery_copy_applied","urp_2d_shader_on_3d_renderer","Assets/Daniel Mistage/STYLIZED Low Poly Fantasy Bundle/STYLIZED Fantasy Village - Low Poly 3D Art/Prefabs/Buildings/Preset Buildings/Fake Buildings/SFV_Building_Empty_1 1.prefab","Assets/Daniel Mistage/STYLIZED Low Poly Fantasy Bundle/STYLIZED Fantasy Village - Low Poly 3D Art/Materials/ROOF_COLOR_VARIATION/ROOF_BRICK.mat","Assets/BornToDig/PrefabGallery/GalleryMaterials/ROOF_BRICK_a116e8d3_Transparent.mat","ROOF_BRICK","Universal Render Pipeline/2D/Mesh2D-Lit-Default","Universal Render Pipeline/Lit"
"gallery_copy_applied","urp_2d_shader_on_3d_renderer","Assets/Daniel Mistage/STYLIZED Low Poly Fantasy Bundle/STYLIZED Fantasy Village - Low Poly 3D Art/Prefabs/Buildings/Preset Buildings/Fake Buildings/SFV_Building_Empty_1 1.prefab","Assets/Daniel Mistage/STYLIZED Low Poly Fantasy Bundle/STYLIZED Fantasy Village - Low Poly 3D Art/Materials/ROOF_COLOR_VARIATION/ROOF_BRICK.mat","Assets/BornToDig/PrefabGallery/GalleryMaterials/ROOF_BRICK_a116e8d3_Transparent.mat","ROOF_BRICK","Universal Render Pipeline/2D/Mesh2D-Lit-Default","Universal Render Pipeline/Lit"
"gallery_copy_applied","urp_2d_shader_on_3d_renderer","Assets/Daniel Mistage/STYLIZED Low Poly Fantasy Bundle/STYLIZED Fantasy Village - Low Poly 3D Art/Prefabs/Buildings/Preset Buildings/Fake Buildings/SFV_Building_Empty_1 1.prefab","Assets/Daniel Mistage/STYLIZED Low Poly Fantasy Bundle/STYLIZED Fantasy Village - Low Poly 3D Art/Materials/ROOF_COLOR_VARIATION/ROOF_BRICK.mat","Assets/BornToDig/PrefabGallery/GalleryMaterials/ROOF_BRICK_a116e8d3_Transparent.mat","ROOF_BRICK","Universal Render Pipeline/2D/Mesh2D-Lit-Default","Universal Render Pipeline/Lit"
"gallery_copy_applied","urp_2d_shader_on_3d_renderer","Assets/Daniel Mistage/STYLIZED Low Poly Fantasy Bundle/STYLIZED Fantasy Village - Low Poly 3D Art/Prefabs/Buildings/Preset Buildings/Fake Buildings/SFV_Building_Empty_1 1.prefab","Assets/Daniel Mistage/STYLIZED Low Poly Fantasy Bundle/STYLIZED Fantasy Village - Low Poly 3D Art/Materials/ROOF_COLOR_VARIATION/ROOF_BRICK.mat","Assets/BornToDig/PrefabGallery/GalleryMaterials/ROOF_BRICK_a116e8d3_Transparent.mat","ROOF_BRICK","Universal Render Pipeline/2D/Mesh2D-Lit-Default","Universal Render Pipeline/Lit"
"gallery_copy_applied","urp_2d_shader_on_3d_renderer","Assets/Daniel Mistage/STYLIZED Low Poly Fantasy Bundle/STYLIZED Fantasy Village - Low Poly 3D Art/Prefabs/Buildings/Preset Buildings/Fake Buildings/SFV_Building_Empty_1 1.prefab","Assets/Daniel Mistage/STYLIZED Low Poly Fantasy Bundle/STYLIZED Fantasy Village - Low Poly 3D Art/Materials/ROOF_COLOR_VARIATION/ROOF_BRICK.mat","Assets/BornToDig/PrefabGallery/GalleryMaterials/ROOF_BRICK_a116e8d3_Transparent.mat","ROOF_BRICK","Universal Render Pipeline/2D/Mesh2D-Lit-Default","Universal Render Pipeline/Lit"
"gallery_copy_applied","urp_2d_shader_on_3d_renderer","Assets/Daniel Mistage/STYLIZED Low Poly Fantasy Bundle/STYLIZED Fantasy Village - Low Poly 3D Art/Prefabs/Buildings/Preset Buildings/Fake Buildings/SFV_Building_Empty_1 1.prefab","Assets/Daniel Mistage/STYLIZED Low Poly Fantasy Bundle/STYLIZED Fantasy Village - Low Poly 3D Art/Materials/ROOF_COLOR_VARIATION/ROOF_BRICK.mat","Assets/BornToDig/PrefabGallery/GalleryMaterials/ROOF_BRICK_a116e8d3_Transparent.mat","ROOF_BRICK","Universal Render Pipeline/2D/Mesh2D-Lit-Default","Universal Render Pipeline/Lit"
"gallery_copy_applied","urp_2d_shader_on_3d_renderer","Assets/Daniel Mistage/STYLIZED Low Poly Fantasy Bundle/STYLIZED Fantasy Village - Low Poly 3D Art/Prefabs/Buildings/Preset Buildings/Fake Buildings/SFV_Building_Empty_1 1.prefab","Assets/Daniel Mistage/STYLIZED Low Poly Fantasy Bundle/STYLIZED Fantasy Village - Low Poly 3D Art/Materials/ROOF_COLOR_VARIATION/ROOF_BRICK.mat","Assets/BornToDig/PrefabGallery/GalleryMaterials/ROOF_BRICK_a116e8d3_Transparent.mat","ROOF_BRICK","Universal Render Pipeline/2D/Mesh2D-Lit-Default","Universal Render Pipeline/Lit"
"gallery_copy_applied","urp_2d_shader_on_3d_renderer","Assets/Daniel Mistage/STYLIZED Low Poly Fantasy Bundle/STYLIZED Fantasy Village - Low Poly 3D Art/Prefabs/Buildings/Preset Buildings/Fake Buildings/SFV_Building_Empty_1 1.prefab","Assets/Daniel Mistage/STYLIZED Low Poly Fantasy Bundle/STYLIZED Fantasy Village - Low Poly 3D Art/Materials/ROOF_COLOR_VARIATION/ROOF_BRICK.mat","Assets/BornToDig/PrefabGallery/GalleryMaterials/ROOF_BRICK_a116e8d3_Transparent.mat","ROOF_BRICK","Universal Render Pipeline/2D/Mesh2D-Lit-Default","Universal Render Pipeline/Lit"
"gallery_copy_applied","urp_2d_shader_on_3d_renderer","Assets/Daniel Mistage/STYLIZED Low Poly Fantasy Bundle/STYLIZED Fantasy Village - Low Poly 3D Art/Prefabs/Buildings/Preset Buildings/Fake Buildings/SFV_Building_Empty_1 1.prefab","Assets/Daniel Mistage/STYLIZED Low Poly Fantasy Bundle/STYLIZED Fantasy Village - Low Poly 3D Art/Materials/ROOF_COLOR_VARIATION/ROOF_BRICK.mat","Assets/BornToDig/PrefabGallery/GalleryMaterials/ROOF_BRICK_a116e8d3_Transparent.mat","ROOF_BRICK","Universal Render Pipeline/2D/Mesh2D-Lit-Default","Universal Render Pipeline/Lit"
"gallery_copy_applied","urp_2d_shader_on_3d_renderer","Assets/Daniel Mistage/STYLIZED Low Poly Fantasy Bundle/STYLIZED Fantasy Village - Low Poly 3D Art/Prefabs/Buildings/Preset Buildings/Fake Buildings/SFV_Building_Empty_1 1.prefab","Assets/Daniel Mistage/STYLIZED Low Poly Fantasy Bundle/STYLIZED Fantasy Village - Low Poly 3D Art/Materials/ROOF_COLOR_VARIATION/ROOF_BRICK.mat","Assets/BornToDig/PrefabGallery/GalleryMaterials/ROOF_BRICK_a116e8d3_Transparent.mat","ROOF_BRICK","Universal Render Pipeline/2D/Mesh2D-Lit-Default","Universal Render Pipeline/Lit"
"gallery_copy_applied","urp_2d_shader_on_3d_renderer","Assets/Daniel Mistage/STYLIZED Low Poly Fantasy Bundle/STYLIZED Fantasy Village - Low Poly 3D Art/Prefabs/Buildings/Preset Buildings/Fake Buildings/SFV_Building_Empty_1 1.prefab","Assets/Daniel Mistage/STYLIZED Low Poly Fantasy Bundle/STYLIZED Fantasy Village - Low Poly 3D Art/Materials/ROOF_COLOR_VARIATION/ROOF_BRICK.mat","Assets/BornToDig/PrefabGallery/GalleryMaterials/ROOF_BRICK_a116e8d3_Transparent.mat","ROOF_BRICK","Universal Render Pipeline/2D/Mesh2D-Lit-Default","Universal Render Pipeline/Lit"
"gallery_copy_applied","urp_2d_shader_on_3d_renderer","Assets/Daniel Mistage/STYLIZED Low Poly Fantasy Bundle/STYLIZED Fantasy Village - Low Poly 3D Art/Prefabs/Buildings/Preset Buildings/Fake Buildings/SFV_Building_Empty_1 1.prefab","Assets/Daniel Mistage/STYLIZED Low Poly Fantasy Bundle/STYLIZED Fantasy Village - Low Poly 3D Art/Materials/ROOF_COLOR_VARIATION/ROOF_BRICK.mat","Assets/BornToDig/PrefabGallery/GalleryMaterials/ROOF_BRICK_a116e8d3_Transparent.mat","ROOF_BRICK","Universal Render Pipeline/2D/Mesh2D-Lit-Default","Universal Render Pipeline/Lit"
"gallery_copy_applied","urp_2d_shader_on_3d_renderer","Assets/Daniel Mistage/STYLIZED Low Poly Fantasy Bundle/STYLIZED Fantasy Village - Low Poly 3D Art/Prefabs/Buildings/Preset Buildings/Fake Buildings/SFV_Building_Empty_2 1.prefab","Assets/Daniel Mistage/STYLIZED Low Poly Fantasy Bundle/STYLIZED Fantasy Village - Low Poly 3D Art/Materials/ROOF_COLOR_VARIATION/ROOF_BRICK.mat","Assets/BornToDig/PrefabGallery/GalleryMaterials/ROOF_BRICK_a116e8d3_Transparent.mat","ROOF_BRICK","Universal Render Pipeline/2D/Mesh2D-Lit-Default","Universal Render Pipeline/Lit"
"gallery_copy_applied","urp_2d_shader_on_3d_renderer","Assets/Daniel Mistage/STYLIZED Low Poly Fantasy Bundle/STYLIZED Fantasy Village - Low Poly 3D Art/Prefabs/Buildings/Preset Buildings/Fake Buildings/SFV_Building_Empty_2 1.prefab","Assets/Daniel Mistage/STYLIZED Low Poly Fantasy Bundle/STYLIZED Fantasy Village - Low Poly 3D Art/Materials/ROOF_COLOR_VARIATION/ROOF_BRICK.mat","Assets/BornToDig/PrefabGallery/GalleryMaterials/ROOF_BRICK_a116e8d3_Transparent.mat","ROOF_BRICK","Universal Render Pipeline/2D/Mesh2D-Lit-Default","Universal Render Pipeline/Lit"
"gallery_copy_applied","urp_2d_shader_on_3d_renderer","Assets/Daniel Mistage/STYLIZED Low Poly Fantasy Bundle/STYLIZED Fantasy Village - Low Poly 3D Art/Prefabs/Buildings/Preset Buildings/Fake Buildings/SFV_Building_Empty_2 1.prefab","Assets/Daniel Mistage/STYLIZED Low Poly Fantasy Bundle/STYLIZED Fantasy Village - Low Poly 3D Art/Materials/ROOF_COLOR_VARIATION/ROOF_BRICK.mat","Assets/BornToDig/PrefabGallery/GalleryMaterials/ROOF_BRICK_a116e8d3_Transparent.mat","ROOF_BRICK","Universal Render Pipeline/2D/Mesh2D-Lit-Default","Universal Render Pipeline/Lit"
"gallery_copy_applied","urp_2d_shader_on_3d_renderer","Assets/Daniel Mistage/STYLIZED Low Poly Fantasy Bundle/STYLIZED Fantasy Village - Low Poly 3D Art/Prefabs/Buildings/Preset Buildings/Fake Buildings/SFV_Building_Empty_2 1.prefab","Assets/Daniel Mistage/STYLIZED Low Poly Fantasy Bundle/STYLIZED Fantasy Village - Low Poly 3D Art/Materials/ROOF_COLOR_VARIATION/ROOF_BRICK.mat","Assets/BornToDig/PrefabGallery/GalleryMaterials/ROOF_BRICK_a116e8d3_Transparent.mat","ROOF_BRICK","Universal Render Pipeline/2D/Mesh2D-Lit-Default","Universal Render Pipeline/Lit"
"gallery_copy_applied","urp_2d_shader_on_3d_renderer","Assets/Daniel Mistage/STYLIZED Low Poly Fantasy Bundle/STYLIZED Fantasy Village - Low Poly 3D Art/Prefabs/Buildings/Preset Buildings/Fake Buildings/SFV_Building_Empty_2 1.prefab","Assets/Daniel Mistage/STYLIZED Low Poly Fantasy Bundle/STYLIZED Fantasy Village - Low Poly 3D Art/Materials/ROOF_COLOR_VARIATION/ROOF_BRICK.mat","Assets/BornToDig/PrefabGallery/GalleryMaterials/ROOF_BRICK_a116e8d3_Transparent.mat","ROOF_BRICK","Universal Render Pipeline/2D/Mesh2D-Lit-Default","Universal Render Pipeline/Lit"
"gallery_copy_applied","urp_2d_shader_on_3d_renderer","Assets/Daniel Mistage/STYLIZED Low Poly Fantasy Bundle/STYLIZED Fantasy Village - Low Poly 3D Art/Prefabs/Buildings/Preset Buildings/Fake Buildings/SFV_Building_Empty_2 1.prefab","Assets/Daniel Mistage/STYLIZED Low Poly Fantasy Bundle/STYLIZED Fantasy Village - Low Poly 3D Art/Materials/ROOF_COLOR_VARIATION/ROOF_BRICK.mat","Assets/BornToDig/PrefabGallery/GalleryMaterials/ROOF_BRICK_a116e8d3_Transparent.mat","ROOF_BRICK","Universal Render Pipeline/2D/Mesh2D-Lit-Default","Universal Render Pipeline/Lit"
"gallery_copy_applied","urp_2d_shader_on_3d_renderer","Assets/Daniel Mistage/STYLIZED Low Poly Fantasy Bundle/STYLIZED Fantasy Village - Low Poly 3D Art/Prefabs/Buildings/Preset Buildings/Fake Buildings/SFV_Building_Empty_2 1.prefab","Assets/Daniel Mistage/STYLIZED Low Poly Fantasy Bundle/STYLIZED Fantasy Village - Low Poly 3D Art/Materials/ROOF_COLOR_VARIATION/ROOF_BRICK.mat","Assets/BornToDig/PrefabGallery/GalleryMaterials/ROOF_BRICK_a116e8d3_Transparent.mat","ROOF_BRICK","Universal Render Pipeline/2D/Mesh2D-Lit-Default","Universal Render Pipeline/Lit"
"gallery_copy_applied","urp_2d_shader_on_3d_renderer","Assets/Daniel Mistage/STYLIZED Low Poly Fantasy Bundle/STYLIZED Fantasy Village - Low Poly 3D Art/Prefabs/Buildings/Preset Buildings/Fake Buildings/SFV_Building_Empty_2 1.prefab","Assets/Daniel Mistage/STYLIZED Low Poly Fantasy Bundle/STYLIZED Fantasy Village - Low Poly 3D Art/Materials/ROOF_COLOR_VARIATION/ROOF_BRICK.mat","Assets/BornToDig/PrefabGallery/GalleryMaterials/ROOF_BRICK_a116e8d3_Transparent.mat","ROOF_BRICK","Universal Render Pipeline/2D/Mesh2D-Lit-Default","Universal Render Pipeline/Lit"
"gallery_copy_applied","urp_2d_shader_on_3d_renderer","Assets/Daniel Mistage/STYLIZED Low Poly Fantasy Bundle/STYLIZED Fantasy Village - Low Poly 3D Art/Prefabs/Buildings/Preset Buildings/Fake Buildings/SFV_Building_Empty_2 1.prefab","Assets/Daniel Mistage/STYLIZED Low Poly Fantasy Bundle/STYLIZED Fantasy Village - Low Poly 3D Art/Materials/ROOF_COLOR_VARIATION/ROOF_BRICK.mat","Assets/BornToDig/PrefabGallery/GalleryMaterials/ROOF_BRICK_a116e8d3_Transparent.mat","ROOF_BRICK","Universal Render Pipeline/2D/Mesh2D-Lit-Default","Universal Render Pipeline/Lit"
"gallery_copy_applied","urp_2d_shader_on_3d_renderer","Assets/Daniel Mistage/STYLIZED Low Poly Fantasy Bundle/STYLIZED Fantasy Village - Low Poly 3D Art/Prefabs/Buildings/Preset Buildings/Fake Buildings/SFV_Building_Empty_2 1.prefab","Assets/Daniel Mistage/STYLIZED Low Poly Fantasy Bundle/STYLIZED Fantasy Village - Low Poly 3D Art/Materials/ROOF_COLOR_VARIATION/ROOF_BRICK.mat","Assets/BornToDig/PrefabGallery/GalleryMaterials/ROOF_BRICK_a116e8d3_Transparent.mat","ROOF_BRICK","Universal Render Pipeline/2D/Mesh2D-Lit-Default","Universal Render Pipeline/Lit"
"gallery_copy_applied","urp_2d_shader_on_3d_renderer","Assets/Daniel Mistage/STYLIZED Low Poly Fantasy Bundle/STYLIZED Fantasy Village - Low Poly 3D Art/Prefabs/Buildings/Preset Buildings/Fake Buildings/SFV_Building_Empty_2 1.prefab","Assets/Daniel Mistage/STYLIZED Low Poly Fantasy Bundle/STYLIZED Fantasy Village - Low Poly 3D Art/Materials/ROOF_COLOR_VARIATION/ROOF_BRICK.mat","Assets/BornToDig/PrefabGallery/GalleryMaterials/ROOF_BRICK_a116e8d3_Transparent.mat","ROOF_BRICK","Universal Render Pipeline/2D/Mesh2D-Lit-Default","Universal Render Pipeline/Lit"
"gallery_copy_applied","urp_2d_shader_on_3d_renderer","Assets/Daniel Mistage/STYLIZED Low Poly Fantasy Bundle/STYLIZED Fantasy Village - Low Poly 3D Art/Prefabs/Buildings/Preset Buildings/Fake Buildings/SFV_Building_Empty_2 1.prefab","Assets/Daniel Mistage/STYLIZED Low Poly Fantasy Bundle/STYLIZED Fantasy Village - Low Poly 3D Art/Materials/ROOF_COLOR_VARIATION/ROOF_BRICK.mat","Assets/BornToDig/PrefabGallery/GalleryMaterials/ROOF_BRICK_a116e8d3_Transparent.mat","ROOF_BRICK","Universal Render Pipeline/2D/Mesh2D-Lit-Default","Universal Render Pipeline/Lit"
"gallery_copy_applied","urp_2d_shader_on_3d_renderer","Assets/Daniel Mistage/STYLIZED Low Poly Fantasy Bundle/STYLIZED Fantasy Village - Low Poly 3D Art/Prefabs/Buildings/Preset Buildings/Fake Buildings/SFV_Building_Empty_2 1.prefab","Assets/Daniel Mistage/STYLIZED Low Poly Fantasy Bundle/STYLIZED Fantasy Village - Low Poly 3D Art/Materials/ROOF_COLOR_VARIATION/ROOF_BRICK.mat","Assets/BornToDig/PrefabGallery/GalleryMaterials/ROOF_BRICK_a116e8d3_Transparent.mat","ROOF_BRICK","Universal Render Pipeline/2D/Mesh2D-Lit-Default","Universal Render Pipeline/Lit"
"gallery_copy_applied","urp_2d_shader_on_3d_renderer","Assets/Daniel Mistage/STYLIZED Low Poly Fantasy Bundle/STYLIZED Fantasy Village - Low Poly 3D Art/Prefabs/Buildings/Preset Buildings/Fake Buildings/SFV_Building_Empty_2 1.prefab","Assets/Daniel Mistage/STYLIZED Low Poly Fantasy Bundle/STYLIZED Fantasy Village - Low Poly 3D Art/Materials/ROOF_COLOR_VARIATION/ROOF_BRICK.mat","Assets/BornToDig/PrefabGallery/GalleryMaterials/ROOF_BRICK_a116e8d3_Transparent.mat","ROOF_BRICK","Universal Render Pipeline/2D/Mesh2D-Lit-Default","Universal Render Pipeline/Lit"
"gallery_copy_applied","urp_2d_shader_on_3d_renderer","Assets/Daniel Mistage/STYLIZED Low Poly Fantasy Bundle/STYLIZED Fantasy Village - Low Poly 3D Art/Prefabs/Buildings/Preset Buildings/Fake Buildings/SFV_Building_Empty_2 1.prefab","Assets/Daniel Mistage/STYLIZED Low Poly Fantasy Bundle/STYLIZED Fantasy Village - Low Poly 3D Art/Materials/ROOF_COLOR_VARIATION/ROOF_BRICK.mat","Assets/BornToDig/PrefabGallery/GalleryMaterials/ROOF_BRICK_a116e8d3_Transparent.mat","ROOF_BRICK","Universal Render Pipeline/2D/Mesh2D-Lit-Default","Universal Render Pipeline/Lit"
"gallery_copy_applied","urp_2d_shader_on_3d_renderer","Assets/Daniel Mistage/STYLIZED Low Poly Fantasy Bundle/STYLIZED Fantasy Village - Low Poly 3D Art/Prefabs/Buildings/Preset Buildings/Fake Buildings/SFV_Building_Empty_2 1.prefab","Assets/Daniel Mistage/STYLIZED Low Poly Fantasy Bundle/STYLIZED Fantasy Village - Low Poly 3D Art/Materials/ROOF_COLOR_VARIATION/ROOF_BRICK.mat","Assets/BornToDig/PrefabGallery/GalleryMaterials/ROOF_BRICK_a116e8d3_Transparent.mat","ROOF_BRICK","Universal Render Pipeline/2D/Mesh2D-Lit-Default","Universal Render Pipeline/Lit"
"gallery_copy_applied","urp_2d_shader_on_3d_renderer","Assets/Daniel Mistage/STYLIZED Low Poly Fantasy Bundle/STYLIZED Fantasy Village - Low Poly 3D Art/Prefabs/Buildings/Preset Buildings/Fake Buildings/SFV_Building_Empty_2 1.prefab","Assets/Daniel Mistage/STYLIZED Low Poly Fantasy Bundle/STYLIZED Fantasy Village - Low Poly 3D Art/Materials/ROOF_COLOR_VARIATION/ROOF_BRICK.mat","Assets/BornToDig/PrefabGallery/GalleryMaterials/ROOF_BRICK_a116e8d3_Transparent.mat","ROOF_BRICK","Universal Render Pipeline/2D/Mesh2D-Lit-Default","Universal Render Pipeline/Lit"
"gallery_copy_applied","urp_2d_shader_on_3d_renderer","Assets/Daniel Mistage/STYLIZED Low Poly Fantasy Bundle/STYLIZED Fantasy Village - Low Poly 3D Art/Prefabs/Buildings/Preset Buildings/Fake Buildings/SFV_Building_Empty_2 1.prefab","Assets/Daniel Mistage/STYLIZED Low Poly Fantasy Bundle/STYLIZED Fantasy Village - Low Poly 3D Art/Materials/ROOF_COLOR_VARIATION/ROOF_BRICK.mat","Assets/BornToDig/PrefabGallery/GalleryMaterials/ROOF_BRICK_a116e8d3_Transparent.mat","ROOF_BRICK","Universal Render Pipeline/2D/Mesh2D-Lit-Default","Universal Render Pipeline/Lit"
"gallery_copy_applied","urp_2d_shader_on_3d_renderer","Assets/Daniel Mistage/STYLIZED Low Poly Fantasy Bundle/STYLIZED Fantasy Village - Low Poly 3D Art/Prefabs/Buildings/Preset Buildings/Fake Buildings/SFV_Building_Empty_2 1.prefab","Assets/Daniel Mistage/STYLIZED Low Poly Fantasy Bundle/STYLIZED Fantasy Village - Low Poly 3D Art/Materials/ROOF_COLOR_VARIATION/ROOF_BRICK.mat","Assets/BornToDig/PrefabGallery/GalleryMaterials/ROOF_BRICK_a116e8d3_Transparent.mat","ROOF_BRICK","Universal Render Pipeline/2D/Mesh2D-Lit-Default","Universal Render Pipeline/Lit"
"gallery_copy_applied","urp_2d_shader_on_3d_renderer","Assets/Daniel Mistage/STYLIZED Low Poly Fantasy Bundle/STYLIZED Fantasy Village - Low Poly 3D Art/Prefabs/Buildings/Preset Buildings/Fake Buildings/SFV_Building_Empty_2 1.prefab","Assets/Daniel Mistage/STYLIZED Low Poly Fantasy Bundle/STYLIZED Fantasy Village - Low Poly 3D Art/Materials/ROOF_COLOR_VARIATION/ROOF_BRICK.mat","Assets/BornToDig/PrefabGallery/GalleryMaterials/ROOF_BRICK_a116e8d3_Transparent.mat","ROOF_BRICK","Universal Render Pipeline/2D/Mesh2D-Lit-Default","Universal Render Pipeline/Lit"
"gallery_copy_applied","urp_2d_shader_on_3d_renderer","Assets/Daniel Mistage/STYLIZED Low Poly Fantasy Bundle/STYLIZED Fantasy Village - Low Poly 3D Art/Prefabs/Buildings/Preset Buildings/Fake Buildings/SFV_Building_Empty_2 1.prefab","Assets/Daniel Mistage/STYLIZED Low Poly Fantasy Bundle/STYLIZED Fantasy Village - Low Poly 3D Art/Materials/ROOF_COLOR_VARIATION/ROOF_BRICK.mat","Assets/BornToDig/PrefabGallery/GalleryMaterials/ROOF_BRICK_a116e8d3_Transparent.mat","ROOF_BRICK","Universal Render Pipeline/2D/Mesh2D-Lit-Default","Universal Render Pipeline/Lit"
"gallery_copy_applied","urp_2d_shader_on_3d_renderer","Assets/Daniel Mistage/STYLIZED Low Poly Fantasy Bundle/STYLIZED Fantasy Village - Low Poly 3D Art/Prefabs/Buildings/Preset Buildings/Fake Buildings/SFV_Building_Empty_2 1.prefab","Assets/Daniel Mistage/STYLIZED Low Poly Fantasy Bundle/STYLIZED Fantasy Village - Low Poly 3D Art/Materials/ROOF_COLOR_VARIATION/ROOF_BRICK.mat","Assets/BornToDig/PrefabGallery/GalleryMaterials/ROOF_BRICK_a116e8d3_Transparent.mat","ROOF_BRICK","Universal Render Pipeline/2D/Mesh2D-Lit-Default","Universal Render Pipeline/Lit"
"gallery_copy_applied","urp_2d_shader_on_3d_renderer","Assets/Daniel Mistage/STYLIZED Low Poly Fantasy Bundle/STYLIZED Fantasy Village - Low Poly 3D Art/Prefabs/Buildings/Preset Buildings/Fake Buildings/SFV_Building_Empty_3 1.prefab","Assets/Daniel Mistage/STYLIZED Low Poly Fantasy Bundle/STYLIZED Fantasy Village - Low Poly 3D Art/Materials/ROOF_COLOR_VARIATION/ROOF_BRICK.mat","Assets/BornToDig/PrefabGallery/GalleryMaterials/ROOF_BRICK_a116e8d3_Transparent.mat","ROOF_BRICK","Universal Render Pipeline/2D/Mesh2D-Lit-Default","Universal Render Pipeline/Lit"
"gallery_copy_applied","urp_2d_shader_on_3d_renderer","Assets/Daniel Mistage/STYLIZED Low Poly Fantasy Bundle/STYLIZED Fantasy Village - Low Poly 3D Art/Prefabs/Buildings/Preset Buildings/Fake Buildings/SFV_Building_Empty_3 1.prefab","Assets/Daniel Mistage/STYLIZED Low Poly Fantasy Bundle/STYLIZED Fantasy Village - Low Poly 3D Art/Materials/ROOF_COLOR_VARIATION/ROOF_BRICK.mat","Assets/BornToDig/PrefabGallery/GalleryMaterials/ROOF_BRICK_a116e8d3_Transparent.mat","ROOF_BRICK","Universal Render Pipeline/2D/Mesh2D-Lit-Default","Universal Render Pipeline/Lit"
"gallery_copy_applied","urp_2d_shader_on_3d_renderer","Assets/Daniel Mistage/STYLIZED Low Poly Fantasy Bundle/STYLIZED Fantasy Village - Low Poly 3D Art/Prefabs/Buildings/Preset Buildings/Fake Buildings/SFV_Building_Empty_3 1.prefab","Assets/Daniel Mistage/STYLIZED Low Poly Fantasy Bundle/STYLIZED Fantasy Village - Low Poly 3D Art/Materials/ROOF_COLOR_VARIATION/ROOF_BRICK.mat","Assets/BornToDig/PrefabGallery/GalleryMaterials/ROOF_BRICK_a116e8d3_Transparent.mat","ROOF_BRICK","Universal Render Pipeline/2D/Mesh2D-Lit-Default","Universal Render Pipeline/Lit"
"gallery_copy_applied","urp_2d_shader_on_3d_renderer","Assets/Daniel Mistage/STYLIZED Low Poly Fantasy Bundle/STYLIZED Fantasy Village - Low Poly 3D Art/Prefabs/Buildings/Preset Buildings/Fake Buildings/SFV_Building_Empty_3 1.prefab","Assets/Daniel Mistage/STYLIZED Low Poly Fantasy Bundle/STYLIZED Fantasy Village - Low Poly 3D Art/Materials/ROOF_COLOR_VARIATION/ROOF_BRICK.mat","Assets/BornToDig/PrefabGallery/GalleryMaterials/ROOF_BRICK_a116e8d3_Transparent.mat","ROOF_BRICK","Universal Render Pipeline/2D/Mesh2D-Lit-Default","Universal Render Pipeline/Lit"
"gallery_copy_applied","urp_2d_shader_on_3d_renderer","Assets/Daniel Mistage/STYLIZED Low Poly Fantasy Bundle/STYLIZED Fantasy Village - Low Poly 3D Art/Prefabs/Buildings/Preset Buildings/Fake Buildings/SFV_Building_Empty_3 1.prefab","Assets/Daniel Mistage/STYLIZED Low Poly Fantasy Bundle/STYLIZED Fantasy Village - Low Poly 3D Art/Materials/ROOF_COLOR_VARIATION/ROOF_BRICK.mat","Assets/BornToDig/PrefabGallery/GalleryMaterials/ROOF_BRICK_a116e8d3_Transparent.mat","ROOF_BRICK","Universal Render Pipeline/2D/Mesh2D-Lit-Default","Universal Render Pipeline/Lit"
"gallery_copy_applied","urp_2d_shader_on_3d_renderer","Assets/Daniel Mistage/STYLIZED Low Poly Fantasy Bundle/STYLIZED Fantasy Village - Low Poly 3D Art/Prefabs/Buildings/Preset Buildings/Fake Buildings/SFV_Building_Empty_3 1.prefab","Assets/Daniel Mistage/STYLIZED Low Poly Fantasy Bundle/STYLIZED Fantasy Village - Low Poly 3D Art/Materials/ROOF_COLOR_VARIATION/ROOF_BRICK.mat","Assets/BornToDig/PrefabGallery/GalleryMaterials/ROOF_BRICK_a116e8d3_Transparent.mat","ROOF_BRICK","Universal Render Pipeline/2D/Mesh2D-Lit-Default","Universal Render Pipeline/Lit"
"gallery_copy_applied","urp_2d_shader_on_3d_renderer","Assets/Daniel Mistage/STYLIZED Low Poly Fantasy Bundle/STYLIZED Fantasy Village - Low Poly 3D Art/Prefabs/Buildings/Preset Buildings/Fake Buildings/SFV_Building_Empty_3 1.prefab","Assets/Daniel Mistage/STYLIZED Low Poly Fantasy Bundle/STYLIZED Fantasy Village - Low Poly 3D Art/Materials/ROOF_COLOR_VARIATION/ROOF_BRICK.mat","Assets/BornToDig/PrefabGallery/GalleryMaterials/ROOF_BRICK_a116e8d3_Transparent.mat","ROOF_BRICK","Universal Render Pipeline/2D/Mesh2D-Lit-Default","Universal Render Pipeline/Lit"
"gallery_copy_applied","urp_2d_shader_on_3d_renderer","Assets/Daniel Mistage/STYLIZED Low Poly Fantasy Bundle/STYLIZED Fantasy Village - Low Poly 3D Art/Prefabs/Buildings/Preset Buildings/Fake Buildings/SFV_Building_Empty_3 1.prefab","Assets/Daniel Mistage/STYLIZED Low Poly Fantasy Bundle/STYLIZED Fantasy Village - Low Poly 3D Art/Materials/ROOF_COLOR_VARIATION/ROOF_BRICK.mat","Assets/BornToDig/PrefabGallery/GalleryMaterials/ROOF_BRICK_a116e8d3_Transparent.mat","ROOF_BRICK","Universal Render Pipeline/2D/Mesh2D-Lit-Default","Universal Render Pipeline/Lit"
"gallery_copy_applied","urp_2d_shader_on_3d_renderer","Assets/Daniel Mistage/STYLIZED Low Poly Fantasy Bundle/STYLIZED Fantasy Village - Low Poly 3D Art/Prefabs/Buildings/Preset Buildings/Fake Buildings/SFV_Building_Empty_3 1.prefab","Assets/Daniel Mistage/STYLIZED Low Poly Fantasy Bundle/STYLIZED Fantasy Village - Low Poly 3D Art/Materials/ROOF_COLOR_VARIATION/ROOF_BRICK.mat","Assets/BornToDig/PrefabGallery/GalleryMaterials/ROOF_BRICK_a116e8d3_Transparent.mat","ROOF_BRICK","Universal Render Pipeline/2D/Mesh2D-Lit-Default","Universal Render Pipeline/Lit"
"gallery_copy_applied","urp_2d_shader_on_3d_renderer","Assets/Daniel Mistage/STYLIZED Low Poly Fantasy Bundle/STYLIZED Fantasy Village - Low Poly 3D Art/Prefabs/Buildings/Preset Buildings/Fake Buildings/SFV_Building_Empty_3 1.prefab","Assets/Daniel Mistage/STYLIZED Low Poly Fantasy Bundle/STYLIZED Fantasy Village - Low Poly 3D Art/Materials/ROOF_COLOR_VARIATION/ROOF_BRICK.mat","Assets/BornToDig/PrefabGallery/GalleryMaterials/ROOF_BRICK_a116e8d3_Transparent.mat","ROOF_BRICK","Universal Render Pipeline/2D/Mesh2D-Lit-Default","Universal Render Pipeline/Lit"
"gallery_copy_applied","urp_2d_shader_on_3d_renderer","Assets/Daniel Mistage/STYLIZED Low Poly Fantasy Bundle/STYLIZED Fantasy Village - Low Poly 3D Art/Prefabs/Buildings/Preset Buildings/Fake Buildings/SFV_Building_Empty_3 1.prefab","Assets/Daniel Mistage/STYLIZED Low Poly Fantasy Bundle/STYLIZED Fantasy Village - Low Poly 3D Art/Materials/ROOF_COLOR_VARIATION/ROOF_BRICK.mat","Assets/BornToDig/PrefabGallery/GalleryMaterials/ROOF_BRICK_a116e8d3_Transparent.mat","ROOF_BRICK","Universal Render Pipeline/2D/Mesh2D-Lit-Default","Universal Render Pipeline/Lit"
"gallery_copy_applied","urp_2d_shader_on_3d_renderer","Assets/Daniel Mistage/STYLIZED Low Poly Fantasy Bundle/STYLIZED Fantasy Village - Low Poly 3D Art/Prefabs/Buildings/Preset Buildings/Fake Buildings/SFV_Building_Empty_3 1.prefab","Assets/Daniel Mistage/STYLIZED Low Poly Fantasy Bundle/STYLIZED Fantasy Village - Low Poly 3D Art/Materials/ROOF_COLOR_VARIATION/ROOF_BRICK.mat","Assets/BornToDig/PrefabGallery/GalleryMaterials/ROOF_BRICK_a116e8d3_Transparent.mat","ROOF_BRICK","Universal Render Pipeline/2D/Mesh2D-Lit-Default","Universal Render Pipeline/Lit"
"gallery_copy_applied","urp_2d_shader_on_3d_renderer","Assets/Daniel Mistage/STYLIZED Low Poly Fantasy Bundle/STYLIZED Fantasy Village - Low Poly 3D Art/Prefabs/Buildings/Preset Buildings/Fake Buildings/SFV_Building_Empty_3 1.prefab","Assets/Daniel Mistage/STYLIZED Low Poly Fantasy Bundle/STYLIZED Fantasy Village - Low Poly 3D Art/Materials/ROOF_COLOR_VARIATION/ROOF_BRICK.mat","Assets/BornToDig/PrefabGallery/GalleryMaterials/ROOF_BRICK_a116e8d3_Transparent.mat","ROOF_BRICK","Universal Render Pipeline/2D/Mesh2D-Lit-Default","Universal Render Pipeline/Lit"
"gallery_copy_applied","urp_2d_shader_on_3d_renderer","Assets/Daniel Mistage/STYLIZED Low Poly Fantasy Bundle/STYLIZED Fantasy Village - Low Poly 3D Art/Prefabs/Buildings/Preset Buildings/Fake Buildings/SFV_Building_Empty_3 1.prefab","Assets/Daniel Mistage/STYLIZED Low Poly Fantasy Bundle/STYLIZED Fantasy Village - Low Poly 3D Art/Materials/ROOF_COLOR_VARIATION/ROOF_BRICK.mat","Assets/BornToDig/PrefabGallery/GalleryMaterials/ROOF_BRICK_a116e8d3_Transparent.mat","ROOF_BRICK","Universal Render Pipeline/2D/Mesh2D-Lit-Default","Universal Render Pipeline/Lit"
"gallery_copy_applied","urp_2d_shader_on_3d_renderer","Assets/Daniel Mistage/STYLIZED Low Poly Fantasy Bundle/STYLIZED Fantasy Village - Low Poly 3D Art/Prefabs/Buildings/Preset Buildings/Fake Buildings/SFV_Building_Empty_3 1.prefab","Assets/Daniel Mistage/STYLIZED Low Poly Fantasy Bundle/STYLIZED Fantasy Village - Low Poly 3D Art/Materials/ROOF_COLOR_VARIATION/ROOF_BRICK.mat","Assets/BornToDig/PrefabGallery/GalleryMaterials/ROOF_BRICK_a116e8d3_Transparent.mat","ROOF_BRICK","Universal Render Pipeline/2D/Mesh2D-Lit-Default","Universal Render Pipeline/Lit"
"gallery_copy_applied","urp_2d_shader_on_3d_renderer","Assets/Daniel Mistage/STYLIZED Low Poly Fantasy Bundle/STYLIZED Fantasy Village - Low Poly 3D Art/Prefabs/Buildings/Preset Buildings/Fake Buildings/SFV_Building_Empty_3 1.prefab","Assets/Daniel Mistage/STYLIZED Low Poly Fantasy Bundle/STYLIZED Fantasy Village - Low Poly 3D Art/Materials/ROOF_COLOR_VARIATION/ROOF_BRICK.mat","Assets/BornToDig/PrefabGallery/GalleryMaterials/ROOF_BRICK_a116e8d3_Transparent.mat","ROOF_BRICK","Universal Render Pipeline/2D/Mesh2D-Lit-Default","Universal Render Pipeline/Lit"
"gallery_copy_applied","urp_2d_shader_on_3d_renderer","Assets/Daniel Mistage/STYLIZED Low Poly Fantasy Bundle/STYLIZED Fantasy Village - Low Poly 3D Art/Prefabs/Buildings/Preset Buildings/Fake Buildings/SFV_Building_Empty_3 1.prefab","Assets/Daniel Mistage/STYLIZED Low Poly Fantasy Bundle/STYLIZED Fantasy Village - Low Poly 3D Art/Materials/ROOF_COLOR_VARIATION/ROOF_BRICK.mat","Assets/BornToDig/PrefabGallery/GalleryMaterials/ROOF_BRICK_a116e8d3_Transparent.mat","ROOF_BRICK","Universal Render Pipeline/2D/Mesh2D-Lit-Default","Universal Render Pipeline/Lit"
"gallery_copy_applied","urp_2d_shader_on_3d_renderer","Assets/Daniel Mistage/STYLIZED Low Poly Fantasy Bundle/STYLIZED Fantasy Village - Low Poly 3D Art/Prefabs/Buildings/Preset Buildings/Fake Buildings/SFV_Building_Empty_3 1.prefab","Assets/Daniel Mistage/STYLIZED Low Poly Fantasy Bundle/STYLIZED Fantasy Village - Low Poly 3D Art/Materials/ROOF_COLOR_VARIATION/ROOF_BRICK.mat","Assets/BornToDig/PrefabGallery/GalleryMaterials/ROOF_BRICK_a116e8d3_Transparent.mat","ROOF_BRICK","Universal Render Pipeline/2D/Mesh2D-Lit-Default","Universal Render Pipeline/Lit"
"gallery_copy_applied","urp_2d_shader_on_3d_renderer","Assets/Daniel Mistage/STYLIZED Low Poly Fantasy Bundle/STYLIZED Fantasy Village - Low Poly 3D Art/Prefabs/Buildings/Preset Buildings/Fake Buildings/SFV_Building_Empty_4 1.prefab","Assets/Daniel Mistage/STYLIZED Low Poly Fantasy Bundle/STYLIZED Fantasy Village - Low Poly 3D Art/Materials/ROOF_COLOR_VARIATION/ROOF_BRICK.mat","Assets/BornToDig/PrefabGallery/GalleryMaterials/ROOF_BRICK_a116e8d3_Transparent.mat","ROOF_BRICK","Universal Render Pipeline/2D/Mesh2D-Lit-Default","Universal Render Pipeline/Lit"
"gallery_copy_applied","urp_2d_shader_on_3d_renderer","Assets/Daniel Mistage/STYLIZED Low Poly Fantasy Bundle/STYLIZED Fantasy Village - Low Poly 3D Art/Prefabs/Buildings/Preset Buildings/Fake Buildings/SFV_Building_Empty_4 1.prefab","Assets/Daniel Mistage/STYLIZED Low Poly Fantasy Bundle/STYLIZED Fantasy Village - Low Poly 3D Art/Materials/ROOF_COLOR_VARIATION/ROOF_BRICK.mat","Assets/BornToDig/PrefabGallery/GalleryMaterials/ROOF_BRICK_a116e8d3_Transparent.mat","ROOF_BRICK","Universal Render Pipeline/2D/Mesh2D-Lit-Default","Universal Render Pipeline/Lit"
"gallery_copy_applied","urp_2d_shader_on_3d_renderer","Assets/Daniel Mistage/STYLIZED Low Poly Fantasy Bundle/STYLIZED Fantasy Village - Low Poly 3D Art/Prefabs/Buildings/Preset Buildings/Fake Buildings/SFV_Building_Empty_4 1.prefab","Assets/Daniel Mistage/STYLIZED Low Poly Fantasy Bundle/STYLIZED Fantasy Village - Low Poly 3D Art/Materials/ROOF_COLOR_VARIATION/ROOF_BRICK.mat","Assets/BornToDig/PrefabGallery/GalleryMaterials/ROOF_BRICK_a116e8d3_Transparent.mat","ROOF_BRICK","Universal Render Pipeline/2D/Mesh2D-Lit-Default","Universal Render Pipeline/Lit"
"gallery_copy_applied","urp_2d_shader_on_3d_renderer","Assets/Daniel Mistage/STYLIZED Low Poly Fantasy Bundle/STYLIZED Fantasy Village - Low Poly 3D Art/Prefabs/Buildings/Preset Buildings/Fake Buildings/SFV_Building_Empty_4 1.prefab","Assets/Daniel Mistage/STYLIZED Low Poly Fantasy Bundle/STYLIZED Fantasy Village - Low Poly 3D Art/Materials/ROOF_COLOR_VARIATION/ROOF_BRICK.mat","Assets/BornToDig/PrefabGallery/GalleryMaterials/ROOF_BRICK_a116e8d3_Transparent.mat","ROOF_BRICK","Universal Render Pipeline/2D/Mesh2D-Lit-Default","Universal Render Pipeline/Lit"
"gallery_copy_applied","urp_2d_shader_on_3d_renderer","Assets/Daniel Mistage/STYLIZED Low Poly Fantasy Bundle/STYLIZED Fantasy Village - Low Poly 3D Art/Prefabs/Buildings/Preset Buildings/Fake Buildings/SFV_Building_Empty_4 1.prefab","Assets/Daniel Mistage/STYLIZED Low Poly Fantasy Bundle/STYLIZED Fantasy Village - Low Poly 3D Art/Materials/ROOF_COLOR_VARIATION/ROOF_BRICK.mat","Assets/BornToDig/PrefabGallery/GalleryMaterials/ROOF_BRICK_a116e8d3_Transparent.mat","ROOF_BRICK","Universal Render Pipeline/2D/Mesh2D-Lit-Default","Universal Render Pipeline/Lit"
"gallery_copy_applied","urp_2d_shader_on_3d_renderer","Assets/Daniel Mistage/STYLIZED Low Poly Fantasy Bundle/STYLIZED Fantasy Village - Low Poly 3D Art/Prefabs/Buildings/Preset Buildings/Fake Buildings/SFV_Building_Empty_4 1.prefab","Assets/Daniel Mistage/STYLIZED Low Poly Fantasy Bundle/STYLIZED Fantasy Village - Low Poly 3D Art/Materials/ROOF_COLOR_VARIATION/ROOF_BRICK.mat","Assets/BornToDig/PrefabGallery/GalleryMaterials/ROOF_BRICK_a116e8d3_Transparent.mat","ROOF_BRICK","Universal Render Pipeline/2D/Mesh2D-Lit-Default","Universal Render Pipeline/Lit"
"gallery_copy_applied","urp_2d_shader_on_3d_renderer","Assets/Daniel Mistage/STYLIZED Low Poly Fantasy Bundle/STYLIZED Fantasy Village - Low Poly 3D Art/Prefabs/Buildings/Preset Buildings/Fake Buildings/SFV_Building_Empty_4 1.prefab","Assets/Daniel Mistage/STYLIZED Low Poly Fantasy Bundle/STYLIZED Fantasy Village - Low Poly 3D Art/Materials/ROOF_COLOR_VARIATION/ROOF_BRICK.mat","Assets/BornToDig/PrefabGallery/GalleryMaterials/ROOF_BRICK_a116e8d3_Transparent.mat","ROOF_BRICK","Universal Render Pipeline/2D/Mesh2D-Lit-Default","Universal Render Pipeline/Lit"
"gallery_copy_applied","urp_2d_shader_on_3d_renderer","Assets/Daniel Mistage/STYLIZED Low Poly Fantasy Bundle/STYLIZED Fantasy Village - Low Poly 3D Art/Prefabs/Buildings/Preset Buildings/Fake Buildings/SFV_Building_Empty_4 1.prefab","Assets/Daniel Mistage/STYLIZED Low Poly Fantasy Bundle/STYLIZED Fantasy Village - Low Poly 3D Art/Materials/ROOF_COLOR_VARIATION/ROOF_BRICK.mat","Assets/BornToDig/PrefabGallery/GalleryMaterials/ROOF_BRICK_a116e8d3_Transparent.mat","ROOF_BRICK","Universal Render Pipeline/2D/Mesh2D-Lit-Default","Universal Render Pipeline/Lit"
"gallery_copy_applied","urp_2d_shader_on_3d_renderer","Assets/Daniel Mistage/STYLIZED Low Poly Fantasy Bundle/STYLIZED Fantasy Village - Low Poly 3D Art/Prefabs/Buildings/Preset Buildings/Fake Buildings/SFV_Building_Empty_4 1.prefab","Assets/Daniel Mistage/STYLIZED Low Poly Fantasy Bundle/STYLIZED Fantasy Village - Low Poly 3D Art/Materials/ROOF_COLOR_VARIATION/ROOF_BRICK.mat","Assets/BornToDig/PrefabGallery/GalleryMaterials/ROOF_BRICK_a116e8d3_Transparent.mat","ROOF_BRICK","Universal Render Pipeline/2D/Mesh2D-Lit-Default","Universal Render Pipeline/Lit"
"gallery_copy_applied","urp_2d_shader_on_3d_renderer","Assets/Daniel Mistage/STYLIZED Low Poly Fantasy Bundle/STYLIZED Fantasy Village - Low Poly 3D Art/Prefabs/Buildings/Preset Buildings/Fake Buildings/SFV_Building_Empty_4 1.prefab","Assets/Daniel Mistage/STYLIZED Low Poly Fantasy Bundle/STYLIZED Fantasy Village - Low Poly 3D Art/Materials/ROOF_COLOR_VARIATION/ROOF_BRICK.mat","Assets/BornToDig/PrefabGallery/GalleryMaterials/ROOF_BRICK_a116e8d3_Transparent.mat","ROOF_BRICK","Universal Render Pipeline/2D/Mesh2D-Lit-Default","Universal Render Pipeline/Lit"
"gallery_copy_applied","urp_2d_shader_on_3d_renderer","Assets/Daniel Mistage/STYLIZED Low Poly Fantasy Bundle/STYLIZED Fantasy Village - Low Poly 3D Art/Prefabs/Buildings/Preset Buildings/Fake Buildings/SFV_Building_Empty_4 1.prefab","Assets/Daniel Mistage/STYLIZED Low Poly Fantasy Bundle/STYLIZED Fantasy Village - Low Poly 3D Art/Materials/ROOF_COLOR_VARIATION/ROOF_BRICK.mat","Assets/BornToDig/PrefabGallery/GalleryMaterials/ROOF_BRICK_a116e8d3_Transparent.mat","ROOF_BRICK","Universal Render Pipeline/2D/Mesh2D-Lit-Default","Universal Render Pipeline/Lit"
"gallery_copy_applied","urp_2d_shader_on_3d_renderer","Assets/Daniel Mistage/STYLIZED Low Poly Fantasy Bundle/STYLIZED Fantasy Village - Low Poly 3D Art/Prefabs/Buildings/Preset Buildings/Fake Buildings/SFV_Building_Empty_4 1.prefab","Assets/Daniel Mistage/STYLIZED Low Poly Fantasy Bundle/STYLIZED Fantasy Village - Low Poly 3D Art/Materials/ROOF_COLOR_VARIATION/ROOF_BRICK.mat","Assets/BornToDig/PrefabGallery/GalleryMaterials/ROOF_BRICK_a116e8d3_Transparent.mat","ROOF_BRICK","Universal Render Pipeline/2D/Mesh2D-Lit-Default","Universal Render Pipeline/Lit"
"gallery_copy_applied","urp_2d_shader_on_3d_renderer","Assets/Daniel Mistage/STYLIZED Low Poly Fantasy Bundle/STYLIZED Fantasy Village - Low Poly 3D Art/Prefabs/Buildings/Preset Buildings/Fake Buildings/SFV_Building_Empty_4 1.prefab","Assets/Daniel Mistage/STYLIZED Low Poly Fantasy Bundle/STYLIZED Fantasy Village - Low Poly 3D Art/Materials/ROOF_COLOR_VARIATION/ROOF_BRICK.mat","Assets/BornToDig/PrefabGallery/GalleryMaterials/ROOF_BRICK_a116e8d3_Transparent.mat","ROOF_BRICK","Universal Render Pipeline/2D/Mesh2D-Lit-Default","Universal Render Pipeline/Lit"
"gallery_copy_applied","urp_2d_shader_on_3d_renderer","Assets/Daniel Mistage/STYLIZED Low Poly Fantasy Bundle/STYLIZED Fantasy Village - Low Poly 3D Art/Prefabs/Buildings/Preset Buildings/Fake Buildings/SFV_Building_Empty_4 1.prefab","Assets/Daniel Mistage/STYLIZED Low Poly Fantasy Bundle/STYLIZED Fantasy Village - Low Poly 3D Art/Materials/ROOF_COLOR_VARIATION/ROOF_BRICK.mat","Assets/BornToDig/PrefabGallery/GalleryMaterials/ROOF_BRICK_a116e8d3_Transparent.mat","ROOF_BRICK","Universal Render Pipeline/2D/Mesh2D-Lit-Default","Universal Render Pipeline/Lit"
"gallery_copy_applied","urp_2d_shader_on_3d_renderer","Assets/Daniel Mistage/STYLIZED Low Poly Fantasy Bundle/STYLIZED Fantasy Village - Low Poly 3D Art/Prefabs/Buildings/Preset Buildings/Fake Buildings/SFV_Building_Empty_4 1.prefab","Assets/Daniel Mistage/STYLIZED Low Poly Fantasy Bundle/STYLIZED Fantasy Village - Low Poly 3D Art/Materials/ROOF_COLOR_VARIATION/ROOF_BRICK.mat","Assets/BornToDig/PrefabGallery/GalleryMaterials/ROOF_BRICK_a116e8d3_Transparent.mat","ROOF_BRICK","Universal Render Pipeline/2D/Mesh2D-Lit-Default","Universal Render Pipeline/Lit"
"gallery_copy_applied","urp_2d_shader_on_3d_renderer","Assets/Daniel Mistage/STYLIZED Low Poly Fantasy Bundle/STYLIZED Fantasy Village - Low Poly 3D Art/Prefabs/Buildings/Preset Buildings/Fake Buildings/SFV_Building_Empty_4 1.prefab","Assets/Daniel Mistage/STYLIZED Low Poly Fantasy Bundle/STYLIZED Fantasy Village - Low Poly 3D Art/Materials/ROOF_COLOR_VARIATION/ROOF_BRICK.mat","Assets/BornToDig/PrefabGallery/GalleryMaterials/ROOF_BRICK_a116e8d3_Transparent.mat","ROOF_BRICK","Universal Render Pipeline/2D/Mesh2D-Lit-Default","Universal Render Pipeline/Lit"
"gallery_copy_applied","urp_2d_shader_on_3d_renderer","Assets/Daniel Mistage/STYLIZED Low Poly Fantasy Bundle/STYLIZED Fantasy Village - Low Poly 3D Art/Prefabs/Buildings/Preset Buildings/Fake Buildings/SFV_Building_Empty_4 1.prefab","Assets/Daniel Mistage/STYLIZED Low Poly Fantasy Bundle/STYLIZED Fantasy Village - Low Poly 3D Art/Materials/ROOF_COLOR_VARIATION/ROOF_BRICK.mat","Assets/BornToDig/PrefabGallery/GalleryMaterials/ROOF_BRICK_a116e8d3_Transparent.mat","ROOF_BRICK","Universal Render Pipeline/2D/Mesh2D-Lit-Default","Universal Render Pipeline/Lit"
"gallery_copy_applied","urp_2d_shader_on_3d_renderer","Assets/Daniel Mistage/STYLIZED Low Poly Fantasy Bundle/STYLIZED Fantasy Village - Low Poly 3D Art/Prefabs/Buildings/Preset Buildings/Fake Buildings/SFV_Building_Empty_4 1.prefab","Assets/Daniel Mistage/STYLIZED Low Poly Fantasy Bundle/STYLIZED Fantasy Village - Low Poly 3D Art/Materials/ROOF_COLOR_VARIATION/ROOF_BRICK.mat","Assets/BornToDig/PrefabGallery/GalleryMaterials/ROOF_BRICK_a116e8d3_Transparent.mat","ROOF_BRICK","Universal Render Pipeline/2D/Mesh2D-Lit-Default","Universal Render Pipeline/Lit"
"gallery_copy_applied","urp_2d_shader_on_3d_renderer","Assets/Daniel Mistage/STYLIZED Low Poly Fantasy Bundle/STYLIZED Fantasy Village - Low Poly 3D Art/Prefabs/Buildings/Preset Buildings/Fake Buildings/SFV_Building_Empty_4 1.prefab","Assets/Daniel Mistage/STYLIZED Low Poly Fantasy Bundle/STYLIZED Fantasy Village - Low Poly 3D Art/Materials/ROOF_COLOR_VARIATION/ROOF_BRICK.mat","Assets/BornToDig/PrefabGallery/GalleryMaterials/ROOF_BRICK_a116e8d3_Transparent.mat","ROOF_BRICK","Universal Render Pipeline/2D/Mesh2D-Lit-Default","Universal Render Pipeline/Lit"
"gallery_copy_applied","urp_2d_shader_on_3d_renderer","Assets/Daniel Mistage/STYLIZED Low Poly Fantasy Bundle/STYLIZED Fantasy Village - Low Poly 3D Art/Prefabs/Buildings/Preset Buildings/Fake Buildings/SFV_Building_Empty_4 1.prefab","Assets/Daniel Mistage/STYLIZED Low Poly Fantasy Bundle/STYLIZED Fantasy Village - Low Poly 3D Art/Materials/ROOF_COLOR_VARIATION/ROOF_BRICK.mat","Assets/BornToDig/PrefabGallery/GalleryMaterials/ROOF_BRICK_a116e8d3_Transparent.mat","ROOF_BRICK","Universal Render Pipeline/2D/Mesh2D-Lit-Default","Universal Render Pipeline/Lit"
"gallery_copy_applied","urp_2d_shader_on_3d_renderer","Assets/Daniel Mistage/STYLIZED Low Poly Fantasy Bundle/STYLIZED Fantasy Village - Low Poly 3D Art/Prefabs/Buildings/Preset Buildings/Fake Buildings/SFV_Building_Empty_4 1.prefab","Assets/Daniel Mistage/STYLIZED Low Poly Fantasy Bundle/STYLIZED Fantasy Village - Low Poly 3D Art/Materials/ROOF_COLOR_VARIATION/ROOF_BRICK.mat","Assets/BornToDig/PrefabGallery/GalleryMaterials/ROOF_BRICK_a116e8d3_Transparent.mat","ROOF_BRICK","Universal Render Pipeline/2D/Mesh2D-Lit-Default","Universal Render Pipeline/Lit"
"gallery_copy_applied","urp_2d_shader_on_3d_renderer","Assets/Daniel Mistage/STYLIZED Low Poly Fantasy Bundle/STYLIZED Fantasy Village - Low Poly 3D Art/Prefabs/Buildings/Preset Buildings/Fake Buildings/SFV_Building_Empty_4 1.prefab","Assets/Daniel Mistage/STYLIZED Low Poly Fantasy Bundle/STYLIZED Fantasy Village - Low Poly 3D Art/Materials/ROOF_COLOR_VARIATION/ROOF_BRICK.mat","Assets/BornToDig/PrefabGallery/GalleryMaterials/ROOF_BRICK_a116e8d3_Transparent.mat","ROOF_BRICK","Universal Render Pipeline/2D/Mesh2D-Lit-Default","Universal Render Pipeline/Lit"
"gallery_copy_applied","urp_2d_shader_on_3d_renderer","Assets/Daniel Mistage/STYLIZED Low Poly Fantasy Bundle/STYLIZED Fantasy Village - Low Poly 3D Art/Prefabs/Buildings/Preset Buildings/Fake Buildings/SFV_Building_Empty_4 1.prefab","Assets/Daniel Mistage/STYLIZED Low Poly Fantasy Bundle/STYLIZED Fantasy Village - Low Poly 3D Art/Materials/ROOF_COLOR_VARIATION/ROOF_BRICK.mat","Assets/BornToDig/PrefabGallery/GalleryMaterials/ROOF_BRICK_a116e8d3_Transparent.mat","ROOF_BRICK","Universal Render Pipeline/2D/Mesh2D-Lit-Default","Universal Render Pipeline/Lit"
"gallery_copy_applied","urp_2d_shader_on_3d_renderer","Assets/Daniel Mistage/STYLIZED Low Poly Fantasy Bundle/STYLIZED Fantasy Village - Low Poly 3D Art/Prefabs/Buildings/Preset Buildings/Fake Buildings/SFV_Building_Empty_4 1.prefab","Assets/Daniel Mistage/STYLIZED Low Poly Fantasy Bundle/STYLIZED Fantasy Village - Low Poly 3D Art/Materials/ROOF_COLOR_VARIATION/ROOF_BRICK.mat","Assets/BornToDig/PrefabGallery/GalleryMaterials/ROOF_BRICK_a116e8d3_Transparent.mat","ROOF_BRICK","Universal Render Pipeline/2D/Mesh2D-Lit-Default","Universal Render Pipeline/Lit"
"gallery_copy_applied","urp_2d_shader_on_3d_renderer","Assets/Daniel Mistage/STYLIZED Low Poly Fantasy Bundle/STYLIZED Fantasy Village - Low Poly 3D Art/Prefabs/Buildings/Preset Buildings/Fake Buildings/SFV_Building_Empty_4 1.prefab","Assets/Daniel Mistage/STYLIZED Low Poly Fantasy Bundle/STYLIZED Fantasy Village - Low Poly 3D Art/Materials/ROOF_COLOR_VARIATION/ROOF_BRICK.mat","Assets/BornToDig/PrefabGallery/GalleryMaterials/ROOF_BRICK_a116e8d3_Transparent.mat","ROOF_BRICK","Universal Render Pipeline/2D/Mesh2D-Lit-Default","Universal Render Pipeline/Lit"
"gallery_copy_applied","urp_2d_shader_on_3d_renderer","Assets/Daniel Mistage/STYLIZED Low Poly Fantasy Bundle/STYLIZED Fantasy Village - Low Poly 3D Art/Prefabs/Buildings/Preset Buildings/Fake Buildings/SFV_Building_Empty_4 1.prefab","Assets/Daniel Mistage/STYLIZED Low Poly Fantasy Bundle/STYLIZED Fantasy Village - Low Poly 3D Art/Materials/ROOF_COLOR_VARIATION/ROOF_BRICK.mat","Assets/BornToDig/PrefabGallery/GalleryMaterials/ROOF_BRICK_a116e8d3_Transparent.mat","ROOF_BRICK","Universal Render Pipeline/2D/Mesh2D-Lit-Default","Universal Render Pipeline/Lit"
"gallery_copy_applied","urp_2d_shader_on_3d_renderer","Assets/Daniel Mistage/STYLIZED Low Poly Fantasy Bundle/STYLIZED Fantasy Village - Low Poly 3D Art/Prefabs/Buildings/Preset Buildings/Fake Buildings/SFV_Building_Empty_4 1.prefab","Assets/Daniel Mistage/STYLIZED Low Poly Fantasy Bundle/STYLIZED Fantasy Village - Low Poly 3D Art/Materials/ROOF_COLOR_VARIATION/ROOF_BRICK.mat","Assets/BornToDig/PrefabGallery/GalleryMaterials/ROOF_BRICK_a116e8d3_Transparent.mat","ROOF_BRICK","Universal Render Pipeline/2D/Mesh2D-Lit-Default","Universal Render Pipeline/Lit"
"gallery_copy_applied","urp_2d_shader_on_3d_renderer","Assets/Daniel Mistage/STYLIZED Low Poly Fantasy Bundle/STYLIZED Fantasy Village - Low Poly 3D Art/Prefabs/Buildings/Preset Buildings/Fake Buildings/SFV_Building_Empty_4 1.prefab","Assets/Daniel Mistage/STYLIZED Low Poly Fantasy Bundle/STYLIZED Fantasy Village - Low Poly 3D Art/Materials/ROOF_COLOR_VARIATION/ROOF_BRICK.mat","Assets/BornToDig/PrefabGallery/GalleryMaterials/ROOF_BRICK_a116e8d3_Transparent.mat","ROOF_BRICK","Universal Render Pipeline/2D/Mesh2D-Lit-Default","Universal Render Pipeline/Lit"
"gallery_copy_applied","urp_2d_shader_on_3d_renderer","Assets/Daniel Mistage/STYLIZED Low Poly Fantasy Bundle/STYLIZED Fantasy Village - Low Poly 3D Art/Prefabs/Buildings/Preset Buildings/Fake Buildings/SFV_Building_Empty_4 1.prefab","Assets/Daniel Mistage/STYLIZED Low Poly Fantasy Bundle/STYLIZED Fantasy Village - Low Poly 3D Art/Materials/ROOF_COLOR_VARIATION/ROOF_BRICK.mat","Assets/BornToDig/PrefabGallery/GalleryMaterials/ROOF_BRICK_a116e8d3_Transparent.mat","ROOF_BRICK","Universal Render Pipeline/2D/Mesh2D-Lit-Default","Universal Render Pipeline/Lit"
"gallery_copy_applied","urp_2d_shader_on_3d_renderer","Assets/Daniel Mistage/STYLIZED Low Poly Fantasy Bundle/STYLIZED Fantasy Village - Low Poly 3D Art/Prefabs/Buildings/Preset Buildings/Fake Buildings/SFV_Building_Empty_4 1.prefab","Assets/Daniel Mistage/STYLIZED Low Poly Fantasy Bundle/STYLIZED Fantasy Village - Low Poly 3D Art/Materials/ROOF_COLOR_VARIATION/ROOF_BRICK.mat","Assets/BornToDig/PrefabGallery/GalleryMaterials/ROOF_BRICK_a116e8d3_Transparent.mat","ROOF_BRICK","Universal Render Pipeline/2D/Mesh2D-Lit-Default","Universal Render Pipeline/Lit"
"gallery_copy_applied","urp_2d_shader_on_3d_renderer","Assets/Daniel Mistage/STYLIZED Low Poly Fantasy Bundle/STYLIZED Fantasy Village - Low Poly 3D Art/Prefabs/Buildings/Preset Buildings/Fake Buildings/SFV_Building_Empty_4 1.prefab","Assets/Daniel Mistage/STYLIZED Low Poly Fantasy Bundle/STYLIZED Fantasy Village - Low Poly 3D Art/Materials/ROOF_COLOR_VARIATION/ROOF_BRICK.mat","Assets/BornToDig/PrefabGallery/GalleryMaterials/ROOF_BRICK_a116e8d3_Transparent.mat","ROOF_BRICK","Universal Render Pipeline/2D/Mesh2D-Lit-Default","Universal Render Pipeline/Lit"
"gallery_copy_applied","urp_2d_shader_on_3d_renderer","Assets/Daniel Mistage/STYLIZED Low Poly Fantasy Bundle/STYLIZED Fantasy Village - Low Poly 3D Art/Prefabs/Buildings/Preset Buildings/Fake Buildings/SFV_Building_Empty_4 1.prefab","Assets/Daniel Mistage/STYLIZED Low Poly Fantasy Bundle/STYLIZED Fantasy Village - Low Poly 3D Art/Materials/ROOF_COLOR_VARIATION/ROOF_BRICK.mat","Assets/BornToDig/PrefabGallery/GalleryMaterials/ROOF_BRICK_a116e8d3_Transparent.mat","ROOF_BRICK","Universal Render Pipeline/2D/Mesh2D-Lit-Default","Universal Render Pipeline/Lit"
"gallery_copy_applied","urp_2d_shader_on_3d_renderer","Assets/Daniel Mistage/STYLIZED Low Poly Fantasy Bundle/STYLIZED Fantasy Village - Low Poly 3D Art/Prefabs/Buildings/Preset Buildings/Fake Buildings/SFV_Building_Empty_4 1.prefab","Assets/Daniel Mistage/STYLIZED Low Poly Fantasy Bundle/STYLIZED Fantasy Village - Low Poly 3D Art/Materials/ROOF_COLOR_VARIATION/ROOF_BRICK.mat","Assets/BornToDig/PrefabGallery/GalleryMaterials/ROOF_BRICK_a116e8d3_Transparent.mat","ROOF_BRICK","Universal Render Pipeline/2D/Mesh2D-Lit-Default","Universal Render Pipeline/Lit"
"gallery_copy_applied","urp_2d_shader_on_3d_renderer","Assets/Daniel Mistage/STYLIZED Low Poly Fantasy Bundle/STYLIZED Fantasy Village - Low Poly 3D Art/Prefabs/Buildings/Preset Buildings/Fake Buildings/SFV_Building_Empty_4 1.prefab","Assets/Daniel Mistage/STYLIZED Low Poly Fantasy Bundle/STYLIZED Fantasy Village - Low Poly 3D Art/Materials/ROOF_COLOR_VARIATION/ROOF_BRICK.mat","Assets/BornToDig/PrefabGallery/GalleryMaterials/ROOF_BRICK_a116e8d3_Transparent.mat","ROOF_BRICK","Universal Render Pipeline/2D/Mesh2D-Lit-Default","Universal Render Pipeline/Lit"
"gallery_copy_applied","urp_2d_shader_on_3d_renderer","Assets/Daniel Mistage/STYLIZED Low Poly Fantasy Bundle/STYLIZED Fantasy Village - Low Poly 3D Art/Prefabs/Buildings/Preset Buildings/Fake Buildings/SFV_Building_Empty_4 1.prefab","Assets/Daniel Mistage/STYLIZED Low Poly Fantasy Bundle/STYLIZED Fantasy Village - Low Poly 3D Art/Materials/ROOF_COLOR_VARIATION/ROOF_BRICK.mat","Assets/BornToDig/PrefabGallery/GalleryMaterials/ROOF_BRICK_a116e8d3_Transparent.mat","ROOF_BRICK","Universal Render Pipeline/2D/Mesh2D-Lit-Default","Universal Render Pipeline/Lit"
"gallery_copy_applied","urp_2d_shader_on_3d_renderer","Assets/Daniel Mistage/STYLIZED Low Poly Fantasy Bundle/STYLIZED Fantasy Village - Low Poly 3D Art/Prefabs/Buildings/Preset Buildings/Fake Buildings/SFV_Building_Empty_4 1.prefab","Assets/Daniel Mistage/STYLIZED Low Poly Fantasy Bundle/STYLIZED Fantasy Village - Low Poly 3D Art/Materials/ROOF_COLOR_VARIATION/ROOF_BRICK.mat","Assets/BornToDig/PrefabGallery/GalleryMaterials/ROOF_BRICK_a116e8d3_Transparent.mat","ROOF_BRICK","Universal Render Pipeline/2D/Mesh2D-Lit-Default","Universal Render Pipeline/Lit"
"gallery_copy_applied","urp_2d_shader_on_3d_renderer","Assets/Daniel Mistage/STYLIZED Low Poly Fantasy Bundle/STYLIZED Fantasy Village - Low Poly 3D Art/Prefabs/Buildings/Preset Buildings/Fake Buildings/SFV_Building_Empty_4 1.prefab","Assets/Daniel Mistage/STYLIZED Low Poly Fantasy Bundle/STYLIZED Fantasy Village - Low Poly 3D Art/Materials/ROOF_COLOR_VARIATION/ROOF_BRICK.mat","Assets/BornToDig/PrefabGallery/GalleryMaterials/ROOF_BRICK_a116e8d3_Transparent.mat","ROOF_BRICK","Universal Render Pipeline/2D/Mesh2D-Lit-Default","Universal Render Pipeline/Lit"
"gallery_copy_applied","urp_2d_shader_on_3d_renderer","Assets/Daniel Mistage/STYLIZED Low Poly Fantasy Bundle/STYLIZED Fantasy Village - Low Poly 3D Art/Prefabs/Buildings/Preset Buildings/Fake Buildings/SFV_Building_Empty_4 1.prefab","Assets/Daniel Mistage/STYLIZED Low Poly Fantasy Bundle/STYLIZED Fantasy Village - Low Poly 3D Art/Materials/ROOF_COLOR_VARIATION/ROOF_BRICK.mat","Assets/BornToDig/PrefabGallery/GalleryMaterials/ROOF_BRICK_a116e8d3_Transparent.mat","ROOF_BRICK","Universal Render Pipeline/2D/Mesh2D-Lit-Default","Universal Render Pipeline/Lit"
"gallery_copy_applied","urp_2d_shader_on_3d_renderer","Assets/Daniel Mistage/STYLIZED Low Poly Fantasy Bundle/STYLIZED Fantasy Village - Low Poly 3D Art/Prefabs/Buildings/Preset Buildings/Fake Buildings/SFV_Building_Empty_4 1.prefab","Assets/Daniel Mistage/STYLIZED Low Poly Fantasy Bundle/STYLIZED Fantasy Village - Low Poly 3D Art/Materials/ROOF_COLOR_VARIATION/ROOF_BRICK.mat","Assets/BornToDig/PrefabGallery/GalleryMaterials/ROOF_BRICK_a116e8d3_Transparent.mat","ROOF_BRICK","Universal Render Pipeline/2D/Mesh2D-Lit-Default","Universal Render Pipeline/Lit"
"gallery_copy_applied","urp_2d_shader_on_3d_renderer","Assets/Daniel Mistage/STYLIZED Low Poly Fantasy Bundle/STYLIZED Fantasy Village - Low Poly 3D Art/Prefabs/Buildings/Preset Buildings/Fake Buildings/SFV_Building_Empty_5 1.prefab","Assets/Daniel Mistage/STYLIZED Low Poly Fantasy Bundle/STYLIZED Fantasy Village - Low Poly 3D Art/Materials/ROOF_COLOR_VARIATION/ROOF_BRICK.mat","Assets/BornToDig/PrefabGallery/GalleryMaterials/ROOF_BRICK_a116e8d3_Transparent.mat","ROOF_BRICK","Universal Render Pipeline/2D/Mesh2D-Lit-Default","Universal Render Pipeline/Lit"
"gallery_copy_applied","urp_2d_shader_on_3d_renderer","Assets/Daniel Mistage/STYLIZED Low Poly Fantasy Bundle/STYLIZED Fantasy Village - Low Poly 3D Art/Prefabs/Buildings/Preset Buildings/Fake Buildings/SFV_Building_Empty_5 1.prefab","Assets/Daniel Mistage/STYLIZED Low Poly Fantasy Bundle/STYLIZED Fantasy Village - Low Poly 3D Art/Materials/ROOF_COLOR_VARIATION/ROOF_BRICK.mat","Assets/BornToDig/PrefabGallery/GalleryMaterials/ROOF_BRICK_a116e8d3_Transparent.mat","ROOF_BRICK","Universal Render Pipeline/2D/Mesh2D-Lit-Default","Universal Render Pipeline/Lit"
"gallery_copy_applied","urp_2d_shader_on_3d_renderer","Assets/Daniel Mistage/STYLIZED Low Poly Fantasy Bundle/STYLIZED Fantasy Village - Low Poly 3D Art/Prefabs/Buildings/Preset Buildings/Fake Buildings/SFV_Building_Empty_5 1.prefab","Assets/Daniel Mistage/STYLIZED Low Poly Fantasy Bundle/STYLIZED Fantasy Village - Low Poly 3D Art/Materials/ROOF_COLOR_VARIATION/ROOF_BRICK.mat","Assets/BornToDig/PrefabGallery/GalleryMaterials/ROOF_BRICK_a116e8d3_Transparent.mat","ROOF_BRICK","Universal Render Pipeline/2D/Mesh2D-Lit-Default","Universal Render Pipeline/Lit"
"gallery_copy_applied","urp_2d_shader_on_3d_renderer","Assets/Daniel Mistage/STYLIZED Low Poly Fantasy Bundle/STYLIZED Fantasy Village - Low Poly 3D Art/Prefabs/Buildings/Preset Buildings/Fake Buildings/SFV_Building_Empty_5 1.prefab","Assets/Daniel Mistage/STYLIZED Low Poly Fantasy Bundle/STYLIZED Fantasy Village - Low Poly 3D Art/Materials/ROOF_COLOR_VARIATION/ROOF_BRICK.mat","Assets/BornToDig/PrefabGallery/GalleryMaterials/ROOF_BRICK_a116e8d3_Transparent.mat","ROOF_BRICK","Universal Render Pipeline/2D/Mesh2D-Lit-Default","Universal Render Pipeline/Lit"
"gallery_copy_applied","urp_2d_shader_on_3d_renderer","Assets/Daniel Mistage/STYLIZED Low Poly Fantasy Bundle/STYLIZED Fantasy Village - Low Poly 3D Art/Prefabs/Buildings/Preset Buildings/Fake Buildings/SFV_Building_Empty_5 1.prefab","Assets/Daniel Mistage/STYLIZED Low Poly Fantasy Bundle/STYLIZED Fantasy Village - Low Poly 3D Art/Materials/ROOF_COLOR_VARIATION/ROOF_BRICK.mat","Assets/BornToDig/PrefabGallery/GalleryMaterials/ROOF_BRICK_a116e8d3_Transparent.mat","ROOF_BRICK","Universal Render Pipeline/2D/Mesh2D-Lit-Default","Universal Render Pipeline/Lit"
"gallery_copy_applied","urp_2d_shader_on_3d_renderer","Assets/Daniel Mistage/STYLIZED Low Poly Fantasy Bundle/STYLIZED Fantasy Village - Low Poly 3D Art/Prefabs/Buildings/Preset Buildings/Fake Buildings/SFV_Building_Empty_5 1.prefab","Assets/Daniel Mistage/STYLIZED Low Poly Fantasy Bundle/STYLIZED Fantasy Village - Low Poly 3D Art/Materials/ROOF_COLOR_VARIATION/ROOF_BRICK.mat","Assets/BornToDig/PrefabGallery/GalleryMaterials/ROOF_BRICK_a116e8d3_Transparent.mat","ROOF_BRICK","Universal Render Pipeline/2D/Mesh2D-Lit-Default","Universal Render Pipeline/Lit"
"gallery_copy_applied","urp_2d_shader_on_3d_renderer","Assets/Daniel Mistage/STYLIZED Low Poly Fantasy Bundle/STYLIZED Fantasy Village - Low Poly 3D Art/Prefabs/Buildings/Preset Buildings/Fake Buildings/SFV_Building_Empty_5 1.prefab","Assets/Daniel Mistage/STYLIZED Low Poly Fantasy Bundle/STYLIZED Fantasy Village - Low Poly 3D Art/Materials/ROOF_COLOR_VARIATION/ROOF_BRICK.mat","Assets/BornToDig/PrefabGallery/GalleryMaterials/ROOF_BRICK_a116e8d3_Transparent.mat","ROOF_BRICK","Universal Render Pipeline/2D/Mesh2D-Lit-Default","Universal Render Pipeline/Lit"
"gallery_copy_applied","urp_2d_shader_on_3d_renderer","Assets/Daniel Mistage/STYLIZED Low Poly Fantasy Bundle/STYLIZED Fantasy Village - Low Poly 3D Art/Prefabs/Buildings/Preset Buildings/Fake Buildings/SFV_Building_Empty_5 1.prefab","Assets/Daniel Mistage/STYLIZED Low Poly Fantasy Bundle/STYLIZED Fantasy Village - Low Poly 3D Art/Materials/ROOF_COLOR_VARIATION/ROOF_BRICK.mat","Assets/BornToDig/PrefabGallery/GalleryMaterials/ROOF_BRICK_a116e8d3_Transparent.mat","ROOF_BRICK","Universal Render Pipeline/2D/Mesh2D-Lit-Default","Universal Render Pipeline/Lit"
"gallery_copy_applied","urp_2d_shader_on_3d_renderer","Assets/Daniel Mistage/STYLIZED Low Poly Fantasy Bundle/STYLIZED Fantasy Village - Low Poly 3D Art/Prefabs/Buildings/Preset Buildings/Fake Buildings/SFV_Building_Empty_5 1.prefab","Assets/Daniel Mistage/STYLIZED Low Poly Fantasy Bundle/STYLIZED Fantasy Village - Low Poly 3D Art/Materials/ROOF_COLOR_VARIATION/ROOF_BRICK.mat","Assets/BornToDig/PrefabGallery/GalleryMaterials/ROOF_BRICK_a116e8d3_Transparent.mat","ROOF_BRICK","Universal Render Pipeline/2D/Mesh2D-Lit-Default","Universal Render Pipeline/Lit"
"gallery_copy_applied","urp_2d_shader_on_3d_renderer","Assets/Daniel Mistage/STYLIZED Low Poly Fantasy Bundle/STYLIZED Fantasy Village - Low Poly 3D Art/Prefabs/Buildings/Preset Buildings/Fake Buildings/SFV_Building_Empty_5 1.prefab","Assets/Daniel Mistage/STYLIZED Low Poly Fantasy Bundle/STYLIZED Fantasy Village - Low Poly 3D Art/Materials/ROOF_COLOR_VARIATION/ROOF_BRICK.mat","Assets/BornToDig/PrefabGallery/GalleryMaterials/ROOF_BRICK_a116e8d3_Transparent.mat","ROOF_BRICK","Universal Render Pipeline/2D/Mesh2D-Lit-Default","Universal Render Pipeline/Lit"
"gallery_copy_applied","urp_2d_shader_on_3d_renderer","Assets/Daniel Mistage/STYLIZED Low Poly Fantasy Bundle/STYLIZED Fantasy Village - Low Poly 3D Art/Prefabs/Buildings/Preset Buildings/Fake Buildings/SFV_Building_Empty_5 1.prefab","Assets/Daniel Mistage/STYLIZED Low Poly Fantasy Bundle/STYLIZED Fantasy Village - Low Poly 3D Art/Materials/ROOF_COLOR_VARIATION/ROOF_BRICK.mat","Assets/BornToDig/PrefabGallery/GalleryMaterials/ROOF_BRICK_a116e8d3_Transparent.mat","ROOF_BRICK","Universal Render Pipeline/2D/Mesh2D-Lit-Default","Universal Render Pipeline/Lit"
"gallery_copy_applied","urp_2d_shader_on_3d_renderer","Assets/Daniel Mistage/STYLIZED Low Poly Fantasy Bundle/STYLIZED Fantasy Village - Low Poly 3D Art/Prefabs/Buildings/Preset Buildings/Fake Buildings/SFV_Building_Empty_5 1.prefab","Assets/Daniel Mistage/STYLIZED Low Poly Fantasy Bundle/STYLIZED Fantasy Village - Low Poly 3D Art/Materials/ROOF_COLOR_VARIATION/ROOF_BRICK.mat","Assets/BornToDig/PrefabGallery/GalleryMaterials/ROOF_BRICK_a116e8d3_Transparent.mat","ROOF_BRICK","Universal Render Pipeline/2D/Mesh2D-Lit-Default","Universal Render Pipeline/Lit"
"gallery_copy_applied","urp_2d_shader_on_3d_renderer","Assets/Daniel Mistage/STYLIZED Low Poly Fantasy Bundle/STYLIZED Fantasy Village - Low Poly 3D Art/Prefabs/Buildings/Preset Buildings/Fake Buildings/SFV_Building_Empty_5 1.prefab","Assets/Daniel Mistage/STYLIZED Low Poly Fantasy Bundle/STYLIZED Fantasy Village - Low Poly 3D Art/Materials/ROOF_COLOR_VARIATION/ROOF_BRICK.mat","Assets/BornToDig/PrefabGallery/GalleryMaterials/ROOF_BRICK_a116e8d3_Transparent.mat","ROOF_BRICK","Universal Render Pipeline/2D/Mesh2D-Lit-Default","Universal Render Pipeline/Lit"
"gallery_copy_applied","urp_2d_shader_on_3d_renderer","Assets/Daniel Mistage/STYLIZED Low Poly Fantasy Bundle/STYLIZED Fantasy Village - Low Poly 3D Art/Prefabs/Buildings/Preset Buildings/Fake Buildings/SFV_Building_Empty_5 1.prefab","Assets/Daniel Mistage/STYLIZED Low Poly Fantasy Bundle/STYLIZED Fantasy Village - Low Poly 3D Art/Materials/ROOF_COLOR_VARIATION/ROOF_BRICK.mat","Assets/BornToDig/PrefabGallery/GalleryMaterials/ROOF_BRICK_a116e8d3_Transparent.mat","ROOF_BRICK","Universal Render Pipeline/2D/Mesh2D-Lit-Default","Universal Render Pipeline/Lit"
"gallery_copy_applied","urp_2d_shader_on_3d_renderer","Assets/Daniel Mistage/STYLIZED Low Poly Fantasy Bundle/STYLIZED Fantasy Village - Low Poly 3D Art/Prefabs/Buildings/Preset Buildings/Fake Buildings/SFV_Building_Empty_5 1.prefab","Assets/Daniel Mistage/STYLIZED Low Poly Fantasy Bundle/STYLIZED Fantasy Village - Low Poly 3D Art/Materials/ROOF_COLOR_VARIATION/ROOF_BRICK.mat","Assets/BornToDig/PrefabGallery/GalleryMaterials/ROOF_BRICK_a116e8d3_Transparent.mat","ROOF_BRICK","Universal Render Pipeline/2D/Mesh2D-Lit-Default","Universal Render Pipeline/Lit"
"gallery_copy_applied","urp_2d_shader_on_3d_renderer","Assets/Daniel Mistage/STYLIZED Low Poly Fantasy Bundle/STYLIZED Fantasy Village - Low Poly 3D Art/Prefabs/Buildings/Preset Buildings/Fake Buildings/SFV_Building_Empty_5 1.prefab","Assets/Daniel Mistage/STYLIZED Low Poly Fantasy Bundle/STYLIZED Fantasy Village - Low Poly 3D Art/Materials/ROOF_COLOR_VARIATION/ROOF_BRICK.mat","Assets/BornToDig/PrefabGallery/GalleryMaterials/ROOF_BRICK_a116e8d3_Transparent.mat","ROOF_BRICK","Universal Render Pipeline/2D/Mesh2D-Lit-Default","Universal Render Pipeline/Lit"
"gallery_copy_applied","urp_2d_shader_on_3d_renderer","Assets/Daniel Mistage/STYLIZED Low Poly Fantasy Bundle/STYLIZED Fantasy Village - Low Poly 3D Art/Prefabs/Buildings/Preset Buildings/Fake Buildings/SFV_Building_Empty_5 1.prefab","Assets/Daniel Mistage/STYLIZED Low Poly Fantasy Bundle/STYLIZED Fantasy Village - Low Poly 3D Art/Materials/ROOF_COLOR_VARIATION/ROOF_BRICK.mat","Assets/BornToDig/PrefabGallery/GalleryMaterials/ROOF_BRICK_a116e8d3_Transparent.mat","ROOF_BRICK","Universal Render Pipeline/2D/Mesh2D-Lit-Default","Universal Render Pipeline/Lit"
"gallery_copy_applied","urp_2d_shader_on_3d_renderer","Assets/Daniel Mistage/STYLIZED Low Poly Fantasy Bundle/STYLIZED Fantasy Village - Low Poly 3D Art/Prefabs/Buildings/Preset Buildings/Fake Buildings/SFV_Building_Empty_5 1.prefab","Assets/Daniel Mistage/STYLIZED Low Poly Fantasy Bundle/STYLIZED Fantasy Village - Low Poly 3D Art/Materials/ROOF_COLOR_VARIATION/ROOF_BRICK.mat","Assets/BornToDig/PrefabGallery/GalleryMaterials/ROOF_BRICK_a116e8d3_Transparent.mat","ROOF_BRICK","Universal Render Pipeline/2D/Mesh2D-Lit-Default","Universal Render Pipeline/Lit"
"gallery_copy_applied","urp_2d_shader_on_3d_renderer","Assets/Daniel Mistage/STYLIZED Low Poly Fantasy Bundle/STYLIZED Fantasy Village - Low Poly 3D Art/Prefabs/Buildings/Preset Buildings/Fake Buildings/SFV_Building_Empty_5 1.prefab","Assets/Daniel Mistage/STYLIZED Low Poly Fantasy Bundle/STYLIZED Fantasy Village - Low Poly 3D Art/Materials/ROOF_COLOR_VARIATION/ROOF_BRICK.mat","Assets/BornToDig/PrefabGallery/GalleryMaterials/ROOF_BRICK_a116e8d3_Transparent.mat","ROOF_BRICK","Universal Render Pipeline/2D/Mesh2D-Lit-Default","Universal Render Pipeline/Lit"
"gallery_copy_applied","urp_2d_shader_on_3d_renderer","Assets/Daniel Mistage/STYLIZED Low Poly Fantasy Bundle/STYLIZED Fantasy Village - Low Poly 3D Art/Prefabs/Buildings/Preset Buildings/Fake Buildings/SFV_Building_Empty_5 1.prefab","Assets/Daniel Mistage/STYLIZED Low Poly Fantasy Bundle/STYLIZED Fantasy Village - Low Poly 3D Art/Materials/ROOF_COLOR_VARIATION/ROOF_BRICK.mat","Assets/BornToDig/PrefabGallery/GalleryMaterials/ROOF_BRICK_a116e8d3_Transparent.mat","ROOF_BRICK","Universal Render Pipeline/2D/Mesh2D-Lit-Default","Universal Render Pipeline/Lit"
"gallery_copy_applied","urp_2d_shader_on_3d_renderer","Assets/Daniel Mistage/STYLIZED Low Poly Fantasy Bundle/STYLIZED Fantasy Village - Low Poly 3D Art/Prefabs/Buildings/Preset Buildings/Fake Buildings/SFV_Building_Empty_5 1.prefab","Assets/Daniel Mistage/STYLIZED Low Poly Fantasy Bundle/STYLIZED Fantasy Village - Low Poly 3D Art/Materials/ROOF_COLOR_VARIATION/ROOF_BRICK.mat","Assets/BornToDig/PrefabGallery/GalleryMaterials/ROOF_BRICK_a116e8d3_Transparent.mat","ROOF_BRICK","Universal Render Pipeline/2D/Mesh2D-Lit-Default","Universal Render Pipeline/Lit"
"gallery_copy_applied","urp_2d_shader_on_3d_renderer","Assets/Daniel Mistage/STYLIZED Low Poly Fantasy Bundle/STYLIZED Fantasy Village - Low Poly 3D Art/Prefabs/Buildings/Preset Buildings/Fake Buildings/SFV_Building_Empty_5 1.prefab","Assets/Daniel Mistage/STYLIZED Low Poly Fantasy Bundle/STYLIZED Fantasy Village - Low Poly 3D Art/Materials/ROOF_COLOR_VARIATION/ROOF_BRICK.mat","Assets/BornToDig/PrefabGallery/GalleryMaterials/ROOF_BRICK_a116e8d3_Transparent.mat","ROOF_BRICK","Universal Render Pipeline/2D/Mesh2D-Lit-Default","Universal Render Pipeline/Lit"
"gallery_copy_applied","urp_2d_shader_on_3d_renderer","Assets/Daniel Mistage/STYLIZED Low Poly Fantasy Bundle/STYLIZED Fantasy Village - Low Poly 3D Art/Prefabs/Buildings/Preset Buildings/Fake Buildings/SFV_Building_Empty_5 1.prefab","Assets/Daniel Mistage/STYLIZED Low Poly Fantasy Bundle/STYLIZED Fantasy Village - Low Poly 3D Art/Materials/ROOF_COLOR_VARIATION/ROOF_BRICK.mat","Assets/BornToDig/PrefabGallery/GalleryMaterials/ROOF_BRICK_a116e8d3_Transparent.mat","ROOF_BRICK","Universal Render Pipeline/2D/Mesh2D-Lit-Default","Universal Render Pipeline/Lit"
"gallery_copy_applied","urp_2d_shader_on_3d_renderer","Assets/Daniel Mistage/STYLIZED Low Poly Fantasy Bundle/STYLIZED Fantasy Village - Low Poly 3D Art/Prefabs/Buildings/Preset Buildings/Fake Buildings/SFV_Building_Empty_5 1.prefab","Assets/Daniel Mistage/STYLIZED Low Poly Fantasy Bundle/STYLIZED Fantasy Village - Low Poly 3D Art/Materials/ROOF_COLOR_VARIATION/ROOF_BRICK.mat","Assets/BornToDig/PrefabGallery/GalleryMaterials/ROOF_BRICK_a116e8d3_Transparent.mat","ROOF_BRICK","Universal Render Pipeline/2D/Mesh2D-Lit-Default","Universal Render Pipeline/Lit"
"gallery_copy_applied","urp_2d_shader_on_3d_renderer","Assets/Daniel Mistage/STYLIZED Low Poly Fantasy Bundle/STYLIZED Fantasy Village - Low Poly 3D Art/Prefabs/Buildings/Preset Buildings/Fake Buildings/SFV_Building_Empty_5 1.prefab","Assets/Daniel Mistage/STYLIZED Low Poly Fantasy Bundle/STYLIZED Fantasy Village - Low Poly 3D Art/Materials/ROOF_COLOR_VARIATION/ROOF_BRICK.mat","Assets/BornToDig/PrefabGallery/GalleryMaterials/ROOF_BRICK_a116e8d3_Transparent.mat","ROOF_BRICK","Universal Render Pipeline/2D/Mesh2D-Lit-Default","Universal Render Pipeline/Lit"
"gallery_copy_applied","urp_2d_shader_on_3d_renderer","Assets/Daniel Mistage/STYLIZED Low Poly Fantasy Bundle/STYLIZED Fantasy Village - Low Poly 3D Art/Prefabs/Buildings/Preset Buildings/Fake Buildings/SFV_Building_Empty_5 1.prefab","Assets/Daniel Mistage/STYLIZED Low Poly Fantasy Bundle/STYLIZED Fantasy Village - Low Poly 3D Art/Materials/ROOF_COLOR_VARIATION/ROOF_BRICK.mat","Assets/BornToDig/PrefabGallery/GalleryMaterials/ROOF_BRICK_a116e8d3_Transparent.mat","ROOF_BRICK","Universal Render Pipeline/2D/Mesh2D-Lit-Default","Universal Render Pipeline/Lit"
"gallery_copy_applied","urp_2d_shader_on_3d_renderer","Assets/Daniel Mistage/STYLIZED Low Poly Fantasy Bundle/STYLIZED Fantasy Village - Low Poly 3D Art/Prefabs/Buildings/Preset Buildings/Fake Buildings/SFV_Building_Empty_5 1.prefab","Assets/Daniel Mistage/STYLIZED Low Poly Fantasy Bundle/STYLIZED Fantasy Village - Low Poly 3D Art/Materials/ROOF_COLOR_VARIATION/ROOF_BRICK.mat","Assets/BornToDig/PrefabGallery/GalleryMaterials/ROOF_BRICK_a116e8d3_Transparent.mat","ROOF_BRICK","Universal Render Pipeline/2D/Mesh2D-Lit-Default","Universal Render Pipeline/Lit"
"gallery_copy_applied","urp_2d_shader_on_3d_renderer","Assets/Daniel Mistage/STYLIZED Low Poly Fantasy Bundle/STYLIZED Fantasy Village - Low Poly 3D Art/Prefabs/Buildings/Preset Buildings/Fake Buildings/SFV_Building_Empty_6 1.prefab","Assets/Daniel Mistage/STYLIZED Low Poly Fantasy Bundle/STYLIZED Fantasy Village - Low Poly 3D Art/Materials/ROOF_COLOR_VARIATION/ROOF_BRICK.mat","Assets/BornToDig/PrefabGallery/GalleryMaterials/ROOF_BRICK_a116e8d3_Transparent.mat","ROOF_BRICK","Universal Render Pipeline/2D/Mesh2D-Lit-Default","Universal Render Pipeline/Lit"
"gallery_copy_applied","urp_2d_shader_on_3d_renderer","Assets/Daniel Mistage/STYLIZED Low Poly Fantasy Bundle/STYLIZED Fantasy Village - Low Poly 3D Art/Prefabs/Buildings/Preset Buildings/Fake Buildings/SFV_Building_Empty_6 1.prefab","Assets/Daniel Mistage/STYLIZED Low Poly Fantasy Bundle/STYLIZED Fantasy Village - Low Poly 3D Art/Materials/ROOF_COLOR_VARIATION/ROOF_BRICK.mat","Assets/BornToDig/PrefabGallery/GalleryMaterials/ROOF_BRICK_a116e8d3_Transparent.mat","ROOF_BRICK","Universal Render Pipeline/2D/Mesh2D-Lit-Default","Universal Render Pipeline/Lit"
"gallery_copy_applied","urp_2d_shader_on_3d_renderer","Assets/Daniel Mistage/STYLIZED Low Poly Fantasy Bundle/STYLIZED Fantasy Village - Low Poly 3D Art/Prefabs/Buildings/Preset Buildings/Fake Buildings/SFV_Building_Empty_6 1.prefab","Assets/Daniel Mistage/STYLIZED Low Poly Fantasy Bundle/STYLIZED Fantasy Village - Low Poly 3D Art/Materials/ROOF_COLOR_VARIATION/ROOF_BRICK.mat","Assets/BornToDig/PrefabGallery/GalleryMaterials/ROOF_BRICK_a116e8d3_Transparent.mat","ROOF_BRICK","Universal Render Pipeline/2D/Mesh2D-Lit-Default","Universal Render Pipeline/Lit"
"gallery_copy_applied","urp_2d_shader_on_3d_renderer","Assets/Daniel Mistage/STYLIZED Low Poly Fantasy Bundle/STYLIZED Fantasy Village - Low Poly 3D Art/Prefabs/Buildings/Preset Buildings/Fake Buildings/SFV_Building_Empty_6 1.prefab","Assets/Daniel Mistage/STYLIZED Low Poly Fantasy Bundle/STYLIZED Fantasy Village - Low Poly 3D Art/Materials/ROOF_COLOR_VARIATION/ROOF_BRICK.mat","Assets/BornToDig/PrefabGallery/GalleryMaterials/ROOF_BRICK_a116e8d3_Transparent.mat","ROOF_BRICK","Universal Render Pipeline/2D/Mesh2D-Lit-Default","Universal Render Pipeline/Lit"
"gallery_copy_applied","urp_2d_shader_on_3d_renderer","Assets/Daniel Mistage/STYLIZED Low Poly Fantasy Bundle/STYLIZED Fantasy Village - Low Poly 3D Art/Prefabs/Buildings/Preset Buildings/Fake Buildings/SFV_Building_Empty_6 1.prefab","Assets/Daniel Mistage/STYLIZED Low Poly Fantasy Bundle/STYLIZED Fantasy Village - Low Poly 3D Art/Materials/ROOF_COLOR_VARIATION/ROOF_BRICK.mat","Assets/BornToDig/PrefabGallery/GalleryMaterials/ROOF_BRICK_a116e8d3_Transparent.mat","ROOF_BRICK","Universal Render Pipeline/2D/Mesh2D-Lit-Default","Universal Render Pipeline/Lit"
"gallery_copy_applied","urp_2d_shader_on_3d_renderer","Assets/Daniel Mistage/STYLIZED Low Poly Fantasy Bundle/STYLIZED Fantasy Village - Low Poly 3D Art/Prefabs/Buildings/Preset Buildings/Fake Buildings/SFV_Building_Empty_6 1.prefab","Assets/Daniel Mistage/STYLIZED Low Poly Fantasy Bundle/STYLIZED Fantasy Village - Low Poly 3D Art/Materials/ROOF_COLOR_VARIATION/ROOF_BRICK.mat","Assets/BornToDig/PrefabGallery/GalleryMaterials/ROOF_BRICK_a116e8d3_Transparent.mat","ROOF_BRICK","Universal Render Pipeline/2D/Mesh2D-Lit-Default","Universal Render Pipeline/Lit"
"gallery_copy_applied","urp_2d_shader_on_3d_renderer","Assets/Daniel Mistage/STYLIZED Low Poly Fantasy Bundle/STYLIZED Fantasy Village - Low Poly 3D Art/Prefabs/Buildings/Preset Buildings/Fake Buildings/SFV_Building_Empty_6 1.prefab","Assets/Daniel Mistage/STYLIZED Low Poly Fantasy Bundle/STYLIZED Fantasy Village - Low Poly 3D Art/Materials/ROOF_COLOR_VARIATION/ROOF_BRICK.mat","Assets/BornToDig/PrefabGallery/GalleryMaterials/ROOF_BRICK_a116e8d3_Transparent.mat","ROOF_BRICK","Universal Render Pipeline/2D/Mesh2D-Lit-Default","Universal Render Pipeline/Lit"
"gallery_copy_applied","urp_2d_shader_on_3d_renderer","Assets/Daniel Mistage/STYLIZED Low Poly Fantasy Bundle/STYLIZED Fantasy Village - Low Poly 3D Art/Prefabs/Buildings/Preset Buildings/Fake Buildings/SFV_Building_Empty_6 1.prefab","Assets/Daniel Mistage/STYLIZED Low Poly Fantasy Bundle/STYLIZED Fantasy Village - Low Poly 3D Art/Materials/ROOF_COLOR_VARIATION/ROOF_BRICK.mat","Assets/BornToDig/PrefabGallery/GalleryMaterials/ROOF_BRICK_a116e8d3_Transparent.mat","ROOF_BRICK","Universal Render Pipeline/2D/Mesh2D-Lit-Default","Universal Render Pipeline/Lit"
"gallery_copy_applied","urp_2d_shader_on_3d_renderer","Assets/Daniel Mistage/STYLIZED Low Poly Fantasy Bundle/STYLIZED Fantasy Village - Low Poly 3D Art/Prefabs/Buildings/Preset Buildings/Fake Buildings/SFV_Building_Empty_6 1.prefab","Assets/Daniel Mistage/STYLIZED Low Poly Fantasy Bundle/STYLIZED Fantasy Village - Low Poly 3D Art/Materials/ROOF_COLOR_VARIATION/ROOF_BRICK.mat","Assets/BornToDig/PrefabGallery/GalleryMaterials/ROOF_BRICK_a116e8d3_Transparent.mat","ROOF_BRICK","Universal Render Pipeline/2D/Mesh2D-Lit-Default","Universal Render Pipeline/Lit"
"gallery_copy_applied","urp_2d_shader_on_3d_renderer","Assets/Daniel Mistage/STYLIZED Low Poly Fantasy Bundle/STYLIZED Fantasy Village - Low Poly 3D Art/Prefabs/Buildings/Preset Buildings/Fake Buildings/SFV_Building_Empty_6 1.prefab","Assets/Daniel Mistage/STYLIZED Low Poly Fantasy Bundle/STYLIZED Fantasy Village - Low Poly 3D Art/Materials/ROOF_COLOR_VARIATION/ROOF_BRICK.mat","Assets/BornToDig/PrefabGallery/GalleryMaterials/ROOF_BRICK_a116e8d3_Transparent.mat","ROOF_BRICK","Universal Render Pipeline/2D/Mesh2D-Lit-Default","Universal Render Pipeline/Lit"
"gallery_copy_applied","urp_2d_shader_on_3d_renderer","Assets/Daniel Mistage/STYLIZED Low Poly Fantasy Bundle/STYLIZED Fantasy Village - Low Poly 3D Art/Prefabs/Buildings/Preset Buildings/Fake Buildings/SFV_Building_Empty_6 1.prefab","Assets/Daniel Mistage/STYLIZED Low Poly Fantasy Bundle/STYLIZED Fantasy Village - Low Poly 3D Art/Materials/ROOF_COLOR_VARIATION/ROOF_BRICK.mat","Assets/BornToDig/PrefabGallery/GalleryMaterials/ROOF_BRICK_a116e8d3_Transparent.mat","ROOF_BRICK","Universal Render Pipeline/2D/Mesh2D-Lit-Default","Universal Render Pipeline/Lit"
"gallery_copy_applied","urp_2d_shader_on_3d_renderer","Assets/Daniel Mistage/STYLIZED Low Poly Fantasy Bundle/STYLIZED Fantasy Village - Low Poly 3D Art/Prefabs/Buildings/Preset Buildings/Fake Buildings/SFV_Building_Empty_6 1.prefab","Assets/Daniel Mistage/STYLIZED Low Poly Fantasy Bundle/STYLIZED Fantasy Village - Low Poly 3D Art/Materials/ROOF_COLOR_VARIATION/ROOF_BRICK.mat","Assets/BornToDig/PrefabGallery/GalleryMaterials/ROOF_BRICK_a116e8d3_Transparent.mat","ROOF_BRICK","Universal Render Pipeline/2D/Mesh2D-Lit-Default","Universal Render Pipeline/Lit"
"gallery_copy_applied","urp_2d_shader_on_3d_renderer","Assets/Daniel Mistage/STYLIZED Low Poly Fantasy Bundle/STYLIZED Fantasy Village - Low Poly 3D Art/Prefabs/Buildings/Preset Buildings/Fake Buildings/SFV_Building_Empty_6 1.prefab","Assets/Daniel Mistage/STYLIZED Low Poly Fantasy Bundle/STYLIZED Fantasy Village - Low Poly 3D Art/Materials/ROOF_COLOR_VARIATION/ROOF_BRICK.mat","Assets/BornToDig/PrefabGallery/GalleryMaterials/ROOF_BRICK_a116e8d3_Transparent.mat","ROOF_BRICK","Universal Render Pipeline/2D/Mesh2D-Lit-Default","Universal Render Pipeline/Lit"
"gallery_copy_applied","urp_2d_shader_on_3d_renderer","Assets/Daniel Mistage/STYLIZED Low Poly Fantasy Bundle/STYLIZED Fantasy Village - Low Poly 3D Art/Prefabs/Buildings/Preset Buildings/Fake Buildings/SFV_Building_Empty_6 1.prefab","Assets/Daniel Mistage/STYLIZED Low Poly Fantasy Bundle/STYLIZED Fantasy Village - Low Poly 3D Art/Materials/ROOF_COLOR_VARIATION/ROOF_BRICK.mat","Assets/BornToDig/PrefabGallery/GalleryMaterials/ROOF_BRICK_a116e8d3_Transparent.mat","ROOF_BRICK","Universal Render Pipeline/2D/Mesh2D-Lit-Default","Universal Render Pipeline/Lit"
"gallery_copy_applied","urp_2d_shader_on_3d_renderer","Assets/Daniel Mistage/STYLIZED Low Poly Fantasy Bundle/STYLIZED Fantasy Village - Low Poly 3D Art/Prefabs/Buildings/Preset Buildings/Fake Buildings/SFV_Building_Empty_6 1.prefab","Assets/Daniel Mistage/STYLIZED Low Poly Fantasy Bundle/STYLIZED Fantasy Village - Low Poly 3D Art/Materials/ROOF_COLOR_VARIATION/ROOF_BRICK.mat","Assets/BornToDig/PrefabGallery/GalleryMaterials/ROOF_BRICK_a116e8d3_Transparent.mat","ROOF_BRICK","Universal Render Pipeline/2D/Mesh2D-Lit-Default","Universal Render Pipeline/Lit"
"gallery_copy_applied","urp_2d_shader_on_3d_renderer","Assets/Daniel Mistage/STYLIZED Low Poly Fantasy Bundle/STYLIZED Fantasy Village - Low Poly 3D Art/Prefabs/Buildings/Preset Buildings/Fake Buildings/SFV_Building_Empty_6 1.prefab","Assets/Daniel Mistage/STYLIZED Low Poly Fantasy Bundle/STYLIZED Fantasy Village - Low Poly 3D Art/Materials/ROOF_COLOR_VARIATION/ROOF_BRICK.mat","Assets/BornToDig/PrefabGallery/GalleryMaterials/ROOF_BRICK_a116e8d3_Transparent.mat","ROOF_BRICK","Universal Render Pipeline/2D/Mesh2D-Lit-Default","Universal Render Pipeline/Lit"
"gallery_copy_applied","urp_2d_shader_on_3d_renderer","Assets/Daniel Mistage/STYLIZED Low Poly Fantasy Bundle/STYLIZED Fantasy Village - Low Poly 3D Art/Prefabs/Buildings/Preset Buildings/Fake Buildings/SFV_Building_Empty_6 1.prefab","Assets/Daniel Mistage/STYLIZED Low Poly Fantasy Bundle/STYLIZED Fantasy Village - Low Poly 3D Art/Materials/ROOF_COLOR_VARIATION/ROOF_BRICK.mat","Assets/BornToDig/PrefabGallery/GalleryMaterials/ROOF_BRICK_a116e8d3_Transparent.mat","ROOF_BRICK","Universal Render Pipeline/2D/Mesh2D-Lit-Default","Universal Render Pipeline/Lit"
"gallery_copy_applied","urp_2d_shader_on_3d_renderer","Assets/Daniel Mistage/STYLIZED Low Poly Fantasy Bundle/STYLIZED Fantasy Village - Low Poly 3D Art/Prefabs/Buildings/Preset Buildings/SFV_Building_1 (1).prefab","Assets/Daniel Mistage/STYLIZED Low Poly Fantasy Bundle/STYLIZED Fantasy Village - Low Poly 3D Art/Materials/ROOF_COLOR_VARIATION/ROOF_BRICK.mat","Assets/BornToDig/PrefabGallery/GalleryMaterials/ROOF_BRICK_a116e8d3_Transparent.mat","ROOF_BRICK","Universal Render Pipeline/2D/Mesh2D-Lit-Default","Universal Render Pipeline/Lit"
"gallery_copy_applied","urp_2d_shader_on_3d_renderer","Assets/Daniel Mistage/STYLIZED Low Poly Fantasy Bundle/STYLIZED Fantasy Village - Low Poly 3D Art/Prefabs/Buildings/Preset Buildings/SFV_Building_1 (1).prefab","Assets/Daniel Mistage/STYLIZED Low Poly Fantasy Bundle/STYLIZED Fantasy Village - Low Poly 3D Art/Materials/ROOF_COLOR_VARIATION/ROOF_BRICK.mat","Assets/BornToDig/PrefabGallery/GalleryMaterials/ROOF_BRICK_a116e8d3_Transparent.mat","ROOF_BRICK","Universal Render Pipeline/2D/Mesh2D-Lit-Default","Universal Render Pipeline/Lit"
"gallery_copy_applied","urp_2d_shader_on_3d_renderer","Assets/Daniel Mistage/STYLIZED Low Poly Fantasy Bundle/STYLIZED Fantasy Village - Low Poly 3D Art/Prefabs/Buildings/Preset Buildings/SFV_Building_1 (1).prefab","Assets/Daniel Mistage/STYLIZED Low Poly Fantasy Bundle/STYLIZED Fantasy Village - Low Poly 3D Art/Materials/ROOF_COLOR_VARIATION/ROOF_BRICK.mat","Assets/BornToDig/PrefabGallery/GalleryMaterials/ROOF_BRICK_a116e8d3_Transparent.mat","ROOF_BRICK","Universal Render Pipeline/2D/Mesh2D-Lit-Default","Universal Render Pipeline/Lit"
"gallery_copy_applied","urp_2d_shader_on_3d_renderer","Assets/Daniel Mistage/STYLIZED Low Poly Fantasy Bundle/STYLIZED Fantasy Village - Low Poly 3D Art/Prefabs/Buildings/Preset Buildings/SFV_Building_1 (1).prefab","Assets/Daniel Mistage/STYLIZED Low Poly Fantasy Bundle/STYLIZED Fantasy Village - Low Poly 3D Art/Materials/ROOF_COLOR_VARIATION/ROOF_BRICK.mat","Assets/BornToDig/PrefabGallery/GalleryMaterials/ROOF_BRICK_a116e8d3_Transparent.mat","ROOF_BRICK","Universal Render Pipeline/2D/Mesh2D-Lit-Default","Universal Render Pipeline/Lit"
"gallery_copy_applied","urp_2d_shader_on_3d_renderer","Assets/Daniel Mistage/STYLIZED Low Poly Fantasy Bundle/STYLIZED Fantasy Village - Low Poly 3D Art/Prefabs/Buildings/Preset Buildings/SFV_Building_1 (1).prefab","Assets/Daniel Mistage/STYLIZED Low Poly Fantasy Bundle/STYLIZED Fantasy Village - Low Poly 3D Art/Materials/ROOF_COLOR_VARIATION/ROOF_BRICK.mat","Assets/BornToDig/PrefabGallery/GalleryMaterials/ROOF_BRICK_a116e8d3_Transparent.mat","ROOF_BRICK","Universal Render Pipeline/2D/Mesh2D-Lit-Default","Universal Render Pipeline/Lit"
"gallery_copy_applied","urp_2d_shader_on_3d_renderer","Assets/Daniel Mistage/STYLIZED Low Poly Fantasy Bundle/STYLIZED Fantasy Village - Low Poly 3D Art/Prefabs/Buildings/Preset Buildings/SFV_Building_1 (1).prefab","Assets/Daniel Mistage/STYLIZED Low Poly Fantasy Bundle/STYLIZED Fantasy Village - Low Poly 3D Art/Materials/ROOF_COLOR_VARIATION/ROOF_BRICK.mat","Assets/BornToDig/PrefabGallery/GalleryMaterials/ROOF_BRICK_a116e8d3_Transparent.mat","ROOF_BRICK","Universal Render Pipeline/2D/Mesh2D-Lit-Default","Universal Render Pipeline/Lit"
"gallery_copy_applied","urp_2d_shader_on_3d_renderer","Assets/Daniel Mistage/STYLIZED Low Poly Fantasy Bundle/STYLIZED Fantasy Village - Low Poly 3D Art/Prefabs/Buildings/Preset Buildings/SFV_Building_1 (1).prefab","Assets/Daniel Mistage/STYLIZED Low Poly Fantasy Bundle/STYLIZED Fantasy Village - Low Poly 3D Art/Materials/ROOF_COLOR_VARIATION/ROOF_BRICK.mat","Assets/BornToDig/PrefabGallery/GalleryMaterials/ROOF_BRICK_a116e8d3_Transparent.mat","ROOF_BRICK","Universal Render Pipeline/2D/Mesh2D-Lit-Default","Universal Render Pipeline/Lit"
"gallery_copy_applied","urp_2d_shader_on_3d_renderer","Assets/Daniel Mistage/STYLIZED Low Poly Fantasy Bundle/STYLIZED Fantasy Village - Low Poly 3D Art/Prefabs/Buildings/Preset Buildings/SFV_Building_1 (1).prefab","Assets/Daniel Mistage/STYLIZED Low Poly Fantasy Bundle/STYLIZED Fantasy Village - Low Poly 3D Art/Materials/ROOF_COLOR_VARIATION/ROOF_BRICK.mat","Assets/BornToDig/PrefabGallery/GalleryMaterials/ROOF_BRICK_a116e8d3_Transparent.mat","ROOF_BRICK","Universal Render Pipeline/2D/Mesh2D-Lit-Default","Universal Render Pipeline/Lit"
"gallery_copy_applied","urp_2d_shader_on_3d_renderer","Assets/Daniel Mistage/STYLIZED Low Poly Fantasy Bundle/STYLIZED Fantasy Village - Low Poly 3D Art/Prefabs/Buildings/Preset Buildings/SFV_Building_1 (1).prefab","Assets/Daniel Mistage/STYLIZED Low Poly Fantasy Bundle/STYLIZED Fantasy Village - Low Poly 3D Art/Materials/ROOF_COLOR_VARIATION/ROOF_BRICK.mat","Assets/BornToDig/PrefabGallery/GalleryMaterials/ROOF_BRICK_a116e8d3_Transparent.mat","ROOF_BRICK","Universal Render Pipeline/2D/Mesh2D-Lit-Default","Universal Render Pipeline/Lit"
"gallery_copy_applied","urp_2d_shader_on_3d_renderer","Assets/Daniel Mistage/STYLIZED Low Poly Fantasy Bundle/STYLIZED Fantasy Village - Low Poly 3D Art/Prefabs/Buildings/Preset Buildings/SFV_Building_1 (1).prefab","Assets/Daniel Mistage/STYLIZED Low Poly Fantasy Bundle/STYLIZED Fantasy Village - Low Poly 3D Art/Materials/ROOF_COLOR_VARIATION/ROOF_BRICK.mat","Assets/BornToDig/PrefabGallery/GalleryMaterials/ROOF_BRICK_a116e8d3_Transparent.mat","ROOF_BRICK","Universal Render Pipeline/2D/Mesh2D-Lit-Default","Universal Render Pipeline/Lit"
"gallery_copy_applied","urp_2d_shader_on_3d_renderer","Assets/Daniel Mistage/STYLIZED Low Poly Fantasy Bundle/STYLIZED Fantasy Village - Low Poly 3D Art/Prefabs/Buildings/Preset Buildings/SFV_Building_1 (1).prefab","Assets/Daniel Mistage/STYLIZED Low Poly Fantasy Bundle/STYLIZED Fantasy Village - Low Poly 3D Art/Materials/ROOF_COLOR_VARIATION/ROOF_BRICK.mat","Assets/BornToDig/PrefabGallery/GalleryMaterials/ROOF_BRICK_a116e8d3_Transparent.mat","ROOF_BRICK","Universal Render Pipeline/2D/Mesh2D-Lit-Default","Universal Render Pipeline/Lit"
"gallery_copy_applied","urp_2d_shader_on_3d_renderer","Assets/Daniel Mistage/STYLIZED Low Poly Fantasy Bundle/STYLIZED Fantasy Village - Low Poly 3D Art/Prefabs/Buildings/Preset Buildings/SFV_Building_1 (1).prefab","Assets/Daniel Mistage/STYLIZED Low Poly Fantasy Bundle/STYLIZED Fantasy Village - Low Poly 3D Art/Materials/ROOF_COLOR_VARIATION/ROOF_BRICK.mat","Assets/BornToDig/PrefabGallery/GalleryMaterials/ROOF_BRICK_a116e8d3_Transparent.mat","ROOF_BRICK","Universal Render Pipeline/2D/Mesh2D-Lit-Default","Universal Render Pipeline/Lit"
"gallery_copy_applied","urp_2d_shader_on_3d_renderer","Assets/Daniel Mistage/STYLIZED Low Poly Fantasy Bundle/STYLIZED Fantasy Village - Low Poly 3D Art/Prefabs/Buildings/Preset Buildings/SFV_Building_1 (1).prefab","Assets/Daniel Mistage/STYLIZED Low Poly Fantasy Bundle/STYLIZED Fantasy Village - Low Poly 3D Art/Materials/ROOF_COLOR_VARIATION/ROOF_BRICK.mat","Assets/BornToDig/PrefabGallery/GalleryMaterials/ROOF_BRICK_a116e8d3_Transparent.mat","ROOF_BRICK","Universal Render Pipeline/2D/Mesh2D-Lit-Default","Universal Render Pipeline/Lit"
"gallery_copy_applied","urp_2d_shader_on_3d_renderer","Assets/Daniel Mistage/STYLIZED Low Poly Fantasy Bundle/STYLIZED Fantasy Village - Low Poly 3D Art/Prefabs/Buildings/Preset Buildings/SFV_Building_1 (1).prefab","Assets/Daniel Mistage/STYLIZED Low Poly Fantasy Bundle/STYLIZED Fantasy Village - Low Poly 3D Art/Materials/ROOF_COLOR_VARIATION/ROOF_BRICK.mat","Assets/BornToDig/PrefabGallery/GalleryMaterials/ROOF_BRICK_a116e8d3_Transparent.mat","ROOF_BRICK","Universal Render Pipeline/2D/Mesh2D-Lit-Default","Universal Render Pipeline/Lit"
"gallery_copy_applied","urp_2d_shader_on_3d_renderer","Assets/Daniel Mistage/STYLIZED Low Poly Fantasy Bundle/STYLIZED Fantasy Village - Low Poly 3D Art/Prefabs/Buildings/Preset Buildings/SFV_Building_1 (1).prefab","Assets/Daniel Mistage/STYLIZED Low Poly Fantasy Bundle/STYLIZED Fantasy Village - Low Poly 3D Art/Materials/ROOF_COLOR_VARIATION/ROOF_BRICK.mat","Assets/BornToDig/PrefabGallery/GalleryMaterials/ROOF_BRICK_a116e8d3_Transparent.mat","ROOF_BRICK","Universal Render Pipeline/2D/Mesh2D-Lit-Default","Universal Render Pipeline/Lit"
"gallery_copy_applied","urp_2d_shader_on_3d_renderer","Assets/Daniel Mistage/STYLIZED Low Poly Fantasy Bundle/STYLIZED Fantasy Village - Low Poly 3D Art/Prefabs/Buildings/Preset Buildings/SFV_Building_1 (1).prefab","Assets/Daniel Mistage/STYLIZED Low Poly Fantasy Bundle/STYLIZED Fantasy Village - Low Poly 3D Art/Materials/ROOF_COLOR_VARIATION/ROOF_BRICK.mat","Assets/BornToDig/PrefabGallery/GalleryMaterials/ROOF_BRICK_a116e8d3_Transparent.mat","ROOF_BRICK","Universal Render Pipeline/2D/Mesh2D-Lit-Default","Universal Render Pipeline/Lit"
"gallery_copy_applied","urp_2d_shader_on_3d_renderer","Assets/Daniel Mistage/STYLIZED Low Poly Fantasy Bundle/STYLIZED Fantasy Village - Low Poly 3D Art/Prefabs/Buildings/Preset Buildings/SFV_Building_1 (1).prefab","Assets/Daniel Mistage/STYLIZED Low Poly Fantasy Bundle/STYLIZED Fantasy Village - Low Poly 3D Art/Materials/ROOF_COLOR_VARIATION/ROOF_BRICK.mat","Assets/BornToDig/PrefabGallery/GalleryMaterials/ROOF_BRICK_a116e8d3_Transparent.mat","ROOF_BRICK","Universal Render Pipeline/2D/Mesh2D-Lit-Default","Universal Render Pipeline/Lit"
"gallery_copy_applied","urp_2d_shader_on_3d_renderer","Assets/Daniel Mistage/STYLIZED Low Poly Fantasy Bundle/STYLIZED Fantasy Village - Low Poly 3D Art/Prefabs/Buildings/Preset Buildings/SFV_Building_1 (1).prefab","Assets/Daniel Mistage/STYLIZED Low Poly Fantasy Bundle/STYLIZED Fantasy Village - Low Poly 3D Art/Materials/ROOF_COLOR_VARIATION/ROOF_BRICK.mat","Assets/BornToDig/PrefabGallery/GalleryMaterials/ROOF_BRICK_a116e8d3_Transparent.mat","ROOF_BRICK","Universal Render Pipeline/2D/Mesh2D-Lit-Default","Universal Render Pipeline/Lit"
"gallery_copy_applied","urp_2d_shader_on_3d_renderer","Assets/Daniel Mistage/STYLIZED Low Poly Fantasy Bundle/STYLIZED Fantasy Village - Low Poly 3D Art/Prefabs/Buildings/Preset Buildings/SFV_Building_1 (1).prefab","Assets/Daniel Mistage/STYLIZED Low Poly Fantasy Bundle/STYLIZED Fantasy Village - Low Poly 3D Art/Materials/ROOF_COLOR_VARIATION/ROOF_BRICK.mat","Assets/BornToDig/PrefabGallery/GalleryMaterials/ROOF_BRICK_a116e8d3_Transparent.mat","ROOF_BRICK","Universal Render Pipeline/2D/Mesh2D-Lit-Default","Universal Render Pipeline/Lit"
"gallery_copy_applied","urp_2d_shader_on_3d_renderer","Assets/Daniel Mistage/STYLIZED Low Poly Fantasy Bundle/STYLIZED Fantasy Village - Low Poly 3D Art/Prefabs/Buildings/Preset Buildings/SFV_Building_1 (1).prefab","Assets/Daniel Mistage/STYLIZED Low Poly Fantasy Bundle/STYLIZED Fantasy Village - Low Poly 3D Art/Materials/ROOF_COLOR_VARIATION/ROOF_BRICK.mat","Assets/BornToDig/PrefabGallery/GalleryMaterials/ROOF_BRICK_a116e8d3_Transparent.mat","ROOF_BRICK","Universal Render Pipeline/2D/Mesh2D-Lit-Default","Universal Render Pipeline/Lit"
"gallery_copy_applied","urp_2d_shader_on_3d_renderer","Assets/Daniel Mistage/STYLIZED Low Poly Fantasy Bundle/STYLIZED Fantasy Village - Low Poly 3D Art/Prefabs/Buildings/Preset Buildings/SFV_Building_1 (1).prefab","Assets/Daniel Mistage/STYLIZED Low Poly Fantasy Bundle/STYLIZED Fantasy Village - Low Poly 3D Art/Materials/ROOF_COLOR_VARIATION/ROOF_BRICK.mat","Assets/BornToDig/PrefabGallery/GalleryMaterials/ROOF_BRICK_a116e8d3_Transparent.mat","ROOF_BRICK","Universal Render Pipeline/2D/Mesh2D-Lit-Default","Universal Render Pipeline/Lit"
"gallery_copy_applied","urp_2d_shader_on_3d_renderer","Assets/Daniel Mistage/STYLIZED Low Poly Fantasy Bundle/STYLIZED Fantasy Village - Low Poly 3D Art/Prefabs/Buildings/Preset Buildings/SFV_Building_2 (1).prefab","Assets/Daniel Mistage/STYLIZED Low Poly Fantasy Bundle/STYLIZED Fantasy Village - Low Poly 3D Art/Materials/ROOF_COLOR_VARIATION/ROOF_BRICK.mat","Assets/BornToDig/PrefabGallery/GalleryMaterials/ROOF_BRICK_a116e8d3_Transparent.mat","ROOF_BRICK","Universal Render Pipeline/2D/Mesh2D-Lit-Default","Universal Render Pipeline/Lit"
"gallery_copy_applied","urp_2d_shader_on_3d_renderer","Assets/Daniel Mistage/STYLIZED Low Poly Fantasy Bundle/STYLIZED Fantasy Village - Low Poly 3D Art/Prefabs/Buildings/Preset Buildings/SFV_Building_2 (1).prefab","Assets/Daniel Mistage/STYLIZED Low Poly Fantasy Bundle/STYLIZED Fantasy Village - Low Poly 3D Art/Materials/ROOF_COLOR_VARIATION/ROOF_BRICK.mat","Assets/BornToDig/PrefabGallery/GalleryMaterials/ROOF_BRICK_a116e8d3_Transparent.mat","ROOF_BRICK","Universal Render Pipeline/2D/Mesh2D-Lit-Default","Universal Render Pipeline/Lit"
"gallery_copy_applied","urp_2d_shader_on_3d_renderer","Assets/Daniel Mistage/STYLIZED Low Poly Fantasy Bundle/STYLIZED Fantasy Village - Low Poly 3D Art/Prefabs/Buildings/Preset Buildings/SFV_Building_2 (1).prefab","Assets/Daniel Mistage/STYLIZED Low Poly Fantasy Bundle/STYLIZED Fantasy Village - Low Poly 3D Art/Materials/ROOF_COLOR_VARIATION/ROOF_BRICK.mat","Assets/BornToDig/PrefabGallery/GalleryMaterials/ROOF_BRICK_a116e8d3_Transparent.mat","ROOF_BRICK","Universal Render Pipeline/2D/Mesh2D-Lit-Default","Universal Render Pipeline/Lit"
"gallery_copy_applied","urp_2d_shader_on_3d_renderer","Assets/Daniel Mistage/STYLIZED Low Poly Fantasy Bundle/STYLIZED Fantasy Village - Low Poly 3D Art/Prefabs/Buildings/Preset Buildings/SFV_Building_2 (1).prefab","Assets/Daniel Mistage/STYLIZED Low Poly Fantasy Bundle/STYLIZED Fantasy Village - Low Poly 3D Art/Materials/ROOF_COLOR_VARIATION/ROOF_BRICK.mat","Assets/BornToDig/PrefabGallery/GalleryMaterials/ROOF_BRICK_a116e8d3_Transparent.mat","ROOF_BRICK","Universal Render Pipeline/2D/Mesh2D-Lit-Default","Universal Render Pipeline/Lit"
"gallery_copy_applied","urp_2d_shader_on_3d_renderer","Assets/Daniel Mistage/STYLIZED Low Poly Fantasy Bundle/STYLIZED Fantasy Village - Low Poly 3D Art/Prefabs/Buildings/Preset Buildings/SFV_Building_2 (1).prefab","Assets/Daniel Mistage/STYLIZED Low Poly Fantasy Bundle/STYLIZED Fantasy Village - Low Poly 3D Art/Materials/ROOF_COLOR_VARIATION/ROOF_BRICK.mat","Assets/BornToDig/PrefabGallery/GalleryMaterials/ROOF_BRICK_a116e8d3_Transparent.mat","ROOF_BRICK","Universal Render Pipeline/2D/Mesh2D-Lit-Default","Universal Render Pipeline/Lit"
"gallery_copy_applied","urp_2d_shader_on_3d_renderer","Assets/Daniel Mistage/STYLIZED Low Poly Fantasy Bundle/STYLIZED Fantasy Village - Low Poly 3D Art/Prefabs/Buildings/Preset Buildings/SFV_Building_2 (1).prefab","Assets/Daniel Mistage/STYLIZED Low Poly Fantasy Bundle/STYLIZED Fantasy Village - Low Poly 3D Art/Materials/ROOF_COLOR_VARIATION/ROOF_BRICK.mat","Assets/BornToDig/PrefabGallery/GalleryMaterials/ROOF_BRICK_a116e8d3_Transparent.mat","ROOF_BRICK","Universal Render Pipeline/2D/Mesh2D-Lit-Default","Universal Render Pipeline/Lit"
"gallery_copy_applied","urp_2d_shader_on_3d_renderer","Assets/Daniel Mistage/STYLIZED Low Poly Fantasy Bundle/STYLIZED Fantasy Village - Low Poly 3D Art/Prefabs/Buildings/Preset Buildings/SFV_Building_2 (1).prefab","Assets/Daniel Mistage/STYLIZED Low Poly Fantasy Bundle/STYLIZED Fantasy Village - Low Poly 3D Art/Materials/ROOF_COLOR_VARIATION/ROOF_BRICK.mat","Assets/BornToDig/PrefabGallery/GalleryMaterials/ROOF_BRICK_a116e8d3_Transparent.mat","ROOF_BRICK","Universal Render Pipeline/2D/Mesh2D-Lit-Default","Universal Render Pipeline/Lit"
"gallery_copy_applied","urp_2d_shader_on_3d_renderer","Assets/Daniel Mistage/STYLIZED Low Poly Fantasy Bundle/STYLIZED Fantasy Village - Low Poly 3D Art/Prefabs/Buildings/Preset Buildings/SFV_Building_2 (1).prefab","Assets/Daniel Mistage/STYLIZED Low Poly Fantasy Bundle/STYLIZED Fantasy Village - Low Poly 3D Art/Materials/ROOF_COLOR_VARIATION/ROOF_BRICK.mat","Assets/BornToDig/PrefabGallery/GalleryMaterials/ROOF_BRICK_a116e8d3_Transparent.mat","ROOF_BRICK","Universal Render Pipeline/2D/Mesh2D-Lit-Default","Universal Render Pipeline/Lit"
"gallery_copy_applied","urp_2d_shader_on_3d_renderer","Assets/Daniel Mistage/STYLIZED Low Poly Fantasy Bundle/STYLIZED Fantasy Village - Low Poly 3D Art/Prefabs/Buildings/Preset Buildings/SFV_Building_2 (1).prefab","Assets/Daniel Mistage/STYLIZED Low Poly Fantasy Bundle/STYLIZED Fantasy Village - Low Poly 3D Art/Materials/ROOF_COLOR_VARIATION/ROOF_BRICK.mat","Assets/BornToDig/PrefabGallery/GalleryMaterials/ROOF_BRICK_a116e8d3_Transparent.mat","ROOF_BRICK","Universal Render Pipeline/2D/Mesh2D-Lit-Default","Universal Render Pipeline/Lit"
"gallery_copy_applied","urp_2d_shader_on_3d_renderer","Assets/Daniel Mistage/STYLIZED Low Poly Fantasy Bundle/STYLIZED Fantasy Village - Low Poly 3D Art/Prefabs/Buildings/Preset Buildings/SFV_Building_2 (1).prefab","Assets/Daniel Mistage/STYLIZED Low Poly Fantasy Bundle/STYLIZED Fantasy Village - Low Poly 3D Art/Materials/ROOF_COLOR_VARIATION/ROOF_BRICK.mat","Assets/BornToDig/PrefabGallery/GalleryMaterials/ROOF_BRICK_a116e8d3_Transparent.mat","ROOF_BRICK","Universal Render Pipeline/2D/Mesh2D-Lit-Default","Universal Render Pipeline/Lit"
"gallery_copy_applied","urp_2d_shader_on_3d_renderer","Assets/Daniel Mistage/STYLIZED Low Poly Fantasy Bundle/STYLIZED Fantasy Village - Low Poly 3D Art/Prefabs/Buildings/Preset Buildings/SFV_Building_2 (1).prefab","Assets/Daniel Mistage/STYLIZED Low Poly Fantasy Bundle/STYLIZED Fantasy Village - Low Poly 3D Art/Materials/ROOF_COLOR_VARIATION/ROOF_BRICK.mat","Assets/BornToDig/PrefabGallery/GalleryMaterials/ROOF_BRICK_a116e8d3_Transparent.mat","ROOF_BRICK","Universal Render Pipeline/2D/Mesh2D-Lit-Default","Universal Render Pipeline/Lit"
"gallery_copy_applied","urp_2d_shader_on_3d_renderer","Assets/Daniel Mistage/STYLIZED Low Poly Fantasy Bundle/STYLIZED Fantasy Village - Low Poly 3D Art/Prefabs/Buildings/Preset Buildings/SFV_Building_2 (1).prefab","Assets/Daniel Mistage/STYLIZED Low Poly Fantasy Bundle/STYLIZED Fantasy Village - Low Poly 3D Art/Materials/ROOF_COLOR_VARIATION/ROOF_BRICK.mat","Assets/BornToDig/PrefabGallery/GalleryMaterials/ROOF_BRICK_a116e8d3_Transparent.mat","ROOF_BRICK","Universal Render Pipeline/2D/Mesh2D-Lit-Default","Universal Render Pipeline/Lit"
"gallery_copy_applied","urp_2d_shader_on_3d_renderer","Assets/Daniel Mistage/STYLIZED Low Poly Fantasy Bundle/STYLIZED Fantasy Village - Low Poly 3D Art/Prefabs/Buildings/Preset Buildings/SFV_Building_2 (1).prefab","Assets/Daniel Mistage/STYLIZED Low Poly Fantasy Bundle/STYLIZED Fantasy Village - Low Poly 3D Art/Materials/ROOF_COLOR_VARIATION/ROOF_BRICK.mat","Assets/BornToDig/PrefabGallery/GalleryMaterials/ROOF_BRICK_a116e8d3_Transparent.mat","ROOF_BRICK","Universal Render Pipeline/2D/Mesh2D-Lit-Default","Universal Render Pipeline/Lit"
"gallery_copy_applied","urp_2d_shader_on_3d_renderer","Assets/Daniel Mistage/STYLIZED Low Poly Fantasy Bundle/STYLIZED Fantasy Village - Low Poly 3D Art/Prefabs/Buildings/Preset Buildings/SFV_Building_2 (1).prefab","Assets/Daniel Mistage/STYLIZED Low Poly Fantasy Bundle/STYLIZED Fantasy Village - Low Poly 3D Art/Materials/ROOF_COLOR_VARIATION/ROOF_BRICK.mat","Assets/BornToDig/PrefabGallery/GalleryMaterials/ROOF_BRICK_a116e8d3_Transparent.mat","ROOF_BRICK","Universal Render Pipeline/2D/Mesh2D-Lit-Default","Universal Render Pipeline/Lit"
"gallery_copy_applied","urp_2d_shader_on_3d_renderer","Assets/Daniel Mistage/STYLIZED Low Poly Fantasy Bundle/STYLIZED Fantasy Village - Low Poly 3D Art/Prefabs/Buildings/Preset Buildings/SFV_Building_2 (1).prefab","Assets/Daniel Mistage/STYLIZED Low Poly Fantasy Bundle/STYLIZED Fantasy Village - Low Poly 3D Art/Materials/ROOF_COLOR_VARIATION/ROOF_BRICK.mat","Assets/BornToDig/PrefabGallery/GalleryMaterials/ROOF_BRICK_a116e8d3_Transparent.mat","ROOF_BRICK","Universal Render Pipeline/2D/Mesh2D-Lit-Default","Universal Render Pipeline/Lit"
"gallery_copy_applied","urp_2d_shader_on_3d_renderer","Assets/Daniel Mistage/STYLIZED Low Poly Fantasy Bundle/STYLIZED Fantasy Village - Low Poly 3D Art/Prefabs/Buildings/Preset Buildings/SFV_Building_2 (1).prefab","Assets/Daniel Mistage/STYLIZED Low Poly Fantasy Bundle/STYLIZED Fantasy Village - Low Poly 3D Art/Materials/ROOF_COLOR_VARIATION/ROOF_BRICK.mat","Assets/BornToDig/PrefabGallery/GalleryMaterials/ROOF_BRICK_a116e8d3_Transparent.mat","ROOF_BRICK","Universal Render Pipeline/2D/Mesh2D-Lit-Default","Universal Render Pipeline/Lit"
"gallery_copy_applied","urp_2d_shader_on_3d_renderer","Assets/Daniel Mistage/STYLIZED Low Poly Fantasy Bundle/STYLIZED Fantasy Village - Low Poly 3D Art/Prefabs/Buildings/Preset Buildings/SFV_Building_2 (1).prefab","Assets/Daniel Mistage/STYLIZED Low Poly Fantasy Bundle/STYLIZED Fantasy Village - Low Poly 3D Art/Materials/ROOF_COLOR_VARIATION/ROOF_BRICK.mat","Assets/BornToDig/PrefabGallery/GalleryMaterials/ROOF_BRICK_a116e8d3_Transparent.mat","ROOF_BRICK","Universal Render Pipeline/2D/Mesh2D-Lit-Default","Universal Render Pipeline/Lit"
"gallery_copy_applied","urp_2d_shader_on_3d_renderer","Assets/Daniel Mistage/STYLIZED Low Poly Fantasy Bundle/STYLIZED Fantasy Village - Low Poly 3D Art/Prefabs/Buildings/Preset Buildings/SFV_Building_2 (1).prefab","Assets/Daniel Mistage/STYLIZED Low Poly Fantasy Bundle/STYLIZED Fantasy Village - Low Poly 3D Art/Materials/ROOF_COLOR_VARIATION/ROOF_BRICK.mat","Assets/BornToDig/PrefabGallery/GalleryMaterials/ROOF_BRICK_a116e8d3_Transparent.mat","ROOF_BRICK","Universal Render Pipeline/2D/Mesh2D-Lit-Default","Universal Render Pipeline/Lit"
"gallery_copy_applied","urp_2d_shader_on_3d_renderer","Assets/Daniel Mistage/STYLIZED Low Poly Fantasy Bundle/STYLIZED Fantasy Village - Low Poly 3D Art/Prefabs/Buildings/Preset Buildings/SFV_Building_2 (1).prefab","Assets/Daniel Mistage/STYLIZED Low Poly Fantasy Bundle/STYLIZED Fantasy Village - Low Poly 3D Art/Materials/ROOF_COLOR_VARIATION/ROOF_BRICK.mat","Assets/BornToDig/PrefabGallery/GalleryMaterials/ROOF_BRICK_a116e8d3_Transparent.mat","ROOF_BRICK","Universal Render Pipeline/2D/Mesh2D-Lit-Default","Universal Render Pipeline/Lit"
"gallery_copy_applied","urp_2d_shader_on_3d_renderer","Assets/Daniel Mistage/STYLIZED Low Poly Fantasy Bundle/STYLIZED Fantasy Village - Low Poly 3D Art/Prefabs/Buildings/Preset Buildings/SFV_Building_2 (1).prefab","Assets/Daniel Mistage/STYLIZED Low Poly Fantasy Bundle/STYLIZED Fantasy Village - Low Poly 3D Art/Materials/ROOF_COLOR_VARIATION/ROOF_BRICK.mat","Assets/BornToDig/PrefabGallery/GalleryMaterials/ROOF_BRICK_a116e8d3_Transparent.mat","ROOF_BRICK","Universal Render Pipeline/2D/Mesh2D-Lit-Default","Universal Render Pipeline/Lit"
"gallery_copy_applied","urp_2d_shader_on_3d_renderer","Assets/Daniel Mistage/STYLIZED Low Poly Fantasy Bundle/STYLIZED Fantasy Village - Low Poly 3D Art/Prefabs/Buildings/Preset Buildings/SFV_Building_2 (1).prefab","Assets/Daniel Mistage/STYLIZED Low Poly Fantasy Bundle/STYLIZED Fantasy Village - Low Poly 3D Art/Materials/ROOF_COLOR_VARIATION/ROOF_BRICK.mat","Assets/BornToDig/PrefabGallery/GalleryMaterials/ROOF_BRICK_a116e8d3_Transparent.mat","ROOF_BRICK","Universal Render Pipeline/2D/Mesh2D-Lit-Default","Universal Render Pipeline/Lit"
"gallery_copy_applied","urp_2d_shader_on_3d_renderer","Assets/Daniel Mistage/STYLIZED Low Poly Fantasy Bundle/STYLIZED Fantasy Village - Low Poly 3D Art/Prefabs/Buildings/Preset Buildings/SFV_Building_2 (1).prefab","Assets/Daniel Mistage/STYLIZED Low Poly Fantasy Bundle/STYLIZED Fantasy Village - Low Poly 3D Art/Materials/ROOF_COLOR_VARIATION/ROOF_BRICK.mat","Assets/BornToDig/PrefabGallery/GalleryMaterials/ROOF_BRICK_a116e8d3_Transparent.mat","ROOF_BRICK","Universal Render Pipeline/2D/Mesh2D-Lit-Default","Universal Render Pipeline/Lit"
"gallery_copy_applied","urp_2d_shader_on_3d_renderer","Assets/Daniel Mistage/STYLIZED Low Poly Fantasy Bundle/STYLIZED Fantasy Village - Low Poly 3D Art/Prefabs/Buildings/Preset Buildings/SFV_Building_3 (1).prefab","Assets/Daniel Mistage/STYLIZED Low Poly Fantasy Bundle/STYLIZED Fantasy Village - Low Poly 3D Art/Materials/ROOF_COLOR_VARIATION/ROOF_BRICK.mat","Assets/BornToDig/PrefabGallery/GalleryMaterials/ROOF_BRICK_a116e8d3_Transparent.mat","ROOF_BRICK","Universal Render Pipeline/2D/Mesh2D-Lit-Default","Universal Render Pipeline/Lit"
"gallery_copy_applied","urp_2d_shader_on_3d_renderer","Assets/Daniel Mistage/STYLIZED Low Poly Fantasy Bundle/STYLIZED Fantasy Village - Low Poly 3D Art/Prefabs/Buildings/Preset Buildings/SFV_Building_3 (1).prefab","Assets/Daniel Mistage/STYLIZED Low Poly Fantasy Bundle/STYLIZED Fantasy Village - Low Poly 3D Art/Materials/ROOF_COLOR_VARIATION/ROOF_BRICK.mat","Assets/BornToDig/PrefabGallery/GalleryMaterials/ROOF_BRICK_a116e8d3_Transparent.mat","ROOF_BRICK","Universal Render Pipeline/2D/Mesh2D-Lit-Default","Universal Render Pipeline/Lit"
"gallery_copy_applied","urp_2d_shader_on_3d_renderer","Assets/Daniel Mistage/STYLIZED Low Poly Fantasy Bundle/STYLIZED Fantasy Village - Low Poly 3D Art/Prefabs/Buildings/Preset Buildings/SFV_Building_3 (1).prefab","Assets/Daniel Mistage/STYLIZED Low Poly Fantasy Bundle/STYLIZED Fantasy Village - Low Poly 3D Art/Materials/ROOF_COLOR_VARIATION/ROOF_BRICK.mat","Assets/BornToDig/PrefabGallery/GalleryMaterials/ROOF_BRICK_a116e8d3_Transparent.mat","ROOF_BRICK","Universal Render Pipeline/2D/Mesh2D-Lit-Default","Universal Render Pipeline/Lit"
"gallery_copy_applied","urp_2d_shader_on_3d_renderer","Assets/Daniel Mistage/STYLIZED Low Poly Fantasy Bundle/STYLIZED Fantasy Village - Low Poly 3D Art/Prefabs/Buildings/Preset Buildings/SFV_Building_3 (1).prefab","Assets/Daniel Mistage/STYLIZED Low Poly Fantasy Bundle/STYLIZED Fantasy Village - Low Poly 3D Art/Materials/ROOF_COLOR_VARIATION/ROOF_BRICK.mat","Assets/BornToDig/PrefabGallery/GalleryMaterials/ROOF_BRICK_a116e8d3_Transparent.mat","ROOF_BRICK","Universal Render Pipeline/2D/Mesh2D-Lit-Default","Universal Render Pipeline/Lit"
"gallery_copy_applied","urp_2d_shader_on_3d_renderer","Assets/Daniel Mistage/STYLIZED Low Poly Fantasy Bundle/STYLIZED Fantasy Village - Low Poly 3D Art/Prefabs/Buildings/Preset Buildings/SFV_Building_3 (1).prefab","Assets/Daniel Mistage/STYLIZED Low Poly Fantasy Bundle/STYLIZED Fantasy Village - Low Poly 3D Art/Materials/ROOF_COLOR_VARIATION/ROOF_BRICK.mat","Assets/BornToDig/PrefabGallery/GalleryMaterials/ROOF_BRICK_a116e8d3_Transparent.mat","ROOF_BRICK","Universal Render Pipeline/2D/Mesh2D-Lit-Default","Universal Render Pipeline/Lit"
"gallery_copy_applied","urp_2d_shader_on_3d_renderer","Assets/Daniel Mistage/STYLIZED Low Poly Fantasy Bundle/STYLIZED Fantasy Village - Low Poly 3D Art/Prefabs/Buildings/Preset Buildings/SFV_Building_3 (1).prefab","Assets/Daniel Mistage/STYLIZED Low Poly Fantasy Bundle/STYLIZED Fantasy Village - Low Poly 3D Art/Materials/ROOF_COLOR_VARIATION/ROOF_BRICK.mat","Assets/BornToDig/PrefabGallery/GalleryMaterials/ROOF_BRICK_a116e8d3_Transparent.mat","ROOF_BRICK","Universal Render Pipeline/2D/Mesh2D-Lit-Default","Universal Render Pipeline/Lit"
"gallery_copy_applied","urp_2d_shader_on_3d_renderer","Assets/Daniel Mistage/STYLIZED Low Poly Fantasy Bundle/STYLIZED Fantasy Village - Low Poly 3D Art/Prefabs/Buildings/Preset Buildings/SFV_Building_3 (1).prefab","Assets/Daniel Mistage/STYLIZED Low Poly Fantasy Bundle/STYLIZED Fantasy Village - Low Poly 3D Art/Materials/ROOF_COLOR_VARIATION/ROOF_BRICK.mat","Assets/BornToDig/PrefabGallery/GalleryMaterials/ROOF_BRICK_a116e8d3_Transparent.mat","ROOF_BRICK","Universal Render Pipeline/2D/Mesh2D-Lit-Default","Universal Render Pipeline/Lit"
"gallery_copy_applied","urp_2d_shader_on_3d_renderer","Assets/Daniel Mistage/STYLIZED Low Poly Fantasy Bundle/STYLIZED Fantasy Village - Low Poly 3D Art/Prefabs/Buildings/Preset Buildings/SFV_Building_3 (1).prefab","Assets/Daniel Mistage/STYLIZED Low Poly Fantasy Bundle/STYLIZED Fantasy Village - Low Poly 3D Art/Materials/ROOF_COLOR_VARIATION/ROOF_BRICK.mat","Assets/BornToDig/PrefabGallery/GalleryMaterials/ROOF_BRICK_a116e8d3_Transparent.mat","ROOF_BRICK","Universal Render Pipeline/2D/Mesh2D-Lit-Default","Universal Render Pipeline/Lit"
"gallery_copy_applied","urp_2d_shader_on_3d_renderer","Assets/Daniel Mistage/STYLIZED Low Poly Fantasy Bundle/STYLIZED Fantasy Village - Low Poly 3D Art/Prefabs/Buildings/Preset Buildings/SFV_Building_3 (1).prefab","Assets/Daniel Mistage/STYLIZED Low Poly Fantasy Bundle/STYLIZED Fantasy Village - Low Poly 3D Art/Materials/ROOF_COLOR_VARIATION/ROOF_BRICK.mat","Assets/BornToDig/PrefabGallery/GalleryMaterials/ROOF_BRICK_a116e8d3_Transparent.mat","ROOF_BRICK","Universal Render Pipeline/2D/Mesh2D-Lit-Default","Universal Render Pipeline/Lit"
"gallery_copy_applied","urp_2d_shader_on_3d_renderer","Assets/Daniel Mistage/STYLIZED Low Poly Fantasy Bundle/STYLIZED Fantasy Village - Low Poly 3D Art/Prefabs/Buildings/Preset Buildings/SFV_Building_3 (1).prefab","Assets/Daniel Mistage/STYLIZED Low Poly Fantasy Bundle/STYLIZED Fantasy Village - Low Poly 3D Art/Materials/ROOF_COLOR_VARIATION/ROOF_BRICK.mat","Assets/BornToDig/PrefabGallery/GalleryMaterials/ROOF_BRICK_a116e8d3_Transparent.mat","ROOF_BRICK","Universal Render Pipeline/2D/Mesh2D-Lit-Default","Universal Render Pipeline/Lit"
"gallery_copy_applied","urp_2d_shader_on_3d_renderer","Assets/Daniel Mistage/STYLIZED Low Poly Fantasy Bundle/STYLIZED Fantasy Village - Low Poly 3D Art/Prefabs/Buildings/Preset Buildings/SFV_Building_3 (1).prefab","Assets/Daniel Mistage/STYLIZED Low Poly Fantasy Bundle/STYLIZED Fantasy Village - Low Poly 3D Art/Materials/ROOF_COLOR_VARIATION/ROOF_BRICK.mat","Assets/BornToDig/PrefabGallery/GalleryMaterials/ROOF_BRICK_a116e8d3_Transparent.mat","ROOF_BRICK","Universal Render Pipeline/2D/Mesh2D-Lit-Default","Universal Render Pipeline/Lit"
"gallery_copy_applied","urp_2d_shader_on_3d_renderer","Assets/Daniel Mistage/STYLIZED Low Poly Fantasy Bundle/STYLIZED Fantasy Village - Low Poly 3D Art/Prefabs/Buildings/Preset Buildings/SFV_Building_3 (1).prefab","Assets/Daniel Mistage/STYLIZED Low Poly Fantasy Bundle/STYLIZED Fantasy Village - Low Poly 3D Art/Materials/ROOF_COLOR_VARIATION/ROOF_BRICK.mat","Assets/BornToDig/PrefabGallery/GalleryMaterials/ROOF_BRICK_a116e8d3_Transparent.mat","ROOF_BRICK","Universal Render Pipeline/2D/Mesh2D-Lit-Default","Universal Render Pipeline/Lit"
"gallery_copy_applied","urp_2d_shader_on_3d_renderer","Assets/Daniel Mistage/STYLIZED Low Poly Fantasy Bundle/STYLIZED Fantasy Village - Low Poly 3D Art/Prefabs/Buildings/Preset Buildings/SFV_Building_3 (1).prefab","Assets/Daniel Mistage/STYLIZED Low Poly Fantasy Bundle/STYLIZED Fantasy Village - Low Poly 3D Art/Materials/ROOF_COLOR_VARIATION/ROOF_BRICK.mat","Assets/BornToDig/PrefabGallery/GalleryMaterials/ROOF_BRICK_a116e8d3_Transparent.mat","ROOF_BRICK","Universal Render Pipeline/2D/Mesh2D-Lit-Default","Universal Render Pipeline/Lit"
"gallery_copy_applied","urp_2d_shader_on_3d_renderer","Assets/Daniel Mistage/STYLIZED Low Poly Fantasy Bundle/STYLIZED Fantasy Village - Low Poly 3D Art/Prefabs/Buildings/Preset Buildings/SFV_Building_3 (1).prefab","Assets/Daniel Mistage/STYLIZED Low Poly Fantasy Bundle/STYLIZED Fantasy Village - Low Poly 3D Art/Materials/ROOF_COLOR_VARIATION/ROOF_BRICK.mat","Assets/BornToDig/PrefabGallery/GalleryMaterials/ROOF_BRICK_a116e8d3_Transparent.mat","ROOF_BRICK","Universal Render Pipeline/2D/Mesh2D-Lit-Default","Universal Render Pipeline/Lit"
"gallery_copy_applied","urp_2d_shader_on_3d_renderer","Assets/Daniel Mistage/STYLIZED Low Poly Fantasy Bundle/STYLIZED Fantasy Village - Low Poly 3D Art/Prefabs/Buildings/Preset Buildings/SFV_Building_3 (1).prefab","Assets/Daniel Mistage/STYLIZED Low Poly Fantasy Bundle/STYLIZED Fantasy Village - Low Poly 3D Art/Materials/ROOF_COLOR_VARIATION/ROOF_BRICK.mat","Assets/BornToDig/PrefabGallery/GalleryMaterials/ROOF_BRICK_a116e8d3_Transparent.mat","ROOF_BRICK","Universal Render Pipeline/2D/Mesh2D-Lit-Default","Universal Render Pipeline/Lit"
"gallery_copy_applied","urp_2d_shader_on_3d_renderer","Assets/Daniel Mistage/STYLIZED Low Poly Fantasy Bundle/STYLIZED Fantasy Village - Low Poly 3D Art/Prefabs/Buildings/Preset Buildings/SFV_Building_3 (1).prefab","Assets/Daniel Mistage/STYLIZED Low Poly Fantasy Bundle/STYLIZED Fantasy Village - Low Poly 3D Art/Materials/ROOF_COLOR_VARIATION/ROOF_BRICK.mat","Assets/BornToDig/PrefabGallery/GalleryMaterials/ROOF_BRICK_a116e8d3_Transparent.mat","ROOF_BRICK","Universal Render Pipeline/2D/Mesh2D-Lit-Default","Universal Render Pipeline/Lit"
"gallery_copy_applied","urp_2d_shader_on_3d_renderer","Assets/Daniel Mistage/STYLIZED Low Poly Fantasy Bundle/STYLIZED Fantasy Village - Low Poly 3D Art/Prefabs/Buildings/Preset Buildings/SFV_Building_3 (1).prefab","Assets/Daniel Mistage/STYLIZED Low Poly Fantasy Bundle/STYLIZED Fantasy Village - Low Poly 3D Art/Materials/ROOF_COLOR_VARIATION/ROOF_BRICK.mat","Assets/BornToDig/PrefabGallery/GalleryMaterials/ROOF_BRICK_a116e8d3_Transparent.mat","ROOF_BRICK","Universal Render Pipeline/2D/Mesh2D-Lit-Default","Universal Render Pipeline/Lit"
"gallery_copy_applied","urp_2d_shader_on_3d_renderer","Assets/Daniel Mistage/STYLIZED Low Poly Fantasy Bundle/STYLIZED Fantasy Village - Low Poly 3D Art/Prefabs/Buildings/Preset Buildings/SFV_Building_3 (1).prefab","Assets/Daniel Mistage/STYLIZED Low Poly Fantasy Bundle/STYLIZED Fantasy Village - Low Poly 3D Art/Materials/ROOF_COLOR_VARIATION/ROOF_BRICK.mat","Assets/BornToDig/PrefabGallery/GalleryMaterials/ROOF_BRICK_a116e8d3_Transparent.mat","ROOF_BRICK","Universal Render Pipeline/2D/Mesh2D-Lit-Default","Universal Render Pipeline/Lit"
"gallery_copy_applied","urp_2d_shader_on_3d_renderer","Assets/Daniel Mistage/STYLIZED Low Poly Fantasy Bundle/STYLIZED Fantasy Village - Low Poly 3D Art/Prefabs/Buildings/Preset Buildings/SFV_Building_4 (1).prefab","Assets/Daniel Mistage/STYLIZED Low Poly Fantasy Bundle/STYLIZED Fantasy Village - Low Poly 3D Art/Materials/ROOF_COLOR_VARIATION/ROOF_BRICK.mat","Assets/BornToDig/PrefabGallery/GalleryMaterials/ROOF_BRICK_a116e8d3_Transparent.mat","ROOF_BRICK","Universal Render Pipeline/2D/Mesh2D-Lit-Default","Universal Render Pipeline/Lit"
"gallery_copy_applied","urp_2d_shader_on_3d_renderer","Assets/Daniel Mistage/STYLIZED Low Poly Fantasy Bundle/STYLIZED Fantasy Village - Low Poly 3D Art/Prefabs/Buildings/Preset Buildings/SFV_Building_4 (1).prefab","Assets/Daniel Mistage/STYLIZED Low Poly Fantasy Bundle/STYLIZED Fantasy Village - Low Poly 3D Art/Materials/ROOF_COLOR_VARIATION/ROOF_BRICK.mat","Assets/BornToDig/PrefabGallery/GalleryMaterials/ROOF_BRICK_a116e8d3_Transparent.mat","ROOF_BRICK","Universal Render Pipeline/2D/Mesh2D-Lit-Default","Universal Render Pipeline/Lit"
"gallery_copy_applied","urp_2d_shader_on_3d_renderer","Assets/Daniel Mistage/STYLIZED Low Poly Fantasy Bundle/STYLIZED Fantasy Village - Low Poly 3D Art/Prefabs/Buildings/Preset Buildings/SFV_Building_4 (1).prefab","Assets/Daniel Mistage/STYLIZED Low Poly Fantasy Bundle/STYLIZED Fantasy Village - Low Poly 3D Art/Materials/ROOF_COLOR_VARIATION/ROOF_BRICK.mat","Assets/BornToDig/PrefabGallery/GalleryMaterials/ROOF_BRICK_a116e8d3_Transparent.mat","ROOF_BRICK","Universal Render Pipeline/2D/Mesh2D-Lit-Default","Universal Render Pipeline/Lit"
"gallery_copy_applied","urp_2d_shader_on_3d_renderer","Assets/Daniel Mistage/STYLIZED Low Poly Fantasy Bundle/STYLIZED Fantasy Village - Low Poly 3D Art/Prefabs/Buildings/Preset Buildings/SFV_Building_4 (1).prefab","Assets/Daniel Mistage/STYLIZED Low Poly Fantasy Bundle/STYLIZED Fantasy Village - Low Poly 3D Art/Materials/ROOF_COLOR_VARIATION/ROOF_BRICK.mat","Assets/BornToDig/PrefabGallery/GalleryMaterials/ROOF_BRICK_a116e8d3_Transparent.mat","ROOF_BRICK","Universal Render Pipeline/2D/Mesh2D-Lit-Default","Universal Render Pipeline/Lit"
"gallery_copy_applied","urp_2d_shader_on_3d_renderer","Assets/Daniel Mistage/STYLIZED Low Poly Fantasy Bundle/STYLIZED Fantasy Village - Low Poly 3D Art/Prefabs/Buildings/Preset Buildings/SFV_Building_4 (1).prefab","Assets/Daniel Mistage/STYLIZED Low Poly Fantasy Bundle/STYLIZED Fantasy Village - Low Poly 3D Art/Materials/ROOF_COLOR_VARIATION/ROOF_BRICK.mat","Assets/BornToDig/PrefabGallery/GalleryMaterials/ROOF_BRICK_a116e8d3_Transparent.mat","ROOF_BRICK","Universal Render Pipeline/2D/Mesh2D-Lit-Default","Universal Render Pipeline/Lit"
"gallery_copy_applied","urp_2d_shader_on_3d_renderer","Assets/Daniel Mistage/STYLIZED Low Poly Fantasy Bundle/STYLIZED Fantasy Village - Low Poly 3D Art/Prefabs/Buildings/Preset Buildings/SFV_Building_4 (1).prefab","Assets/Daniel Mistage/STYLIZED Low Poly Fantasy Bundle/STYLIZED Fantasy Village - Low Poly 3D Art/Materials/ROOF_COLOR_VARIATION/ROOF_BRICK.mat","Assets/BornToDig/PrefabGallery/GalleryMaterials/ROOF_BRICK_a116e8d3_Transparent.mat","ROOF_BRICK","Universal Render Pipeline/2D/Mesh2D-Lit-Default","Universal Render Pipeline/Lit"
"gallery_copy_applied","urp_2d_shader_on_3d_renderer","Assets/Daniel Mistage/STYLIZED Low Poly Fantasy Bundle/STYLIZED Fantasy Village - Low Poly 3D Art/Prefabs/Buildings/Preset Buildings/SFV_Building_4 (1).prefab","Assets/Daniel Mistage/STYLIZED Low Poly Fantasy Bundle/STYLIZED Fantasy Village - Low Poly 3D Art/Materials/ROOF_COLOR_VARIATION/ROOF_BRICK.mat","Assets/BornToDig/PrefabGallery/GalleryMaterials/ROOF_BRICK_a116e8d3_Transparent.mat","ROOF_BRICK","Universal Render Pipeline/2D/Mesh2D-Lit-Default","Universal Render Pipeline/Lit"
"gallery_copy_applied","urp_2d_shader_on_3d_renderer","Assets/Daniel Mistage/STYLIZED Low Poly Fantasy Bundle/STYLIZED Fantasy Village - Low Poly 3D Art/Prefabs/Buildings/Preset Buildings/SFV_Building_4 (1).prefab","Assets/Daniel Mistage/STYLIZED Low Poly Fantasy Bundle/STYLIZED Fantasy Village - Low Poly 3D Art/Materials/ROOF_COLOR_VARIATION/ROOF_BRICK.mat","Assets/BornToDig/PrefabGallery/GalleryMaterials/ROOF_BRICK_a116e8d3_Transparent.mat","ROOF_BRICK","Universal Render Pipeline/2D/Mesh2D-Lit-Default","Universal Render Pipeline/Lit"
"gallery_copy_applied","urp_2d_shader_on_3d_renderer","Assets/Daniel Mistage/STYLIZED Low Poly Fantasy Bundle/STYLIZED Fantasy Village - Low Poly 3D Art/Prefabs/Buildings/Preset Buildings/SFV_Building_4 (1).prefab","Assets/Daniel Mistage/STYLIZED Low Poly Fantasy Bundle/STYLIZED Fantasy Village - Low Poly 3D Art/Materials/ROOF_COLOR_VARIATION/ROOF_BRICK.mat","Assets/BornToDig/PrefabGallery/GalleryMaterials/ROOF_BRICK_a116e8d3_Transparent.mat","ROOF_BRICK","Universal Render Pipeline/2D/Mesh2D-Lit-Default","Universal Render Pipeline/Lit"
"gallery_copy_applied","urp_2d_shader_on_3d_renderer","Assets/Daniel Mistage/STYLIZED Low Poly Fantasy Bundle/STYLIZED Fantasy Village - Low Poly 3D Art/Prefabs/Buildings/Preset Buildings/SFV_Building_4 (1).prefab","Assets/Daniel Mistage/STYLIZED Low Poly Fantasy Bundle/STYLIZED Fantasy Village - Low Poly 3D Art/Materials/ROOF_COLOR_VARIATION/ROOF_BRICK.mat","Assets/BornToDig/PrefabGallery/GalleryMaterials/ROOF_BRICK_a116e8d3_Transparent.mat","ROOF_BRICK","Universal Render Pipeline/2D/Mesh2D-Lit-Default","Universal Render Pipeline/Lit"
"gallery_copy_applied","urp_2d_shader_on_3d_renderer","Assets/Daniel Mistage/STYLIZED Low Poly Fantasy Bundle/STYLIZED Fantasy Village - Low Poly 3D Art/Prefabs/Buildings/Preset Buildings/SFV_Building_4 (1).prefab","Assets/Daniel Mistage/STYLIZED Low Poly Fantasy Bundle/STYLIZED Fantasy Village - Low Poly 3D Art/Materials/ROOF_COLOR_VARIATION/ROOF_BRICK.mat","Assets/BornToDig/PrefabGallery/GalleryMaterials/ROOF_BRICK_a116e8d3_Transparent.mat","ROOF_BRICK","Universal Render Pipeline/2D/Mesh2D-Lit-Default","Universal Render Pipeline/Lit"
"gallery_copy_applied","urp_2d_shader_on_3d_renderer","Assets/Daniel Mistage/STYLIZED Low Poly Fantasy Bundle/STYLIZED Fantasy Village - Low Poly 3D Art/Prefabs/Buildings/Preset Buildings/SFV_Building_4 (1).prefab","Assets/Daniel Mistage/STYLIZED Low Poly Fantasy Bundle/STYLIZED Fantasy Village - Low Poly 3D Art/Materials/ROOF_COLOR_VARIATION/ROOF_BRICK.mat","Assets/BornToDig/PrefabGallery/GalleryMaterials/ROOF_BRICK_a116e8d3_Transparent.mat","ROOF_BRICK","Universal Render Pipeline/2D/Mesh2D-Lit-Default","Universal Render Pipeline/Lit"
"gallery_copy_applied","urp_2d_shader_on_3d_renderer","Assets/Daniel Mistage/STYLIZED Low Poly Fantasy Bundle/STYLIZED Fantasy Village - Low Poly 3D Art/Prefabs/Buildings/Preset Buildings/SFV_Building_4 (1).prefab","Assets/Daniel Mistage/STYLIZED Low Poly Fantasy Bundle/STYLIZED Fantasy Village - Low Poly 3D Art/Materials/ROOF_COLOR_VARIATION/ROOF_BRICK.mat","Assets/BornToDig/PrefabGallery/GalleryMaterials/ROOF_BRICK_a116e8d3_Transparent.mat","ROOF_BRICK","Universal Render Pipeline/2D/Mesh2D-Lit-Default","Universal Render Pipeline/Lit"
"gallery_copy_applied","urp_2d_shader_on_3d_renderer","Assets/Daniel Mistage/STYLIZED Low Poly Fantasy Bundle/STYLIZED Fantasy Village - Low Poly 3D Art/Prefabs/Buildings/Preset Buildings/SFV_Building_4 (1).prefab","Assets/Daniel Mistage/STYLIZED Low Poly Fantasy Bundle/STYLIZED Fantasy Village - Low Poly 3D Art/Materials/ROOF_COLOR_VARIATION/ROOF_BRICK.mat","Assets/BornToDig/PrefabGallery/GalleryMaterials/ROOF_BRICK_a116e8d3_Transparent.mat","ROOF_BRICK","Universal Render Pipeline/2D/Mesh2D-Lit-Default","Universal Render Pipeline/Lit"
"gallery_copy_applied","urp_2d_shader_on_3d_renderer","Assets/Daniel Mistage/STYLIZED Low Poly Fantasy Bundle/STYLIZED Fantasy Village - Low Poly 3D Art/Prefabs/Buildings/Preset Buildings/SFV_Building_4 (1).prefab","Assets/Daniel Mistage/STYLIZED Low Poly Fantasy Bundle/STYLIZED Fantasy Village - Low Poly 3D Art/Materials/ROOF_COLOR_VARIATION/ROOF_BRICK.mat","Assets/BornToDig/PrefabGallery/GalleryMaterials/ROOF_BRICK_a116e8d3_Transparent.mat","ROOF_BRICK","Universal Render Pipeline/2D/Mesh2D-Lit-Default","Universal Render Pipeline/Lit"
"gallery_copy_applied","urp_2d_shader_on_3d_renderer","Assets/Daniel Mistage/STYLIZED Low Poly Fantasy Bundle/STYLIZED Fantasy Village - Low Poly 3D Art/Prefabs/Buildings/Preset Buildings/SFV_Building_4 (1).prefab","Assets/Daniel Mistage/STYLIZED Low Poly Fantasy Bundle/STYLIZED Fantasy Village - Low Poly 3D Art/Materials/ROOF_COLOR_VARIATION/ROOF_BRICK.mat","Assets/BornToDig/PrefabGallery/GalleryMaterials/ROOF_BRICK_a116e8d3_Transparent.mat","ROOF_BRICK","Universal Render Pipeline/2D/Mesh2D-Lit-Default","Universal Render Pipeline/Lit"
"gallery_copy_applied","urp_2d_shader_on_3d_renderer","Assets/Daniel Mistage/STYLIZED Low Poly Fantasy Bundle/STYLIZED Fantasy Village - Low Poly 3D Art/Prefabs/Buildings/Preset Buildings/SFV_Building_4 (1).prefab","Assets/Daniel Mistage/STYLIZED Low Poly Fantasy Bundle/STYLIZED Fantasy Village - Low Poly 3D Art/Materials/ROOF_COLOR_VARIATION/ROOF_BRICK.mat","Assets/BornToDig/PrefabGallery/GalleryMaterials/ROOF_BRICK_a116e8d3_Transparent.mat","ROOF_BRICK","Universal Render Pipeline/2D/Mesh2D-Lit-Default","Universal Render Pipeline/Lit"
"gallery_copy_applied","urp_2d_shader_on_3d_renderer","Assets/Daniel Mistage/STYLIZED Low Poly Fantasy Bundle/STYLIZED Fantasy Village - Low Poly 3D Art/Prefabs/Buildings/Preset Buildings/SFV_Building_4 (1).prefab","Assets/Daniel Mistage/STYLIZED Low Poly Fantasy Bundle/STYLIZED Fantasy Village - Low Poly 3D Art/Materials/ROOF_COLOR_VARIATION/ROOF_BRICK.mat","Assets/BornToDig/PrefabGallery/GalleryMaterials/ROOF_BRICK_a116e8d3_Transparent.mat","ROOF_BRICK","Universal Render Pipeline/2D/Mesh2D-Lit-Default","Universal Render Pipeline/Lit"
"gallery_copy_applied","urp_2d_shader_on_3d_renderer","Assets/Daniel Mistage/STYLIZED Low Poly Fantasy Bundle/STYLIZED Fantasy Village - Low Poly 3D Art/Prefabs/Buildings/Preset Buildings/SFV_Building_4 (1).prefab","Assets/Daniel Mistage/STYLIZED Low Poly Fantasy Bundle/STYLIZED Fantasy Village - Low Poly 3D Art/Materials/ROOF_COLOR_VARIATION/ROOF_BRICK.mat","Assets/BornToDig/PrefabGallery/GalleryMaterials/ROOF_BRICK_a116e8d3_Transparent.mat","ROOF_BRICK","Universal Render Pipeline/2D/Mesh2D-Lit-Default","Universal Render Pipeline/Lit"
"gallery_copy_applied","urp_2d_shader_on_3d_renderer","Assets/Daniel Mistage/STYLIZED Low Poly Fantasy Bundle/STYLIZED Fantasy Village - Low Poly 3D Art/Prefabs/Buildings/Preset Buildings/SFV_Building_4 (1).prefab","Assets/Daniel Mistage/STYLIZED Low Poly Fantasy Bundle/STYLIZED Fantasy Village - Low Poly 3D Art/Materials/ROOF_COLOR_VARIATION/ROOF_BRICK.mat","Assets/BornToDig/PrefabGallery/GalleryMaterials/ROOF_BRICK_a116e8d3_Transparent.mat","ROOF_BRICK","Universal Render Pipeline/2D/Mesh2D-Lit-Default","Universal Render Pipeline/Lit"
"gallery_copy_applied","urp_2d_shader_on_3d_renderer","Assets/Daniel Mistage/STYLIZED Low Poly Fantasy Bundle/STYLIZED Fantasy Village - Low Poly 3D Art/Prefabs/Buildings/Preset Buildings/SFV_Building_4 (1).prefab","Assets/Daniel Mistage/STYLIZED Low Poly Fantasy Bundle/STYLIZED Fantasy Village - Low Poly 3D Art/Materials/ROOF_COLOR_VARIATION/ROOF_BRICK.mat","Assets/BornToDig/PrefabGallery/GalleryMaterials/ROOF_BRICK_a116e8d3_Transparent.mat","ROOF_BRICK","Universal Render Pipeline/2D/Mesh2D-Lit-Default","Universal Render Pipeline/Lit"
"gallery_copy_applied","urp_2d_shader_on_3d_renderer","Assets/Daniel Mistage/STYLIZED Low Poly Fantasy Bundle/STYLIZED Fantasy Village - Low Poly 3D Art/Prefabs/Buildings/Preset Buildings/SFV_Building_4 (1).prefab","Assets/Daniel Mistage/STYLIZED Low Poly Fantasy Bundle/STYLIZED Fantasy Village - Low Poly 3D Art/Materials/ROOF_COLOR_VARIATION/ROOF_BRICK.mat","Assets/BornToDig/PrefabGallery/GalleryMaterials/ROOF_BRICK_a116e8d3_Transparent.mat","ROOF_BRICK","Universal Render Pipeline/2D/Mesh2D-Lit-Default","Universal Render Pipeline/Lit"
"gallery_copy_applied","urp_2d_shader_on_3d_renderer","Assets/Daniel Mistage/STYLIZED Low Poly Fantasy Bundle/STYLIZED Fantasy Village - Low Poly 3D Art/Prefabs/Buildings/Preset Buildings/SFV_Building_4 (1).prefab","Assets/Daniel Mistage/STYLIZED Low Poly Fantasy Bundle/STYLIZED Fantasy Village - Low Poly 3D Art/Materials/ROOF_COLOR_VARIATION/ROOF_BRICK.mat","Assets/BornToDig/PrefabGallery/GalleryMaterials/ROOF_BRICK_a116e8d3_Transparent.mat","ROOF_BRICK","Universal Render Pipeline/2D/Mesh2D-Lit-Default","Universal Render Pipeline/Lit"
"gallery_copy_applied","urp_2d_shader_on_3d_renderer","Assets/Daniel Mistage/STYLIZED Low Poly Fantasy Bundle/STYLIZED Fantasy Village - Low Poly 3D Art/Prefabs/Buildings/Preset Buildings/SFV_Building_4 (1).prefab","Assets/Daniel Mistage/STYLIZED Low Poly Fantasy Bundle/STYLIZED Fantasy Village - Low Poly 3D Art/Materials/ROOF_COLOR_VARIATION/ROOF_BRICK.mat","Assets/BornToDig/PrefabGallery/GalleryMaterials/ROOF_BRICK_a116e8d3_Transparent.mat","ROOF_BRICK","Universal Render Pipeline/2D/Mesh2D-Lit-Default","Universal Render Pipeline/Lit"
"gallery_copy_applied","urp_2d_shader_on_3d_renderer","Assets/Daniel Mistage/STYLIZED Low Poly Fantasy Bundle/STYLIZED Fantasy Village - Low Poly 3D Art/Prefabs/Buildings/Preset Buildings/SFV_Building_4 (1).prefab","Assets/Daniel Mistage/STYLIZED Low Poly Fantasy Bundle/STYLIZED Fantasy Village - Low Poly 3D Art/Materials/ROOF_COLOR_VARIATION/ROOF_BRICK.mat","Assets/BornToDig/PrefabGallery/GalleryMaterials/ROOF_BRICK_a116e8d3_Transparent.mat","ROOF_BRICK","Universal Render Pipeline/2D/Mesh2D-Lit-Default","Universal Render Pipeline/Lit"
"gallery_copy_applied","urp_2d_shader_on_3d_renderer","Assets/Daniel Mistage/STYLIZED Low Poly Fantasy Bundle/STYLIZED Fantasy Village - Low Poly 3D Art/Prefabs/Buildings/Preset Buildings/SFV_Building_4 (1).prefab","Assets/Daniel Mistage/STYLIZED Low Poly Fantasy Bundle/STYLIZED Fantasy Village - Low Poly 3D Art/Materials/ROOF_COLOR_VARIATION/ROOF_BRICK.mat","Assets/BornToDig/PrefabGallery/GalleryMaterials/ROOF_BRICK_a116e8d3_Transparent.mat","ROOF_BRICK","Universal Render Pipeline/2D/Mesh2D-Lit-Default","Universal Render Pipeline/Lit"
"gallery_copy_applied","urp_2d_shader_on_3d_renderer","Assets/Daniel Mistage/STYLIZED Low Poly Fantasy Bundle/STYLIZED Fantasy Village - Low Poly 3D Art/Prefabs/Buildings/Preset Buildings/SFV_Building_4 (1).prefab","Assets/Daniel Mistage/STYLIZED Low Poly Fantasy Bundle/STYLIZED Fantasy Village - Low Poly 3D Art/Materials/ROOF_COLOR_VARIATION/ROOF_BRICK.mat","Assets/BornToDig/PrefabGallery/GalleryMaterials/ROOF_BRICK_a116e8d3_Transparent.mat","ROOF_BRICK","Universal Render Pipeline/2D/Mesh2D-Lit-Default","Universal Render Pipeline/Lit"
"gallery_copy_applied","urp_2d_shader_on_3d_renderer","Assets/Daniel Mistage/STYLIZED Low Poly Fantasy Bundle/STYLIZED Fantasy Village - Low Poly 3D Art/Prefabs/Buildings/Preset Buildings/SFV_Building_4 (1).prefab","Assets/Daniel Mistage/STYLIZED Low Poly Fantasy Bundle/STYLIZED Fantasy Village - Low Poly 3D Art/Materials/ROOF_COLOR_VARIATION/ROOF_BRICK.mat","Assets/BornToDig/PrefabGallery/GalleryMaterials/ROOF_BRICK_a116e8d3_Transparent.mat","ROOF_BRICK","Universal Render Pipeline/2D/Mesh2D-Lit-Default","Universal Render Pipeline/Lit"
"gallery_copy_applied","urp_2d_shader_on_3d_renderer","Assets/Daniel Mistage/STYLIZED Low Poly Fantasy Bundle/STYLIZED Fantasy Village - Low Poly 3D Art/Prefabs/Buildings/Preset Buildings/SFV_Building_4 (1).prefab","Assets/Daniel Mistage/STYLIZED Low Poly Fantasy Bundle/STYLIZED Fantasy Village - Low Poly 3D Art/Materials/ROOF_COLOR_VARIATION/ROOF_BRICK.mat","Assets/BornToDig/PrefabGallery/GalleryMaterials/ROOF_BRICK_a116e8d3_Transparent.mat","ROOF_BRICK","Universal Render Pipeline/2D/Mesh2D-Lit-Default","Universal Render Pipeline/Lit"
"gallery_copy_applied","urp_2d_shader_on_3d_renderer","Assets/Daniel Mistage/STYLIZED Low Poly Fantasy Bundle/STYLIZED Fantasy Village - Low Poly 3D Art/Prefabs/Buildings/Preset Buildings/SFV_Building_4 (1).prefab","Assets/Daniel Mistage/STYLIZED Low Poly Fantasy Bundle/STYLIZED Fantasy Village - Low Poly 3D Art/Materials/ROOF_COLOR_VARIATION/ROOF_BRICK.mat","Assets/BornToDig/PrefabGallery/GalleryMaterials/ROOF_BRICK_a116e8d3_Transparent.mat","ROOF_BRICK","Universal Render Pipeline/2D/Mesh2D-Lit-Default","Universal Render Pipeline/Lit"
"gallery_copy_applied","urp_2d_shader_on_3d_renderer","Assets/Daniel Mistage/STYLIZED Low Poly Fantasy Bundle/STYLIZED Fantasy Village - Low Poly 3D Art/Prefabs/Buildings/Preset Buildings/SFV_Building_4 (1).prefab","Assets/Daniel Mistage/STYLIZED Low Poly Fantasy Bundle/STYLIZED Fantasy Village - Low Poly 3D Art/Materials/ROOF_COLOR_VARIATION/ROOF_BRICK.mat","Assets/BornToDig/PrefabGallery/GalleryMaterials/ROOF_BRICK_a116e8d3_Transparent.mat","ROOF_BRICK","Universal Render Pipeline/2D/Mesh2D-Lit-Default","Universal Render Pipeline/Lit"
"gallery_copy_applied","urp_2d_shader_on_3d_renderer","Assets/Daniel Mistage/STYLIZED Low Poly Fantasy Bundle/STYLIZED Fantasy Village - Low Poly 3D Art/Prefabs/Buildings/Preset Buildings/SFV_Building_4 (1).prefab","Assets/Daniel Mistage/STYLIZED Low Poly Fantasy Bundle/STYLIZED Fantasy Village - Low Poly 3D Art/Materials/ROOF_COLOR_VARIATION/ROOF_BRICK.mat","Assets/BornToDig/PrefabGallery/GalleryMaterials/ROOF_BRICK_a116e8d3_Transparent.mat","ROOF_BRICK","Universal Render Pipeline/2D/Mesh2D-Lit-Default","Universal Render Pipeline/Lit"
"gallery_copy_applied","urp_2d_shader_on_3d_renderer","Assets/Daniel Mistage/STYLIZED Low Poly Fantasy Bundle/STYLIZED Fantasy Village - Low Poly 3D Art/Prefabs/Buildings/Preset Buildings/SFV_Building_4 (1).prefab","Assets/Daniel Mistage/STYLIZED Low Poly Fantasy Bundle/STYLIZED Fantasy Village - Low Poly 3D Art/Materials/ROOF_COLOR_VARIATION/ROOF_BRICK.mat","Assets/BornToDig/PrefabGallery/GalleryMaterials/ROOF_BRICK_a116e8d3_Transparent.mat","ROOF_BRICK","Universal Render Pipeline/2D/Mesh2D-Lit-Default","Universal Render Pipeline/Lit"
"gallery_copy_applied","urp_2d_shader_on_3d_renderer","Assets/Daniel Mistage/STYLIZED Low Poly Fantasy Bundle/STYLIZED Fantasy Village - Low Poly 3D Art/Prefabs/Buildings/Preset Buildings/SFV_Building_4 (1).prefab","Assets/Daniel Mistage/STYLIZED Low Poly Fantasy Bundle/STYLIZED Fantasy Village - Low Poly 3D Art/Materials/ROOF_COLOR_VARIATION/ROOF_BRICK.mat","Assets/BornToDig/PrefabGallery/GalleryMaterials/ROOF_BRICK_a116e8d3_Transparent.mat","ROOF_BRICK","Universal Render Pipeline/2D/Mesh2D-Lit-Default","Universal Render Pipeline/Lit"
"gallery_copy_applied","urp_2d_shader_on_3d_renderer","Assets/Daniel Mistage/STYLIZED Low Poly Fantasy Bundle/STYLIZED Fantasy Village - Low Poly 3D Art/Prefabs/Buildings/Preset Buildings/SFV_Building_4 (1).prefab","Assets/Daniel Mistage/STYLIZED Low Poly Fantasy Bundle/STYLIZED Fantasy Village - Low Poly 3D Art/Materials/ROOF_COLOR_VARIATION/ROOF_BRICK.mat","Assets/BornToDig/PrefabGallery/GalleryMaterials/ROOF_BRICK_a116e8d3_Transparent.mat","ROOF_BRICK","Universal Render Pipeline/2D/Mesh2D-Lit-Default","Universal Render Pipeline/Lit"
"gallery_copy_applied","urp_2d_shader_on_3d_renderer","Assets/Daniel Mistage/STYLIZED Low Poly Fantasy Bundle/STYLIZED Fantasy Village - Low Poly 3D Art/Prefabs/Buildings/Preset Buildings/SFV_Building_4 (1).prefab","Assets/Daniel Mistage/STYLIZED Low Poly Fantasy Bundle/STYLIZED Fantasy Village - Low Poly 3D Art/Materials/ROOF_COLOR_VARIATION/ROOF_BRICK.mat","Assets/BornToDig/PrefabGallery/GalleryMaterials/ROOF_BRICK_a116e8d3_Transparent.mat","ROOF_BRICK","Universal Render Pipeline/2D/Mesh2D-Lit-Default","Universal Render Pipeline/Lit"
"gallery_copy_applied","urp_2d_shader_on_3d_renderer","Assets/Daniel Mistage/STYLIZED Low Poly Fantasy Bundle/STYLIZED Fantasy Village - Low Poly 3D Art/Prefabs/Buildings/Preset Buildings/SFV_Building_4 (1).prefab","Assets/Daniel Mistage/STYLIZED Low Poly Fantasy Bundle/STYLIZED Fantasy Village - Low Poly 3D Art/Materials/ROOF_COLOR_VARIATION/ROOF_BRICK.mat","Assets/BornToDig/PrefabGallery/GalleryMaterials/ROOF_BRICK_a116e8d3_Transparent.mat","ROOF_BRICK","Universal Render Pipeline/2D/Mesh2D-Lit-Default","Universal Render Pipeline/Lit"
"gallery_copy_applied","urp_2d_shader_on_3d_renderer","Assets/Daniel Mistage/STYLIZED Low Poly Fantasy Bundle/STYLIZED Fantasy Village - Low Poly 3D Art/Prefabs/Buildings/Preset Buildings/SFV_Building_4 (1).prefab","Assets/Daniel Mistage/STYLIZED Low Poly Fantasy Bundle/STYLIZED Fantasy Village - Low Poly 3D Art/Materials/ROOF_COLOR_VARIATION/ROOF_BRICK.mat","Assets/BornToDig/PrefabGallery/GalleryMaterials/ROOF_BRICK_a116e8d3_Transparent.mat","ROOF_BRICK","Universal Render Pipeline/2D/Mesh2D-Lit-Default","Universal Render Pipeline/Lit"
"gallery_copy_applied","urp_2d_shader_on_3d_renderer","Assets/Daniel Mistage/STYLIZED Low Poly Fantasy Bundle/STYLIZED Fantasy Village - Low Poly 3D Art/Prefabs/Buildings/Preset Buildings/SFV_Building_4 (1).prefab","Assets/Daniel Mistage/STYLIZED Low Poly Fantasy Bundle/STYLIZED Fantasy Village - Low Poly 3D Art/Materials/ROOF_COLOR_VARIATION/ROOF_BRICK.mat","Assets/BornToDig/PrefabGallery/GalleryMaterials/ROOF_BRICK_a116e8d3_Transparent.mat","ROOF_BRICK","Universal Render Pipeline/2D/Mesh2D-Lit-Default","Universal Render Pipeline/Lit"
"gallery_copy_applied","urp_2d_shader_on_3d_renderer","Assets/Daniel Mistage/STYLIZED Low Poly Fantasy Bundle/STYLIZED Fantasy Village - Low Poly 3D Art/Prefabs/Buildings/Preset Buildings/SFV_Building_5 (1).prefab","Assets/Daniel Mistage/STYLIZED Low Poly Fantasy Bundle/STYLIZED Fantasy Village - Low Poly 3D Art/Materials/ROOF_COLOR_VARIATION/ROOF_BRICK.mat","Assets/BornToDig/PrefabGallery/GalleryMaterials/ROOF_BRICK_a116e8d3_Transparent.mat","ROOF_BRICK","Universal Render Pipeline/2D/Mesh2D-Lit-Default","Universal Render Pipeline/Lit"
"gallery_copy_applied","urp_2d_shader_on_3d_renderer","Assets/Daniel Mistage/STYLIZED Low Poly Fantasy Bundle/STYLIZED Fantasy Village - Low Poly 3D Art/Prefabs/Buildings/Preset Buildings/SFV_Building_5 (1).prefab","Assets/Daniel Mistage/STYLIZED Low Poly Fantasy Bundle/STYLIZED Fantasy Village - Low Poly 3D Art/Materials/ROOF_COLOR_VARIATION/ROOF_BRICK.mat","Assets/BornToDig/PrefabGallery/GalleryMaterials/ROOF_BRICK_a116e8d3_Transparent.mat","ROOF_BRICK","Universal Render Pipeline/2D/Mesh2D-Lit-Default","Universal Render Pipeline/Lit"
"gallery_copy_applied","urp_2d_shader_on_3d_renderer","Assets/Daniel Mistage/STYLIZED Low Poly Fantasy Bundle/STYLIZED Fantasy Village - Low Poly 3D Art/Prefabs/Buildings/Preset Buildings/SFV_Building_5 (1).prefab","Assets/Daniel Mistage/STYLIZED Low Poly Fantasy Bundle/STYLIZED Fantasy Village - Low Poly 3D Art/Materials/ROOF_COLOR_VARIATION/ROOF_BRICK.mat","Assets/BornToDig/PrefabGallery/GalleryMaterials/ROOF_BRICK_a116e8d3_Transparent.mat","ROOF_BRICK","Universal Render Pipeline/2D/Mesh2D-Lit-Default","Universal Render Pipeline/Lit"
"gallery_copy_applied","urp_2d_shader_on_3d_renderer","Assets/Daniel Mistage/STYLIZED Low Poly Fantasy Bundle/STYLIZED Fantasy Village - Low Poly 3D Art/Prefabs/Buildings/Preset Buildings/SFV_Building_5 (1).prefab","Assets/Daniel Mistage/STYLIZED Low Poly Fantasy Bundle/STYLIZED Fantasy Village - Low Poly 3D Art/Materials/ROOF_COLOR_VARIATION/ROOF_BRICK.mat","Assets/BornToDig/PrefabGallery/GalleryMaterials/ROOF_BRICK_a116e8d3_Transparent.mat","ROOF_BRICK","Universal Render Pipeline/2D/Mesh2D-Lit-Default","Universal Render Pipeline/Lit"
"gallery_copy_applied","urp_2d_shader_on_3d_renderer","Assets/Daniel Mistage/STYLIZED Low Poly Fantasy Bundle/STYLIZED Fantasy Village - Low Poly 3D Art/Prefabs/Buildings/Preset Buildings/SFV_Building_5 (1).prefab","Assets/Daniel Mistage/STYLIZED Low Poly Fantasy Bundle/STYLIZED Fantasy Village - Low Poly 3D Art/Materials/ROOF_COLOR_VARIATION/ROOF_BRICK.mat","Assets/BornToDig/PrefabGallery/GalleryMaterials/ROOF_BRICK_a116e8d3_Transparent.mat","ROOF_BRICK","Universal Render Pipeline/2D/Mesh2D-Lit-Default","Universal Render Pipeline/Lit"
"gallery_copy_applied","urp_2d_shader_on_3d_renderer","Assets/Daniel Mistage/STYLIZED Low Poly Fantasy Bundle/STYLIZED Fantasy Village - Low Poly 3D Art/Prefabs/Buildings/Preset Buildings/SFV_Building_5 (1).prefab","Assets/Daniel Mistage/STYLIZED Low Poly Fantasy Bundle/STYLIZED Fantasy Village - Low Poly 3D Art/Materials/ROOF_COLOR_VARIATION/ROOF_BRICK.mat","Assets/BornToDig/PrefabGallery/GalleryMaterials/ROOF_BRICK_a116e8d3_Transparent.mat","ROOF_BRICK","Universal Render Pipeline/2D/Mesh2D-Lit-Default","Universal Render Pipeline/Lit"
"gallery_copy_applied","urp_2d_shader_on_3d_renderer","Assets/Daniel Mistage/STYLIZED Low Poly Fantasy Bundle/STYLIZED Fantasy Village - Low Poly 3D Art/Prefabs/Buildings/Preset Buildings/SFV_Building_5 (1).prefab","Assets/Daniel Mistage/STYLIZED Low Poly Fantasy Bundle/STYLIZED Fantasy Village - Low Poly 3D Art/Materials/ROOF_COLOR_VARIATION/ROOF_BRICK.mat","Assets/BornToDig/PrefabGallery/GalleryMaterials/ROOF_BRICK_a116e8d3_Transparent.mat","ROOF_BRICK","Universal Render Pipeline/2D/Mesh2D-Lit-Default","Universal Render Pipeline/Lit"
"gallery_copy_applied","urp_2d_shader_on_3d_renderer","Assets/Daniel Mistage/STYLIZED Low Poly Fantasy Bundle/STYLIZED Fantasy Village - Low Poly 3D Art/Prefabs/Buildings/Preset Buildings/SFV_Building_5 (1).prefab","Assets/Daniel Mistage/STYLIZED Low Poly Fantasy Bundle/STYLIZED Fantasy Village - Low Poly 3D Art/Materials/ROOF_COLOR_VARIATION/ROOF_BRICK.mat","Assets/BornToDig/PrefabGallery/GalleryMaterials/ROOF_BRICK_a116e8d3_Transparent.mat","ROOF_BRICK","Universal Render Pipeline/2D/Mesh2D-Lit-Default","Universal Render Pipeline/Lit"
"gallery_copy_applied","urp_2d_shader_on_3d_renderer","Assets/Daniel Mistage/STYLIZED Low Poly Fantasy Bundle/STYLIZED Fantasy Village - Low Poly 3D Art/Prefabs/Buildings/Preset Buildings/SFV_Building_5 (1).prefab","Assets/Daniel Mistage/STYLIZED Low Poly Fantasy Bundle/STYLIZED Fantasy Village - Low Poly 3D Art/Materials/ROOF_COLOR_VARIATION/ROOF_BRICK.mat","Assets/BornToDig/PrefabGallery/GalleryMaterials/ROOF_BRICK_a116e8d3_Transparent.mat","ROOF_BRICK","Universal Render Pipeline/2D/Mesh2D-Lit-Default","Universal Render Pipeline/Lit"
"gallery_copy_applied","urp_2d_shader_on_3d_renderer","Assets/Daniel Mistage/STYLIZED Low Poly Fantasy Bundle/STYLIZED Fantasy Village - Low Poly 3D Art/Prefabs/Buildings/Preset Buildings/SFV_Building_5 (1).prefab","Assets/Daniel Mistage/STYLIZED Low Poly Fantasy Bundle/STYLIZED Fantasy Village - Low Poly 3D Art/Materials/ROOF_COLOR_VARIATION/ROOF_BRICK.mat","Assets/BornToDig/PrefabGallery/GalleryMaterials/ROOF_BRICK_a116e8d3_Transparent.mat","ROOF_BRICK","Universal Render Pipeline/2D/Mesh2D-Lit-Default","Universal Render Pipeline/Lit"
"gallery_copy_applied","urp_2d_shader_on_3d_renderer","Assets/Daniel Mistage/STYLIZED Low Poly Fantasy Bundle/STYLIZED Fantasy Village - Low Poly 3D Art/Prefabs/Buildings/Preset Buildings/SFV_Building_5 (1).prefab","Assets/Daniel Mistage/STYLIZED Low Poly Fantasy Bundle/STYLIZED Fantasy Village - Low Poly 3D Art/Materials/ROOF_COLOR_VARIATION/ROOF_BRICK.mat","Assets/BornToDig/PrefabGallery/GalleryMaterials/ROOF_BRICK_a116e8d3_Transparent.mat","ROOF_BRICK","Universal Render Pipeline/2D/Mesh2D-Lit-Default","Universal Render Pipeline/Lit"
"gallery_copy_applied","urp_2d_shader_on_3d_renderer","Assets/Daniel Mistage/STYLIZED Low Poly Fantasy Bundle/STYLIZED Fantasy Village - Low Poly 3D Art/Prefabs/Buildings/Preset Buildings/SFV_Building_5 (1).prefab","Assets/Daniel Mistage/STYLIZED Low Poly Fantasy Bundle/STYLIZED Fantasy Village - Low Poly 3D Art/Materials/ROOF_COLOR_VARIATION/ROOF_BRICK.mat","Assets/BornToDig/PrefabGallery/GalleryMaterials/ROOF_BRICK_a116e8d3_Transparent.mat","ROOF_BRICK","Universal Render Pipeline/2D/Mesh2D-Lit-Default","Universal Render Pipeline/Lit"
"gallery_copy_applied","urp_2d_shader_on_3d_renderer","Assets/Daniel Mistage/STYLIZED Low Poly Fantasy Bundle/STYLIZED Fantasy Village - Low Poly 3D Art/Prefabs/Buildings/Preset Buildings/SFV_Building_5 (1).prefab","Assets/Daniel Mistage/STYLIZED Low Poly Fantasy Bundle/STYLIZED Fantasy Village - Low Poly 3D Art/Materials/ROOF_COLOR_VARIATION/ROOF_BRICK.mat","Assets/BornToDig/PrefabGallery/GalleryMaterials/ROOF_BRICK_a116e8d3_Transparent.mat","ROOF_BRICK","Universal Render Pipeline/2D/Mesh2D-Lit-Default","Universal Render Pipeline/Lit"
"gallery_copy_applied","urp_2d_shader_on_3d_renderer","Assets/Daniel Mistage/STYLIZED Low Poly Fantasy Bundle/STYLIZED Fantasy Village - Low Poly 3D Art/Prefabs/Buildings/Preset Buildings/SFV_Building_5 (1).prefab","Assets/Daniel Mistage/STYLIZED Low Poly Fantasy Bundle/STYLIZED Fantasy Village - Low Poly 3D Art/Materials/ROOF_COLOR_VARIATION/ROOF_BRICK.mat","Assets/BornToDig/PrefabGallery/GalleryMaterials/ROOF_BRICK_a116e8d3_Transparent.mat","ROOF_BRICK","Universal Render Pipeline/2D/Mesh2D-Lit-Default","Universal Render Pipeline/Lit"
"gallery_copy_applied","urp_2d_shader_on_3d_renderer","Assets/Daniel Mistage/STYLIZED Low Poly Fantasy Bundle/STYLIZED Fantasy Village - Low Poly 3D Art/Prefabs/Buildings/Preset Buildings/SFV_Building_5 (1).prefab","Assets/Daniel Mistage/STYLIZED Low Poly Fantasy Bundle/STYLIZED Fantasy Village - Low Poly 3D Art/Materials/ROOF_COLOR_VARIATION/ROOF_BRICK.mat","Assets/BornToDig/PrefabGallery/GalleryMaterials/ROOF_BRICK_a116e8d3_Transparent.mat","ROOF_BRICK","Universal Render Pipeline/2D/Mesh2D-Lit-Default","Universal Render Pipeline/Lit"
"gallery_copy_applied","urp_2d_shader_on_3d_renderer","Assets/Daniel Mistage/STYLIZED Low Poly Fantasy Bundle/STYLIZED Fantasy Village - Low Poly 3D Art/Prefabs/Buildings/Preset Buildings/SFV_Building_5 (1).prefab","Assets/Daniel Mistage/STYLIZED Low Poly Fantasy Bundle/STYLIZED Fantasy Village - Low Poly 3D Art/Materials/ROOF_COLOR_VARIATION/ROOF_BRICK.mat","Assets/BornToDig/PrefabGallery/GalleryMaterials/ROOF_BRICK_a116e8d3_Transparent.mat","ROOF_BRICK","Universal Render Pipeline/2D/Mesh2D-Lit-Default","Universal Render Pipeline/Lit"
"gallery_copy_applied","urp_2d_shader_on_3d_renderer","Assets/Daniel Mistage/STYLIZED Low Poly Fantasy Bundle/STYLIZED Fantasy Village - Low Poly 3D Art/Prefabs/Buildings/Preset Buildings/SFV_Building_5 (1).prefab","Assets/Daniel Mistage/STYLIZED Low Poly Fantasy Bundle/STYLIZED Fantasy Village - Low Poly 3D Art/Materials/ROOF_COLOR_VARIATION/ROOF_BRICK.mat","Assets/BornToDig/PrefabGallery/GalleryMaterials/ROOF_BRICK_a116e8d3_Transparent.mat","ROOF_BRICK","Universal Render Pipeline/2D/Mesh2D-Lit-Default","Universal Render Pipeline/Lit"
"gallery_copy_applied","urp_2d_shader_on_3d_renderer","Assets/Daniel Mistage/STYLIZED Low Poly Fantasy Bundle/STYLIZED Fantasy Village - Low Poly 3D Art/Prefabs/Buildings/Preset Buildings/SFV_Building_5 (1).prefab","Assets/Daniel Mistage/STYLIZED Low Poly Fantasy Bundle/STYLIZED Fantasy Village - Low Poly 3D Art/Materials/ROOF_COLOR_VARIATION/ROOF_BRICK.mat","Assets/BornToDig/PrefabGallery/GalleryMaterials/ROOF_BRICK_a116e8d3_Transparent.mat","ROOF_BRICK","Universal Render Pipeline/2D/Mesh2D-Lit-Default","Universal Render Pipeline/Lit"
"gallery_copy_applied","urp_2d_shader_on_3d_renderer","Assets/Daniel Mistage/STYLIZED Low Poly Fantasy Bundle/STYLIZED Fantasy Village - Low Poly 3D Art/Prefabs/Buildings/Preset Buildings/SFV_Building_5 (1).prefab","Assets/Daniel Mistage/STYLIZED Low Poly Fantasy Bundle/STYLIZED Fantasy Village - Low Poly 3D Art/Materials/ROOF_COLOR_VARIATION/ROOF_BRICK.mat","Assets/BornToDig/PrefabGallery/GalleryMaterials/ROOF_BRICK_a116e8d3_Transparent.mat","ROOF_BRICK","Universal Render Pipeline/2D/Mesh2D-Lit-Default","Universal Render Pipeline/Lit"
"gallery_copy_applied","urp_2d_shader_on_3d_renderer","Assets/Daniel Mistage/STYLIZED Low Poly Fantasy Bundle/STYLIZED Fantasy Village - Low Poly 3D Art/Prefabs/Buildings/Preset Buildings/SFV_Building_5 (1).prefab","Assets/Daniel Mistage/STYLIZED Low Poly Fantasy Bundle/STYLIZED Fantasy Village - Low Poly 3D Art/Materials/ROOF_COLOR_VARIATION/ROOF_BRICK.mat","Assets/BornToDig/PrefabGallery/GalleryMaterials/ROOF_BRICK_a116e8d3_Transparent.mat","ROOF_BRICK","Universal Render Pipeline/2D/Mesh2D-Lit-Default","Universal Render Pipeline/Lit"
"gallery_copy_applied","urp_2d_shader_on_3d_renderer","Assets/Daniel Mistage/STYLIZED Low Poly Fantasy Bundle/STYLIZED Fantasy Village - Low Poly 3D Art/Prefabs/Buildings/Preset Buildings/SFV_Building_5 (1).prefab","Assets/Daniel Mistage/STYLIZED Low Poly Fantasy Bundle/STYLIZED Fantasy Village - Low Poly 3D Art/Materials/ROOF_COLOR_VARIATION/ROOF_BRICK.mat","Assets/BornToDig/PrefabGallery/GalleryMaterials/ROOF_BRICK_a116e8d3_Transparent.mat","ROOF_BRICK","Universal Render Pipeline/2D/Mesh2D-Lit-Default","Universal Render Pipeline/Lit"
"gallery_copy_applied","urp_2d_shader_on_3d_renderer","Assets/Daniel Mistage/STYLIZED Low Poly Fantasy Bundle/STYLIZED Fantasy Village - Low Poly 3D Art/Prefabs/Buildings/Preset Buildings/SFV_Building_5 (1).prefab","Assets/Daniel Mistage/STYLIZED Low Poly Fantasy Bundle/STYLIZED Fantasy Village - Low Poly 3D Art/Materials/ROOF_COLOR_VARIATION/ROOF_BRICK.mat","Assets/BornToDig/PrefabGallery/GalleryMaterials/ROOF_BRICK_a116e8d3_Transparent.mat","ROOF_BRICK","Universal Render Pipeline/2D/Mesh2D-Lit-Default","Universal Render Pipeline/Lit"
"gallery_copy_applied","urp_2d_shader_on_3d_renderer","Assets/Daniel Mistage/STYLIZED Low Poly Fantasy Bundle/STYLIZED Fantasy Village - Low Poly 3D Art/Prefabs/Buildings/Preset Buildings/SFV_Building_5 (1).prefab","Assets/Daniel Mistage/STYLIZED Low Poly Fantasy Bundle/STYLIZED Fantasy Village - Low Poly 3D Art/Materials/ROOF_COLOR_VARIATION/ROOF_BRICK.mat","Assets/BornToDig/PrefabGallery/GalleryMaterials/ROOF_BRICK_a116e8d3_Transparent.mat","ROOF_BRICK","Universal Render Pipeline/2D/Mesh2D-Lit-Default","Universal Render Pipeline/Lit"
"gallery_copy_applied","urp_2d_shader_on_3d_renderer","Assets/Daniel Mistage/STYLIZED Low Poly Fantasy Bundle/STYLIZED Fantasy Village - Low Poly 3D Art/Prefabs/Buildings/Preset Buildings/SFV_Building_5 (1).prefab","Assets/Daniel Mistage/STYLIZED Low Poly Fantasy Bundle/STYLIZED Fantasy Village - Low Poly 3D Art/Materials/ROOF_COLOR_VARIATION/ROOF_BRICK.mat","Assets/BornToDig/PrefabGallery/GalleryMaterials/ROOF_BRICK_a116e8d3_Transparent.mat","ROOF_BRICK","Universal Render Pipeline/2D/Mesh2D-Lit-Default","Universal Render Pipeline/Lit"
"gallery_copy_applied","urp_2d_shader_on_3d_renderer","Assets/Daniel Mistage/STYLIZED Low Poly Fantasy Bundle/STYLIZED Fantasy Village - Low Poly 3D Art/Prefabs/Buildings/Preset Buildings/SFV_Building_5 (1).prefab","Assets/Daniel Mistage/STYLIZED Low Poly Fantasy Bundle/STYLIZED Fantasy Village - Low Poly 3D Art/Materials/ROOF_COLOR_VARIATION/ROOF_BRICK.mat","Assets/BornToDig/PrefabGallery/GalleryMaterials/ROOF_BRICK_a116e8d3_Transparent.mat","ROOF_BRICK","Universal Render Pipeline/2D/Mesh2D-Lit-Default","Universal Render Pipeline/Lit"
"gallery_copy_applied","urp_2d_shader_on_3d_renderer","Assets/Daniel Mistage/STYLIZED Low Poly Fantasy Bundle/STYLIZED Fantasy Village - Low Poly 3D Art/Prefabs/Buildings/Preset Buildings/SFV_Building_5 (1).prefab","Assets/Daniel Mistage/STYLIZED Low Poly Fantasy Bundle/STYLIZED Fantasy Village - Low Poly 3D Art/Materials/ROOF_COLOR_VARIATION/ROOF_BRICK.mat","Assets/BornToDig/PrefabGallery/GalleryMaterials/ROOF_BRICK_a116e8d3_Transparent.mat","ROOF_BRICK","Universal Render Pipeline/2D/Mesh2D-Lit-Default","Universal Render Pipeline/Lit"
"gallery_copy_applied","urp_2d_shader_on_3d_renderer","Assets/Daniel Mistage/STYLIZED Low Poly Fantasy Bundle/STYLIZED Fantasy Village - Low Poly 3D Art/Prefabs/Buildings/Preset Buildings/SFV_Building_5 (1).prefab","Assets/Daniel Mistage/STYLIZED Low Poly Fantasy Bundle/STYLIZED Fantasy Village - Low Poly 3D Art/Materials/ROOF_COLOR_VARIATION/ROOF_BRICK.mat","Assets/BornToDig/PrefabGallery/GalleryMaterials/ROOF_BRICK_a116e8d3_Transparent.mat","ROOF_BRICK","Universal Render Pipeline/2D/Mesh2D-Lit-Default","Universal Render Pipeline/Lit"
"gallery_copy_applied","urp_2d_shader_on_3d_renderer","Assets/Daniel Mistage/STYLIZED Low Poly Fantasy Bundle/STYLIZED Fantasy Village - Low Poly 3D Art/Prefabs/Buildings/Preset Buildings/SFV_Building_6 (1).prefab","Assets/Daniel Mistage/STYLIZED Low Poly Fantasy Bundle/STYLIZED Fantasy Village - Low Poly 3D Art/Materials/ROOF_COLOR_VARIATION/ROOF_BRICK.mat","Assets/BornToDig/PrefabGallery/GalleryMaterials/ROOF_BRICK_a116e8d3_Transparent.mat","ROOF_BRICK","Universal Render Pipeline/2D/Mesh2D-Lit-Default","Universal Render Pipeline/Lit"
"gallery_copy_applied","urp_2d_shader_on_3d_renderer","Assets/Daniel Mistage/STYLIZED Low Poly Fantasy Bundle/STYLIZED Fantasy Village - Low Poly 3D Art/Prefabs/Buildings/Preset Buildings/SFV_Building_6 (1).prefab","Assets/Daniel Mistage/STYLIZED Low Poly Fantasy Bundle/STYLIZED Fantasy Village - Low Poly 3D Art/Materials/ROOF_COLOR_VARIATION/ROOF_BRICK.mat","Assets/BornToDig/PrefabGallery/GalleryMaterials/ROOF_BRICK_a116e8d3_Transparent.mat","ROOF_BRICK","Universal Render Pipeline/2D/Mesh2D-Lit-Default","Universal Render Pipeline/Lit"
"gallery_copy_applied","urp_2d_shader_on_3d_renderer","Assets/Daniel Mistage/STYLIZED Low Poly Fantasy Bundle/STYLIZED Fantasy Village - Low Poly 3D Art/Prefabs/Buildings/Preset Buildings/SFV_Building_6 (1).prefab","Assets/Daniel Mistage/STYLIZED Low Poly Fantasy Bundle/STYLIZED Fantasy Village - Low Poly 3D Art/Materials/ROOF_COLOR_VARIATION/ROOF_BRICK.mat","Assets/BornToDig/PrefabGallery/GalleryMaterials/ROOF_BRICK_a116e8d3_Transparent.mat","ROOF_BRICK","Universal Render Pipeline/2D/Mesh2D-Lit-Default","Universal Render Pipeline/Lit"
"gallery_copy_applied","urp_2d_shader_on_3d_renderer","Assets/Daniel Mistage/STYLIZED Low Poly Fantasy Bundle/STYLIZED Fantasy Village - Low Poly 3D Art/Prefabs/Buildings/Preset Buildings/SFV_Building_6 (1).prefab","Assets/Daniel Mistage/STYLIZED Low Poly Fantasy Bundle/STYLIZED Fantasy Village - Low Poly 3D Art/Materials/ROOF_COLOR_VARIATION/ROOF_BRICK.mat","Assets/BornToDig/PrefabGallery/GalleryMaterials/ROOF_BRICK_a116e8d3_Transparent.mat","ROOF_BRICK","Universal Render Pipeline/2D/Mesh2D-Lit-Default","Universal Render Pipeline/Lit"
"gallery_copy_applied","urp_2d_shader_on_3d_renderer","Assets/Daniel Mistage/STYLIZED Low Poly Fantasy Bundle/STYLIZED Fantasy Village - Low Poly 3D Art/Prefabs/Buildings/Preset Buildings/SFV_Building_6 (1).prefab","Assets/Daniel Mistage/STYLIZED Low Poly Fantasy Bundle/STYLIZED Fantasy Village - Low Poly 3D Art/Materials/ROOF_COLOR_VARIATION/ROOF_BRICK.mat","Assets/BornToDig/PrefabGallery/GalleryMaterials/ROOF_BRICK_a116e8d3_Transparent.mat","ROOF_BRICK","Universal Render Pipeline/2D/Mesh2D-Lit-Default","Universal Render Pipeline/Lit"
"gallery_copy_applied","urp_2d_shader_on_3d_renderer","Assets/Daniel Mistage/STYLIZED Low Poly Fantasy Bundle/STYLIZED Fantasy Village - Low Poly 3D Art/Prefabs/Buildings/Preset Buildings/SFV_Building_6 (1).prefab","Assets/Daniel Mistage/STYLIZED Low Poly Fantasy Bundle/STYLIZED Fantasy Village - Low Poly 3D Art/Materials/ROOF_COLOR_VARIATION/ROOF_BRICK.mat","Assets/BornToDig/PrefabGallery/GalleryMaterials/ROOF_BRICK_a116e8d3_Transparent.mat","ROOF_BRICK","Universal Render Pipeline/2D/Mesh2D-Lit-Default","Universal Render Pipeline/Lit"
"gallery_copy_applied","urp_2d_shader_on_3d_renderer","Assets/Daniel Mistage/STYLIZED Low Poly Fantasy Bundle/STYLIZED Fantasy Village - Low Poly 3D Art/Prefabs/Buildings/Preset Buildings/SFV_Building_6 (1).prefab","Assets/Daniel Mistage/STYLIZED Low Poly Fantasy Bundle/STYLIZED Fantasy Village - Low Poly 3D Art/Materials/ROOF_COLOR_VARIATION/ROOF_BRICK.mat","Assets/BornToDig/PrefabGallery/GalleryMaterials/ROOF_BRICK_a116e8d3_Transparent.mat","ROOF_BRICK","Universal Render Pipeline/2D/Mesh2D-Lit-Default","Universal Render Pipeline/Lit"
"gallery_copy_applied","urp_2d_shader_on_3d_renderer","Assets/Daniel Mistage/STYLIZED Low Poly Fantasy Bundle/STYLIZED Fantasy Village - Low Poly 3D Art/Prefabs/Buildings/Preset Buildings/SFV_Building_6 (1).prefab","Assets/Daniel Mistage/STYLIZED Low Poly Fantasy Bundle/STYLIZED Fantasy Village - Low Poly 3D Art/Materials/ROOF_COLOR_VARIATION/ROOF_BRICK.mat","Assets/BornToDig/PrefabGallery/GalleryMaterials/ROOF_BRICK_a116e8d3_Transparent.mat","ROOF_BRICK","Universal Render Pipeline/2D/Mesh2D-Lit-Default","Universal Render Pipeline/Lit"
"gallery_copy_applied","urp_2d_shader_on_3d_renderer","Assets/Daniel Mistage/STYLIZED Low Poly Fantasy Bundle/STYLIZED Fantasy Village - Low Poly 3D Art/Prefabs/Buildings/Preset Buildings/SFV_Building_6 (1).prefab","Assets/Daniel Mistage/STYLIZED Low Poly Fantasy Bundle/STYLIZED Fantasy Village - Low Poly 3D Art/Materials/ROOF_COLOR_VARIATION/ROOF_BRICK.mat","Assets/BornToDig/PrefabGallery/GalleryMaterials/ROOF_BRICK_a116e8d3_Transparent.mat","ROOF_BRICK","Universal Render Pipeline/2D/Mesh2D-Lit-Default","Universal Render Pipeline/Lit"
"gallery_copy_applied","urp_2d_shader_on_3d_renderer","Assets/Daniel Mistage/STYLIZED Low Poly Fantasy Bundle/STYLIZED Fantasy Village - Low Poly 3D Art/Prefabs/Buildings/Preset Buildings/SFV_Building_6 (1).prefab","Assets/Daniel Mistage/STYLIZED Low Poly Fantasy Bundle/STYLIZED Fantasy Village - Low Poly 3D Art/Materials/ROOF_COLOR_VARIATION/ROOF_BRICK.mat","Assets/BornToDig/PrefabGallery/GalleryMaterials/ROOF_BRICK_a116e8d3_Transparent.mat","ROOF_BRICK","Universal Render Pipeline/2D/Mesh2D-Lit-Default","Universal Render Pipeline/Lit"
"gallery_copy_applied","urp_2d_shader_on_3d_renderer","Assets/Daniel Mistage/STYLIZED Low Poly Fantasy Bundle/STYLIZED Fantasy Village - Low Poly 3D Art/Prefabs/Buildings/Preset Buildings/SFV_Building_6 (1).prefab","Assets/Daniel Mistage/STYLIZED Low Poly Fantasy Bundle/STYLIZED Fantasy Village - Low Poly 3D Art/Materials/ROOF_COLOR_VARIATION/ROOF_BRICK.mat","Assets/BornToDig/PrefabGallery/GalleryMaterials/ROOF_BRICK_a116e8d3_Transparent.mat","ROOF_BRICK","Universal Render Pipeline/2D/Mesh2D-Lit-Default","Universal Render Pipeline/Lit"
"gallery_copy_applied","urp_2d_shader_on_3d_renderer","Assets/Daniel Mistage/STYLIZED Low Poly Fantasy Bundle/STYLIZED Fantasy Village - Low Poly 3D Art/Prefabs/Buildings/Preset Buildings/SFV_Building_6 (1).prefab","Assets/Daniel Mistage/STYLIZED Low Poly Fantasy Bundle/STYLIZED Fantasy Village - Low Poly 3D Art/Materials/ROOF_COLOR_VARIATION/ROOF_BRICK.mat","Assets/BornToDig/PrefabGallery/GalleryMaterials/ROOF_BRICK_a116e8d3_Transparent.mat","ROOF_BRICK","Universal Render Pipeline/2D/Mesh2D-Lit-Default","Universal Render Pipeline/Lit"
"gallery_copy_applied","urp_2d_shader_on_3d_renderer","Assets/Daniel Mistage/STYLIZED Low Poly Fantasy Bundle/STYLIZED Fantasy Village - Low Poly 3D Art/Prefabs/Buildings/Preset Buildings/SFV_Building_6 (1).prefab","Assets/Daniel Mistage/STYLIZED Low Poly Fantasy Bundle/STYLIZED Fantasy Village - Low Poly 3D Art/Materials/ROOF_COLOR_VARIATION/ROOF_BRICK.mat","Assets/BornToDig/PrefabGallery/GalleryMaterials/ROOF_BRICK_a116e8d3_Transparent.mat","ROOF_BRICK","Universal Render Pipeline/2D/Mesh2D-Lit-Default","Universal Render Pipeline/Lit"
"gallery_copy_applied","urp_2d_shader_on_3d_renderer","Assets/Daniel Mistage/STYLIZED Low Poly Fantasy Bundle/STYLIZED Fantasy Village - Low Poly 3D Art/Prefabs/Buildings/Preset Buildings/SFV_Building_6 (1).prefab","Assets/Daniel Mistage/STYLIZED Low Poly Fantasy Bundle/STYLIZED Fantasy Village - Low Poly 3D Art/Materials/ROOF_COLOR_VARIATION/ROOF_BRICK.mat","Assets/BornToDig/PrefabGallery/GalleryMaterials/ROOF_BRICK_a116e8d3_Transparent.mat","ROOF_BRICK","Universal Render Pipeline/2D/Mesh2D-Lit-Default","Universal Render Pipeline/Lit"
"gallery_copy_applied","urp_2d_shader_on_3d_renderer","Assets/Daniel Mistage/STYLIZED Low Poly Fantasy Bundle/STYLIZED Fantasy Village - Low Poly 3D Art/Prefabs/Buildings/Preset Buildings/SFV_Building_6 (1).prefab","Assets/Daniel Mistage/STYLIZED Low Poly Fantasy Bundle/STYLIZED Fantasy Village - Low Poly 3D Art/Materials/ROOF_COLOR_VARIATION/ROOF_BRICK.mat","Assets/BornToDig/PrefabGallery/GalleryMaterials/ROOF_BRICK_a116e8d3_Transparent.mat","ROOF_BRICK","Universal Render Pipeline/2D/Mesh2D-Lit-Default","Universal Render Pipeline/Lit"
"gallery_copy_applied","urp_2d_shader_on_3d_renderer","Assets/Daniel Mistage/STYLIZED Low Poly Fantasy Bundle/STYLIZED Fantasy Village - Low Poly 3D Art/Prefabs/Buildings/Preset Buildings/SFV_Building_6 (1).prefab","Assets/Daniel Mistage/STYLIZED Low Poly Fantasy Bundle/STYLIZED Fantasy Village - Low Poly 3D Art/Materials/ROOF_COLOR_VARIATION/ROOF_BRICK.mat","Assets/BornToDig/PrefabGallery/GalleryMaterials/ROOF_BRICK_a116e8d3_Transparent.mat","ROOF_BRICK","Universal Render Pipeline/2D/Mesh2D-Lit-Default","Universal Render Pipeline/Lit"
"gallery_copy_applied","urp_2d_shader_on_3d_renderer","Assets/Daniel Mistage/STYLIZED Low Poly Fantasy Bundle/STYLIZED Fantasy Village - Low Poly 3D Art/Prefabs/Buildings/Preset Buildings/SFV_Building_6 (1).prefab","Assets/Daniel Mistage/STYLIZED Low Poly Fantasy Bundle/STYLIZED Fantasy Village - Low Poly 3D Art/Materials/ROOF_COLOR_VARIATION/ROOF_BRICK.mat","Assets/BornToDig/PrefabGallery/GalleryMaterials/ROOF_BRICK_a116e8d3_Transparent.mat","ROOF_BRICK","Universal Render Pipeline/2D/Mesh2D-Lit-Default","Universal Render Pipeline/Lit"
"gallery_copy_applied","urp_2d_shader_on_3d_renderer","Assets/Daniel Mistage/STYLIZED Low Poly Fantasy Bundle/STYLIZED Fantasy Village - Low Poly 3D Art/Prefabs/Buildings/Roof/L/Color Variation/SFV_Roof_Bisect_L_L 1.prefab","Assets/Daniel Mistage/STYLIZED Low Poly Fantasy Bundle/STYLIZED Fantasy Village - Low Poly 3D Art/Materials/ROOF_COLOR_VARIATION/ROOF_BRICK.mat","Assets/BornToDig/PrefabGallery/GalleryMaterials/ROOF_BRICK_a116e8d3_Transparent.mat","ROOF_BRICK","Universal Render Pipeline/2D/Mesh2D-Lit-Default","Universal Render Pipeline/Lit"
"gallery_copy_applied","urp_2d_shader_on_3d_renderer","Assets/Daniel Mistage/STYLIZED Low Poly Fantasy Bundle/STYLIZED Fantasy Village - Low Poly 3D Art/Prefabs/Buildings/Roof/L/Color Variation/SFV_Roof_Bisect_R_L 1.prefab","Assets/Daniel Mistage/STYLIZED Low Poly Fantasy Bundle/STYLIZED Fantasy Village - Low Poly 3D Art/Materials/ROOF_COLOR_VARIATION/ROOF_BRICK.mat","Assets/BornToDig/PrefabGallery/GalleryMaterials/ROOF_BRICK_a116e8d3_Transparent.mat","ROOF_BRICK","Universal Render Pipeline/2D/Mesh2D-Lit-Default","Universal Render Pipeline/Lit"
"gallery_copy_applied","urp_2d_shader_on_3d_renderer","Assets/Daniel Mistage/STYLIZED Low Poly Fantasy Bundle/STYLIZED Fantasy Village - Low Poly 3D Art/Prefabs/Buildings/Roof/L/Color Variation/SFV_Roof_Front_L_L 1.prefab","Assets/Daniel Mistage/STYLIZED Low Poly Fantasy Bundle/STYLIZED Fantasy Village - Low Poly 3D Art/Materials/ROOF_COLOR_VARIATION/ROOF_BRICK.mat","Assets/BornToDig/PrefabGallery/GalleryMaterials/ROOF_BRICK_a116e8d3_Transparent.mat","ROOF_BRICK","Universal Render Pipeline/2D/Mesh2D-Lit-Default","Universal Render Pipeline/Lit"
"gallery_copy_applied","urp_2d_shader_on_3d_renderer","Assets/Daniel Mistage/STYLIZED Low Poly Fantasy Bundle/STYLIZED Fantasy Village - Low Poly 3D Art/Prefabs/Buildings/Roof/L/Color Variation/SFV_Roof_Front_R_L 1.prefab","Assets/Daniel Mistage/STYLIZED Low Poly Fantasy Bundle/STYLIZED Fantasy Village - Low Poly 3D Art/Materials/ROOF_COLOR_VARIATION/ROOF_BRICK.mat","Assets/BornToDig/PrefabGallery/GalleryMaterials/ROOF_BRICK_a116e8d3_Transparent.mat","ROOF_BRICK","Universal Render Pipeline/2D/Mesh2D-Lit-Default","Universal Render Pipeline/Lit"
"gallery_copy_applied","urp_2d_shader_on_3d_renderer","Assets/Daniel Mistage/STYLIZED Low Poly Fantasy Bundle/STYLIZED Fantasy Village - Low Poly 3D Art/Prefabs/Buildings/Roof/L/Color Variation/SFV_Roof_L 1.prefab","Assets/Daniel Mistage/STYLIZED Low Poly Fantasy Bundle/STYLIZED Fantasy Village - Low Poly 3D Art/Materials/ROOF_COLOR_VARIATION/ROOF_BRICK.mat","Assets/BornToDig/PrefabGallery/GalleryMaterials/ROOF_BRICK_a116e8d3_Transparent.mat","ROOF_BRICK","Universal Render Pipeline/2D/Mesh2D-Lit-Default","Universal Render Pipeline/Lit"
"gallery_copy_applied","urp_2d_shader_on_3d_renderer","Assets/Daniel Mistage/STYLIZED Low Poly Fantasy Bundle/STYLIZED Fantasy Village - Low Poly 3D Art/Prefabs/Buildings/Roof/L/Color Variation/SFV_Roof_L 1.prefab","Assets/Daniel Mistage/STYLIZED Low Poly Fantasy Bundle/STYLIZED Fantasy Village - Low Poly 3D Art/Materials/ROOF_COLOR_VARIATION/ROOF_BRICK.mat","Assets/BornToDig/PrefabGallery/GalleryMaterials/ROOF_BRICK_a116e8d3_Transparent.mat","ROOF_BRICK","Universal Render Pipeline/2D/Mesh2D-Lit-Default","Universal Render Pipeline/Lit"
"gallery_copy_applied","urp_2d_shader_on_3d_renderer","Assets/Daniel Mistage/STYLIZED Low Poly Fantasy Bundle/STYLIZED Fantasy Village - Low Poly 3D Art/Prefabs/Buildings/Roof/L/Color Variation/SFV_Roof_L_001 1.prefab","Assets/Daniel Mistage/STYLIZED Low Poly Fantasy Bundle/STYLIZED Fantasy Village - Low Poly 3D Art/Materials/ROOF_COLOR_VARIATION/ROOF_BRICK.mat","Assets/BornToDig/PrefabGallery/GalleryMaterials/ROOF_BRICK_a116e8d3_Transparent.mat","ROOF_BRICK","Universal Render Pipeline/2D/Mesh2D-Lit-Default","Universal Render Pipeline/Lit"
"gallery_copy_applied","urp_2d_shader_on_3d_renderer","Assets/Daniel Mistage/STYLIZED Low Poly Fantasy Bundle/STYLIZED Fantasy Village - Low Poly 3D Art/Prefabs/Buildings/Roof/L/Color Variation/SFV_Roof_L_002 1.prefab","Assets/Daniel Mistage/STYLIZED Low Poly Fantasy Bundle/STYLIZED Fantasy Village - Low Poly 3D Art/Materials/ROOF_COLOR_VARIATION/ROOF_BRICK.mat","Assets/BornToDig/PrefabGallery/GalleryMaterials/ROOF_BRICK_a116e8d3_Transparent.mat","ROOF_BRICK","Universal Render Pipeline/2D/Mesh2D-Lit-Default","Universal Render Pipeline/Lit"
"gallery_copy_applied","urp_2d_shader_on_3d_renderer","Assets/Daniel Mistage/STYLIZED Low Poly Fantasy Bundle/STYLIZED Fantasy Village - Low Poly 3D Art/Prefabs/Buildings/Roof/M/Color Variation/SFV_Roof_Bisect_L_M.prefab","Assets/Daniel Mistage/STYLIZED Low Poly Fantasy Bundle/STYLIZED Fantasy Village - Low Poly 3D Art/Materials/ROOF_COLOR_VARIATION/ROOF_BRICK.mat","Assets/BornToDig/PrefabGallery/GalleryMaterials/ROOF_BRICK_a116e8d3_Transparent.mat","ROOF_BRICK","Universal Render Pipeline/2D/Mesh2D-Lit-Default","Universal Render Pipeline/Lit"
"gallery_copy_applied","urp_2d_shader_on_3d_renderer","Assets/Daniel Mistage/STYLIZED Low Poly Fantasy Bundle/STYLIZED Fantasy Village - Low Poly 3D Art/Prefabs/Buildings/Roof/M/Color Variation/SFV_Roof_Bisect_R_M.prefab","Assets/Daniel Mistage/STYLIZED Low Poly Fantasy Bundle/STYLIZED Fantasy Village - Low Poly 3D Art/Materials/ROOF_COLOR_VARIATION/ROOF_BRICK.mat","Assets/BornToDig/PrefabGallery/GalleryMaterials/ROOF_BRICK_a116e8d3_Transparent.mat","ROOF_BRICK","Universal Render Pipeline/2D/Mesh2D-Lit-Default","Universal Render Pipeline/Lit"
"gallery_copy_applied","urp_2d_shader_on_3d_renderer","Assets/Daniel Mistage/STYLIZED Low Poly Fantasy Bundle/STYLIZED Fantasy Village - Low Poly 3D Art/Prefabs/Buildings/Roof/M/Color Variation/SFV_Roof_Front_L_M.prefab","Assets/Daniel Mistage/STYLIZED Low Poly Fantasy Bundle/STYLIZED Fantasy Village - Low Poly 3D Art/Materials/ROOF_COLOR_VARIATION/ROOF_BRICK.mat","Assets/BornToDig/PrefabGallery/GalleryMaterials/ROOF_BRICK_a116e8d3_Transparent.mat","ROOF_BRICK","Universal Render Pipeline/2D/Mesh2D-Lit-Default","Universal Render Pipeline/Lit"
"gallery_copy_applied","urp_2d_shader_on_3d_renderer","Assets/Daniel Mistage/STYLIZED Low Poly Fantasy Bundle/STYLIZED Fantasy Village - Low Poly 3D Art/Prefabs/Buildings/Roof/M/Color Variation/SFV_Roof_Front_R_M.prefab","Assets/Daniel Mistage/STYLIZED Low Poly Fantasy Bundle/STYLIZED Fantasy Village - Low Poly 3D Art/Materials/ROOF_COLOR_VARIATION/ROOF_BRICK.mat","Assets/BornToDig/PrefabGallery/GalleryMaterials/ROOF_BRICK_a116e8d3_Transparent.mat","ROOF_BRICK","Universal Render Pipeline/2D/Mesh2D-Lit-Default","Universal Render Pipeline/Lit"
"gallery_copy_applied","urp_2d_shader_on_3d_renderer","Assets/Daniel Mistage/STYLIZED Low Poly Fantasy Bundle/STYLIZED Fantasy Village - Low Poly 3D Art/Prefabs/Buildings/Roof/M/Color Variation/SFV_Roof_M.prefab","Assets/Daniel Mistage/STYLIZED Low Poly Fantasy Bundle/STYLIZED Fantasy Village - Low Poly 3D Art/Materials/ROOF_COLOR_VARIATION/ROOF_BRICK.mat","Assets/BornToDig/PrefabGallery/GalleryMaterials/ROOF_BRICK_a116e8d3_Transparent.mat","ROOF_BRICK","Universal Render Pipeline/2D/Mesh2D-Lit-Default","Universal Render Pipeline/Lit"
"gallery_copy_applied","urp_2d_shader_on_3d_renderer","Assets/Daniel Mistage/STYLIZED Low Poly Fantasy Bundle/STYLIZED Fantasy Village - Low Poly 3D Art/Prefabs/Buildings/Roof/M/Color Variation/SFV_Roof_M.prefab","Assets/Daniel Mistage/STYLIZED Low Poly Fantasy Bundle/STYLIZED Fantasy Village - Low Poly 3D Art/Materials/ROOF_COLOR_VARIATION/ROOF_BRICK.mat","Assets/BornToDig/PrefabGallery/GalleryMaterials/ROOF_BRICK_a116e8d3_Transparent.mat","ROOF_BRICK","Universal Render Pipeline/2D/Mesh2D-Lit-Default","Universal Render Pipeline/Lit"
"gallery_copy_applied","urp_2d_shader_on_3d_renderer","Assets/Daniel Mistage/STYLIZED Low Poly Fantasy Bundle/STYLIZED Fantasy Village - Low Poly 3D Art/Prefabs/Buildings/Roof/M/Color Variation/SFV_Roof_M_001.prefab","Assets/Daniel Mistage/STYLIZED Low Poly Fantasy Bundle/STYLIZED Fantasy Village - Low Poly 3D Art/Materials/ROOF_COLOR_VARIATION/ROOF_BRICK.mat","Assets/BornToDig/PrefabGallery/GalleryMaterials/ROOF_BRICK_a116e8d3_Transparent.mat","ROOF_BRICK","Universal Render Pipeline/2D/Mesh2D-Lit-Default","Universal Render Pipeline/Lit"
"gallery_copy_applied","urp_2d_shader_on_3d_renderer","Assets/Daniel Mistage/STYLIZED Low Poly Fantasy Bundle/STYLIZED Fantasy Village - Low Poly 3D Art/Prefabs/Buildings/Roof/M/Color Variation/SFV_Roof_M_002.prefab","Assets/Daniel Mistage/STYLIZED Low Poly Fantasy Bundle/STYLIZED Fantasy Village - Low Poly 3D Art/Materials/ROOF_COLOR_VARIATION/ROOF_BRICK.mat","Assets/BornToDig/PrefabGallery/GalleryMaterials/ROOF_BRICK_a116e8d3_Transparent.mat","ROOF_BRICK","Universal Render Pipeline/2D/Mesh2D-Lit-Default","Universal Render Pipeline/Lit"
"gallery_copy_applied","urp_2d_shader_on_3d_renderer","Assets/Daniel Mistage/STYLIZED Low Poly Fantasy Bundle/STYLIZED Fantasy Village - Low Poly 3D Art/Prefabs/Buildings/Roof/S/Color Variation/SFV_Roof_Bisect_L_S.prefab","Assets/Daniel Mistage/STYLIZED Low Poly Fantasy Bundle/STYLIZED Fantasy Village - Low Poly 3D Art/Materials/ROOF_COLOR_VARIATION/ROOF_BRICK.mat","Assets/BornToDig/PrefabGallery/GalleryMaterials/ROOF_BRICK_a116e8d3_Transparent.mat","ROOF_BRICK","Universal Render Pipeline/2D/Mesh2D-Lit-Default","Universal Render Pipeline/Lit"
"gallery_copy_applied","urp_2d_shader_on_3d_renderer","Assets/Daniel Mistage/STYLIZED Low Poly Fantasy Bundle/STYLIZED Fantasy Village - Low Poly 3D Art/Prefabs/Buildings/Roof/S/Color Variation/SFV_Roof_Bisect_R_S.prefab","Assets/Daniel Mistage/STYLIZED Low Poly Fantasy Bundle/STYLIZED Fantasy Village - Low Poly 3D Art/Materials/ROOF_COLOR_VARIATION/ROOF_BRICK.mat","Assets/BornToDig/PrefabGallery/GalleryMaterials/ROOF_BRICK_a116e8d3_Transparent.mat","ROOF_BRICK","Universal Render Pipeline/2D/Mesh2D-Lit-Default","Universal Render Pipeline/Lit"
"gallery_copy_applied","urp_2d_shader_on_3d_renderer","Assets/Daniel Mistage/STYLIZED Low Poly Fantasy Bundle/STYLIZED Fantasy Village - Low Poly 3D Art/Prefabs/Buildings/Roof/S/Color Variation/SFV_Roof_Front_L_S.prefab","Assets/Daniel Mistage/STYLIZED Low Poly Fantasy Bundle/STYLIZED Fantasy Village - Low Poly 3D Art/Materials/ROOF_COLOR_VARIATION/ROOF_BRICK.mat","Assets/BornToDig/PrefabGallery/GalleryMaterials/ROOF_BRICK_a116e8d3_Transparent.mat","ROOF_BRICK","Universal Render Pipeline/2D/Mesh2D-Lit-Default","Universal Render Pipeline/Lit"
"gallery_copy_applied","urp_2d_shader_on_3d_renderer","Assets/Daniel Mistage/STYLIZED Low Poly Fantasy Bundle/STYLIZED Fantasy Village - Low Poly 3D Art/Prefabs/Buildings/Roof/S/Color Variation/SFV_Roof_Front_R_S.prefab","Assets/Daniel Mistage/STYLIZED Low Poly Fantasy Bundle/STYLIZED Fantasy Village - Low Poly 3D Art/Materials/ROOF_COLOR_VARIATION/ROOF_BRICK.mat","Assets/BornToDig/PrefabGallery/GalleryMaterials/ROOF_BRICK_a116e8d3_Transparent.mat","ROOF_BRICK","Universal Render Pipeline/2D/Mesh2D-Lit-Default","Universal Render Pipeline/Lit"
"gallery_copy_applied","urp_2d_shader_on_3d_renderer","Assets/Daniel Mistage/STYLIZED Low Poly Fantasy Bundle/STYLIZED Fantasy Village - Low Poly 3D Art/Prefabs/Buildings/Roof/S/Color Variation/SFV_Roof_S.prefab","Assets/Daniel Mistage/STYLIZED Low Poly Fantasy Bundle/STYLIZED Fantasy Village - Low Poly 3D Art/Materials/ROOF_COLOR_VARIATION/ROOF_BRICK.mat","Assets/BornToDig/PrefabGallery/GalleryMaterials/ROOF_BRICK_a116e8d3_Transparent.mat","ROOF_BRICK","Universal Render Pipeline/2D/Mesh2D-Lit-Default","Universal Render Pipeline/Lit"
"gallery_copy_applied","urp_2d_shader_on_3d_renderer","Assets/Daniel Mistage/STYLIZED Low Poly Fantasy Bundle/STYLIZED Fantasy Village - Low Poly 3D Art/Prefabs/Buildings/Roof/S/Color Variation/SFV_Roof_S.prefab","Assets/Daniel Mistage/STYLIZED Low Poly Fantasy Bundle/STYLIZED Fantasy Village - Low Poly 3D Art/Materials/ROOF_COLOR_VARIATION/ROOF_BRICK.mat","Assets/BornToDig/PrefabGallery/GalleryMaterials/ROOF_BRICK_a116e8d3_Transparent.mat","ROOF_BRICK","Universal Render Pipeline/2D/Mesh2D-Lit-Default","Universal Render Pipeline/Lit"
"gallery_copy_applied","urp_2d_shader_on_3d_renderer","Assets/Daniel Mistage/STYLIZED Low Poly Fantasy Bundle/STYLIZED Fantasy Village - Low Poly 3D Art/Prefabs/Buildings/Roof/S/Color Variation/SFV_Roof_S_001.prefab","Assets/Daniel Mistage/STYLIZED Low Poly Fantasy Bundle/STYLIZED Fantasy Village - Low Poly 3D Art/Materials/ROOF_COLOR_VARIATION/ROOF_BRICK.mat","Assets/BornToDig/PrefabGallery/GalleryMaterials/ROOF_BRICK_a116e8d3_Transparent.mat","ROOF_BRICK","Universal Render Pipeline/2D/Mesh2D-Lit-Default","Universal Render Pipeline/Lit"
"gallery_copy_applied","urp_2d_shader_on_3d_renderer","Assets/Daniel Mistage/STYLIZED Low Poly Fantasy Bundle/STYLIZED Fantasy Village - Low Poly 3D Art/Prefabs/Buildings/Roof/S/Color Variation/SFV_Roof_S_002.prefab","Assets/Daniel Mistage/STYLIZED Low Poly Fantasy Bundle/STYLIZED Fantasy Village - Low Poly 3D Art/Materials/ROOF_COLOR_VARIATION/ROOF_BRICK.mat","Assets/BornToDig/PrefabGallery/GalleryMaterials/ROOF_BRICK_a116e8d3_Transparent.mat","ROOF_BRICK","Universal Render Pipeline/2D/Mesh2D-Lit-Default","Universal Render Pipeline/Lit"
"gallery_copy_applied","urp_2d_shader_on_3d_renderer","Assets/Daniel Mistage/STYLIZED Low Poly Fantasy Bundle/STYLIZED Fantasy Village - Low Poly 3D Art/Prefabs/Buildings/Roof/XL/Color Variation/SFV_Roof_Bisect_L_XL.prefab","Assets/Daniel Mistage/STYLIZED Low Poly Fantasy Bundle/STYLIZED Fantasy Village - Low Poly 3D Art/Materials/ROOF_COLOR_VARIATION/ROOF_BRICK.mat","Assets/BornToDig/PrefabGallery/GalleryMaterials/ROOF_BRICK_a116e8d3_Transparent.mat","ROOF_BRICK","Universal Render Pipeline/2D/Mesh2D-Lit-Default","Universal Render Pipeline/Lit"
"gallery_copy_applied","urp_2d_shader_on_3d_renderer","Assets/Daniel Mistage/STYLIZED Low Poly Fantasy Bundle/STYLIZED Fantasy Village - Low Poly 3D Art/Prefabs/Buildings/Roof/XL/Color Variation/SFV_Roof_Bisect_R_XL.prefab","Assets/Daniel Mistage/STYLIZED Low Poly Fantasy Bundle/STYLIZED Fantasy Village - Low Poly 3D Art/Materials/ROOF_COLOR_VARIATION/ROOF_BRICK.mat","Assets/BornToDig/PrefabGallery/GalleryMaterials/ROOF_BRICK_a116e8d3_Transparent.mat","ROOF_BRICK","Universal Render Pipeline/2D/Mesh2D-Lit-Default","Universal Render Pipeline/Lit"
"gallery_copy_applied","urp_2d_shader_on_3d_renderer","Assets/Daniel Mistage/STYLIZED Low Poly Fantasy Bundle/STYLIZED Fantasy Village - Low Poly 3D Art/Prefabs/Buildings/Roof/XL/Color Variation/SFV_Roof_Front_L_XL.prefab","Assets/Daniel Mistage/STYLIZED Low Poly Fantasy Bundle/STYLIZED Fantasy Village - Low Poly 3D Art/Materials/ROOF_COLOR_VARIATION/ROOF_BRICK.mat","Assets/BornToDig/PrefabGallery/GalleryMaterials/ROOF_BRICK_a116e8d3_Transparent.mat","ROOF_BRICK","Universal Render Pipeline/2D/Mesh2D-Lit-Default","Universal Render Pipeline/Lit"
"gallery_copy_applied","urp_2d_shader_on_3d_renderer","Assets/Daniel Mistage/STYLIZED Low Poly Fantasy Bundle/STYLIZED Fantasy Village - Low Poly 3D Art/Prefabs/Buildings/Roof/XL/Color Variation/SFV_Roof_Front_R_XL.prefab","Assets/Daniel Mistage/STYLIZED Low Poly Fantasy Bundle/STYLIZED Fantasy Village - Low Poly 3D Art/Materials/ROOF_COLOR_VARIATION/ROOF_BRICK.mat","Assets/BornToDig/PrefabGallery/GalleryMaterials/ROOF_BRICK_a116e8d3_Transparent.mat","ROOF_BRICK","Universal Render Pipeline/2D/Mesh2D-Lit-Default","Universal Render Pipeline/Lit"
"gallery_copy_applied","urp_2d_shader_on_3d_renderer","Assets/Daniel Mistage/STYLIZED Low Poly Fantasy Bundle/STYLIZED Fantasy Village - Low Poly 3D Art/Prefabs/Buildings/Roof/XL/Color Variation/SFV_Roof_XL.prefab","Assets/Daniel Mistage/STYLIZED Low Poly Fantasy Bundle/STYLIZED Fantasy Village - Low Poly 3D Art/Materials/ROOF_COLOR_VARIATION/ROOF_BRICK.mat","Assets/BornToDig/PrefabGallery/GalleryMaterials/ROOF_BRICK_a116e8d3_Transparent.mat","ROOF_BRICK","Universal Render Pipeline/2D/Mesh2D-Lit-Default","Universal Render Pipeline/Lit"
"gallery_copy_applied","urp_2d_shader_on_3d_renderer","Assets/Daniel Mistage/STYLIZED Low Poly Fantasy Bundle/STYLIZED Fantasy Village - Low Poly 3D Art/Prefabs/Buildings/Roof/XL/Color Variation/SFV_Roof_XL.prefab","Assets/Daniel Mistage/STYLIZED Low Poly Fantasy Bundle/STYLIZED Fantasy Village - Low Poly 3D Art/Materials/ROOF_COLOR_VARIATION/ROOF_BRICK.mat","Assets/BornToDig/PrefabGallery/GalleryMaterials/ROOF_BRICK_a116e8d3_Transparent.mat","ROOF_BRICK","Universal Render Pipeline/2D/Mesh2D-Lit-Default","Universal Render Pipeline/Lit"
"gallery_copy_applied","urp_2d_shader_on_3d_renderer","Assets/Daniel Mistage/STYLIZED Low Poly Fantasy Bundle/STYLIZED Fantasy Village - Low Poly 3D Art/Prefabs/Buildings/Roof/XL/Color Variation/SFV_Roof_XL_001.prefab","Assets/Daniel Mistage/STYLIZED Low Poly Fantasy Bundle/STYLIZED Fantasy Village - Low Poly 3D Art/Materials/ROOF_COLOR_VARIATION/ROOF_BRICK.mat","Assets/BornToDig/PrefabGallery/GalleryMaterials/ROOF_BRICK_a116e8d3_Transparent.mat","ROOF_BRICK","Universal Render Pipeline/2D/Mesh2D-Lit-Default","Universal Render Pipeline/Lit"
"gallery_copy_applied","urp_2d_shader_on_3d_renderer","Assets/Daniel Mistage/STYLIZED Low Poly Fantasy Bundle/STYLIZED Fantasy Village - Low Poly 3D Art/Prefabs/Buildings/Roof/XL/Color Variation/SFV_Roof_XL_002.prefab","Assets/Daniel Mistage/STYLIZED Low Poly Fantasy Bundle/STYLIZED Fantasy Village - Low Poly 3D Art/Materials/ROOF_COLOR_VARIATION/ROOF_BRICK.mat","Assets/BornToDig/PrefabGallery/GalleryMaterials/ROOF_BRICK_a116e8d3_Transparent.mat","ROOF_BRICK","Universal Render Pipeline/2D/Mesh2D-Lit-Default","Universal Render Pipeline/Lit"
"gallery_copy_applied","urp_2d_shader_on_3d_renderer","Assets/Daniel Mistage/STYLIZED Low Poly Fantasy Bundle/STYLIZED Fantasy Village - Low Poly 3D Art/Prefabs/Buildings/Walls/Wooden/Windows/Glass/SFV_Window_Wall_Wooden_M (1) 1 1.prefab","Assets/Daniel Mistage/STYLIZED Low Poly Fantasy Bundle/STYLIZED Fantasy Village - Low Poly 3D Art/Materials/ROOF_COLOR_VARIATION/ROOF_BRICK.mat","Assets/BornToDig/PrefabGallery/GalleryMaterials/ROOF_BRICK_a116e8d3_Transparent.mat","ROOF_BRICK","Universal Render Pipeline/2D/Mesh2D-Lit-Default","Universal Render Pipeline/Lit"
"gallery_copy_applied","urp_2d_shader_on_3d_renderer","Assets/Daniel Mistage/STYLIZED Low Poly Fantasy Bundle/STYLIZED Fantasy Village - Low Poly 3D Art/Prefabs/Buildings/Walls/Wooden/Windows/Glass/SFV_Window_Wall_Wooden_M (1) 2.prefab","Assets/Daniel Mistage/STYLIZED Low Poly Fantasy Bundle/STYLIZED Fantasy Village - Low Poly 3D Art/Materials/ROOF_COLOR_VARIATION/ROOF_BRICK.mat","Assets/BornToDig/PrefabGallery/GalleryMaterials/ROOF_BRICK_a116e8d3_Transparent.mat","ROOF_BRICK","Universal Render Pipeline/2D/Mesh2D-Lit-Default","Universal Render Pipeline/Lit"
"gallery_copy_applied","urp_2d_shader_on_3d_renderer","Assets/Daniel Mistage/STYLIZED Low Poly Fantasy Bundle/STYLIZED Fantasy Village - Low Poly 3D Art/Prefabs/Buildings/Walls/Wooden/Windows/Glass/SFV_Window_Wall_Wooden_S_002 1.prefab","Assets/Daniel Mistage/STYLIZED Low Poly Fantasy Bundle/STYLIZED Fantasy Village - Low Poly 3D Art/Materials/ROOF_COLOR_VARIATION/ROOF_BRICK.mat","Assets/BornToDig/PrefabGallery/GalleryMaterials/ROOF_BRICK_a116e8d3_Transparent.mat","ROOF_BRICK","Universal Render Pipeline/2D/Mesh2D-Lit-Default","Universal Render Pipeline/Lit"
"gallery_copy_applied","urp_2d_shader_on_3d_renderer","Assets/Daniel Mistage/STYLIZED Low Poly Fantasy Bundle/STYLIZED Fantasy Village - Low Poly 3D Art/Prefabs/Buildings/Walls/Wooden/Windows/Individual Parts/SFV_Window_Wall_RoofAttachable_M 1.prefab","Assets/Daniel Mistage/STYLIZED Low Poly Fantasy Bundle/STYLIZED Fantasy Village - Low Poly 3D Art/Materials/ROOF_COLOR_VARIATION/ROOF_BRICK.mat","Assets/BornToDig/PrefabGallery/GalleryMaterials/ROOF_BRICK_a116e8d3_Transparent.mat","ROOF_BRICK","Universal Render Pipeline/2D/Mesh2D-Lit-Default","Universal Render Pipeline/Lit"
"gallery_copy_applied","urp_2d_shader_on_3d_renderer","Assets/Daniel Mistage/STYLIZED Low Poly Fantasy Bundle/STYLIZED Fantasy Village - Low Poly 3D Art/Prefabs/Buildings/Walls/Wooden/Windows/Individual Parts/SFV_Window_Wall_RoofAttachable_S 1.prefab","Assets/Daniel Mistage/STYLIZED Low Poly Fantasy Bundle/STYLIZED Fantasy Village - Low Poly 3D Art/Materials/ROOF_COLOR_VARIATION/ROOF_BRICK.mat","Assets/BornToDig/PrefabGallery/GalleryMaterials/ROOF_BRICK_a116e8d3_Transparent.mat","ROOF_BRICK","Universal Render Pipeline/2D/Mesh2D-Lit-Default","Universal Render Pipeline/Lit"
"gallery_copy_applied","urp_2d_shader_on_3d_renderer","Assets/Daniel Mistage/STYLIZED Low Poly Fantasy Bundle/STYLIZED Fantasy Village - Low Poly 3D Art/Prefabs/Buildings/Walls/Wooden/Windows/SFV_Window_Wall_Wooden_M (1) 1 1.prefab","Assets/Daniel Mistage/STYLIZED Low Poly Fantasy Bundle/STYLIZED Fantasy Village - Low Poly 3D Art/Materials/ROOF_COLOR_VARIATION/ROOF_BRICK.mat","Assets/BornToDig/PrefabGallery/GalleryMaterials/ROOF_BRICK_a116e8d3_Transparent.mat","ROOF_BRICK","Universal Render Pipeline/2D/Mesh2D-Lit-Default","Universal Render Pipeline/Lit"
"gallery_copy_applied","urp_2d_shader_on_3d_renderer","Assets/Daniel Mistage/STYLIZED Low Poly Fantasy Bundle/STYLIZED Fantasy Village - Low Poly 3D Art/Prefabs/Buildings/Walls/Wooden/Windows/SFV_Window_Wall_Wooden_M (1) 2.prefab","Assets/Daniel Mistage/STYLIZED Low Poly Fantasy Bundle/STYLIZED Fantasy Village - Low Poly 3D Art/Materials/ROOF_COLOR_VARIATION/ROOF_BRICK.mat","Assets/BornToDig/PrefabGallery/GalleryMaterials/ROOF_BRICK_a116e8d3_Transparent.mat","ROOF_BRICK","Universal Render Pipeline/2D/Mesh2D-Lit-Default","Universal Render Pipeline/Lit"
"gallery_copy_applied","urp_2d_shader_on_3d_renderer","Assets/Daniel Mistage/STYLIZED Low Poly Fantasy Bundle/STYLIZED Fantasy Village - Low Poly 3D Art/Prefabs/Buildings/Walls/Wooden/Windows/SFV_Window_Wall_Wooden_S_002 1.prefab","Assets/Daniel Mistage/STYLIZED Low Poly Fantasy Bundle/STYLIZED Fantasy Village - Low Poly 3D Art/Materials/ROOF_COLOR_VARIATION/ROOF_BRICK.mat","Assets/BornToDig/PrefabGallery/GalleryMaterials/ROOF_BRICK_a116e8d3_Transparent.mat","ROOF_BRICK","Universal Render Pipeline/2D/Mesh2D-Lit-Default","Universal Render Pipeline/Lit"
"gallery_copy_applied","urp_2d_shader_on_3d_renderer","Assets/Daniel Mistage/STYLIZED Low Poly Fantasy Bundle/STYLIZED Fantasy Village - Low Poly 3D Art/Prefabs/Enviroment Props/Arch/SFV_Arch 1.prefab","Assets/Daniel Mistage/STYLIZED Low Poly Fantasy Bundle/STYLIZED Fantasy Village - Low Poly 3D Art/Materials/ROOF_COLOR_VARIATION/ROOF_BRICK.mat","Assets/BornToDig/PrefabGallery/GalleryMaterials/ROOF_BRICK_a116e8d3_Transparent.mat","ROOF_BRICK","Universal Render Pipeline/2D/Mesh2D-Lit-Default","Universal Render Pipeline/Lit"
"gallery_copy_applied","urp_2d_shader_on_3d_renderer","Assets/Daniel Mistage/STYLIZED Low Poly Fantasy Bundle/STYLIZED Fantasy Village - Low Poly 3D Art/Prefabs/Enviroment Props/Well/SFV_Well 1.prefab","Assets/Daniel Mistage/STYLIZED Low Poly Fantasy Bundle/STYLIZED Fantasy Village - Low Poly 3D Art/Materials/ROOF_COLOR_VARIATION/ROOF_BRICK.mat","Assets/BornToDig/PrefabGallery/GalleryMaterials/ROOF_BRICK_a116e8d3_Transparent.mat","ROOF_BRICK","Universal Render Pipeline/2D/Mesh2D-Lit-Default","Universal Render Pipeline/Lit"
"gallery_copy_applied","urp_2d_shader_on_3d_renderer","Assets/Daniel Mistage/STYLIZED Low Poly Fantasy Bundle/STYLIZED Fantasy Village - Low Poly 3D Art/Prefabs/Buildings/Preset Buildings/SFV_Building_1 (1).prefab","Assets/Daniel Mistage/STYLIZED Low Poly Fantasy Bundle/STYLIZED Fantasy Village - Low Poly 3D Art/Materials/TRANSPARENT.mat","Assets/BornToDig/PrefabGallery/GalleryMaterials/TRANSPARENT_f15680df_Transparent.mat","TRANSPARENT","Universal Render Pipeline/2D/Mesh2D-Lit-Default","Universal Render Pipeline/Lit"
"gallery_copy_applied","urp_2d_shader_on_3d_renderer","Assets/Daniel Mistage/STYLIZED Low Poly Fantasy Bundle/STYLIZED Fantasy Village - Low Poly 3D Art/Prefabs/Buildings/Preset Buildings/SFV_Building_1 (1).prefab","Assets/Daniel Mistage/STYLIZED Low Poly Fantasy Bundle/STYLIZED Fantasy Village - Low Poly 3D Art/Materials/TRANSPARENT.mat","Assets/BornToDig/PrefabGallery/GalleryMaterials/TRANSPARENT_f15680df_Transparent.mat","TRANSPARENT","Universal Render Pipeline/2D/Mesh2D-Lit-Default","Universal Render Pipeline/Lit"
"gallery_copy_applied","urp_2d_shader_on_3d_renderer","Assets/Daniel Mistage/STYLIZED Low Poly Fantasy Bundle/STYLIZED Fantasy Village - Low Poly 3D Art/Prefabs/Buildings/Preset Buildings/SFV_Building_1 (1).prefab","Assets/Daniel Mistage/STYLIZED Low Poly Fantasy Bundle/STYLIZED Fantasy Village - Low Poly 3D Art/Materials/TRANSPARENT.mat","Assets/BornToDig/PrefabGallery/GalleryMaterials/TRANSPARENT_f15680df_Transparent.mat","TRANSPARENT","Universal Render Pipeline/2D/Mesh2D-Lit-Default","Universal Render Pipeline/Lit"
"gallery_copy_applied","urp_2d_shader_on_3d_renderer","Assets/Daniel Mistage/STYLIZED Low Poly Fantasy Bundle/STYLIZED Fantasy Village - Low Poly 3D Art/Prefabs/Buildings/Preset Buildings/SFV_Building_1 (1).prefab","Assets/Daniel Mistage/STYLIZED Low Poly Fantasy Bundle/STYLIZED Fantasy Village - Low Poly 3D Art/Materials/TRANSPARENT.mat","Assets/BornToDig/PrefabGallery/GalleryMaterials/TRANSPARENT_f15680df_Transparent.mat","TRANSPARENT","Universal Render Pipeline/2D/Mesh2D-Lit-Default","Universal Render Pipeline/Lit"
"gallery_copy_applied","urp_2d_shader_on_3d_renderer","Assets/Daniel Mistage/STYLIZED Low Poly Fantasy Bundle/STYLIZED Fantasy Village - Low Poly 3D Art/Prefabs/Buildings/Preset Buildings/SFV_Building_1 (1).prefab","Assets/Daniel Mistage/STYLIZED Low Poly Fantasy Bundle/STYLIZED Fantasy Village - Low Poly 3D Art/Materials/TRANSPARENT.mat","Assets/BornToDig/PrefabGallery/GalleryMaterials/TRANSPARENT_f15680df_Transparent.mat","TRANSPARENT","Universal Render Pipeline/2D/Mesh2D-Lit-Default","Universal Render Pipeline/Lit"
"gallery_copy_applied","urp_2d_shader_on_3d_renderer","Assets/Daniel Mistage/STYLIZED Low Poly Fantasy Bundle/STYLIZED Fantasy Village - Low Poly 3D Art/Prefabs/Buildings/Preset Buildings/SFV_Building_1 (1).prefab","Assets/Daniel Mistage/STYLIZED Low Poly Fantasy Bundle/STYLIZED Fantasy Village - Low Poly 3D Art/Materials/TRANSPARENT.mat","Assets/BornToDig/PrefabGallery/GalleryMaterials/TRANSPARENT_f15680df_Transparent.mat","TRANSPARENT","Universal Render Pipeline/2D/Mesh2D-Lit-Default","Universal Render Pipeline/Lit"
"gallery_copy_applied","urp_2d_shader_on_3d_renderer","Assets/Daniel Mistage/STYLIZED Low Poly Fantasy Bundle/STYLIZED Fantasy Village - Low Poly 3D Art/Prefabs/Buildings/Preset Buildings/SFV_Building_1 (1).prefab","Assets/Daniel Mistage/STYLIZED Low Poly Fantasy Bundle/STYLIZED Fantasy Village - Low Poly 3D Art/Materials/TRANSPARENT.mat","Assets/BornToDig/PrefabGallery/GalleryMaterials/TRANSPARENT_f15680df_Transparent.mat","TRANSPARENT","Universal Render Pipeline/2D/Mesh2D-Lit-Default","Universal Render Pipeline/Lit"
"gallery_copy_applied","urp_2d_shader_on_3d_renderer","Assets/Daniel Mistage/STYLIZED Low Poly Fantasy Bundle/STYLIZED Fantasy Village - Low Poly 3D Art/Prefabs/Buildings/Preset Buildings/SFV_Building_1 (1).prefab","Assets/Daniel Mistage/STYLIZED Low Poly Fantasy Bundle/STYLIZED Fantasy Village - Low Poly 3D Art/Materials/TRANSPARENT.mat","Assets/BornToDig/PrefabGallery/GalleryMaterials/TRANSPARENT_f15680df_Transparent.mat","TRANSPARENT","Universal Render Pipeline/2D/Mesh2D-Lit-Default","Universal Render Pipeline/Lit"
"gallery_copy_applied","urp_2d_shader_on_3d_renderer","Assets/Daniel Mistage/STYLIZED Low Poly Fantasy Bundle/STYLIZED Fantasy Village - Low Poly 3D Art/Prefabs/Buildings/Preset Buildings/SFV_Building_1.prefab","Assets/Daniel Mistage/STYLIZED Low Poly Fantasy Bundle/STYLIZED Fantasy Village - Low Poly 3D Art/Materials/TRANSPARENT.mat","Assets/BornToDig/PrefabGallery/GalleryMaterials/TRANSPARENT_f15680df_Transparent.mat","TRANSPARENT","Universal Render Pipeline/2D/Mesh2D-Lit-Default","Universal Render Pipeline/Lit"
"gallery_copy_applied","urp_2d_shader_on_3d_renderer","Assets/Daniel Mistage/STYLIZED Low Poly Fantasy Bundle/STYLIZED Fantasy Village - Low Poly 3D Art/Prefabs/Buildings/Preset Buildings/SFV_Building_1.prefab","Assets/Daniel Mistage/STYLIZED Low Poly Fantasy Bundle/STYLIZED Fantasy Village - Low Poly 3D Art/Materials/TRANSPARENT.mat","Assets/BornToDig/PrefabGallery/GalleryMaterials/TRANSPARENT_f15680df_Transparent.mat","TRANSPARENT","Universal Render Pipeline/2D/Mesh2D-Lit-Default","Universal Render Pipeline/Lit"
"gallery_copy_applied","urp_2d_shader_on_3d_renderer","Assets/Daniel Mistage/STYLIZED Low Poly Fantasy Bundle/STYLIZED Fantasy Village - Low Poly 3D Art/Prefabs/Buildings/Preset Buildings/SFV_Building_1.prefab","Assets/Daniel Mistage/STYLIZED Low Poly Fantasy Bundle/STYLIZED Fantasy Village - Low Poly 3D Art/Materials/TRANSPARENT.mat","Assets/BornToDig/PrefabGallery/GalleryMaterials/TRANSPARENT_f15680df_Transparent.mat","TRANSPARENT","Universal Render Pipeline/2D/Mesh2D-Lit-Default","Universal Render Pipeline/Lit"
"gallery_copy_applied","urp_2d_shader_on_3d_renderer","Assets/Daniel Mistage/STYLIZED Low Poly Fantasy Bundle/STYLIZED Fantasy Village - Low Poly 3D Art/Prefabs/Buildings/Preset Buildings/SFV_Building_1.prefab","Assets/Daniel Mistage/STYLIZED Low Poly Fantasy Bundle/STYLIZED Fantasy Village - Low Poly 3D Art/Materials/TRANSPARENT.mat","Assets/BornToDig/PrefabGallery/GalleryMaterials/TRANSPARENT_f15680df_Transparent.mat","TRANSPARENT","Universal Render Pipeline/2D/Mesh2D-Lit-Default","Universal Render Pipeline/Lit"
"gallery_copy_applied","urp_2d_shader_on_3d_renderer","Assets/Daniel Mistage/STYLIZED Low Poly Fantasy Bundle/STYLIZED Fantasy Village - Low Poly 3D Art/Prefabs/Buildings/Preset Buildings/SFV_Building_1.prefab","Assets/Daniel Mistage/STYLIZED Low Poly Fantasy Bundle/STYLIZED Fantasy Village - Low Poly 3D Art/Materials/TRANSPARENT.mat","Assets/BornToDig/PrefabGallery/GalleryMaterials/TRANSPARENT_f15680df_Transparent.mat","TRANSPARENT","Universal Render Pipeline/2D/Mesh2D-Lit-Default","Universal Render Pipeline/Lit"
"gallery_copy_applied","urp_2d_shader_on_3d_renderer","Assets/Daniel Mistage/STYLIZED Low Poly Fantasy Bundle/STYLIZED Fantasy Village - Low Poly 3D Art/Prefabs/Buildings/Preset Buildings/SFV_Building_1.prefab","Assets/Daniel Mistage/STYLIZED Low Poly Fantasy Bundle/STYLIZED Fantasy Village - Low Poly 3D Art/Materials/TRANSPARENT.mat","Assets/BornToDig/PrefabGallery/GalleryMaterials/TRANSPARENT_f15680df_Transparent.mat","TRANSPARENT","Universal Render Pipeline/2D/Mesh2D-Lit-Default","Universal Render Pipeline/Lit"
"gallery_copy_applied","urp_2d_shader_on_3d_renderer","Assets/Daniel Mistage/STYLIZED Low Poly Fantasy Bundle/STYLIZED Fantasy Village - Low Poly 3D Art/Prefabs/Buildings/Preset Buildings/SFV_Building_1.prefab","Assets/Daniel Mistage/STYLIZED Low Poly Fantasy Bundle/STYLIZED Fantasy Village - Low Poly 3D Art/Materials/TRANSPARENT.mat","Assets/BornToDig/PrefabGallery/GalleryMaterials/TRANSPARENT_f15680df_Transparent.mat","TRANSPARENT","Universal Render Pipeline/2D/Mesh2D-Lit-Default","Universal Render Pipeline/Lit"
"gallery_copy_applied","urp_2d_shader_on_3d_renderer","Assets/Daniel Mistage/STYLIZED Low Poly Fantasy Bundle/STYLIZED Fantasy Village - Low Poly 3D Art/Prefabs/Buildings/Preset Buildings/SFV_Building_1.prefab","Assets/Daniel Mistage/STYLIZED Low Poly Fantasy Bundle/STYLIZED Fantasy Village - Low Poly 3D Art/Materials/TRANSPARENT.mat","Assets/BornToDig/PrefabGallery/GalleryMaterials/TRANSPARENT_f15680df_Transparent.mat","TRANSPARENT","Universal Render Pipeline/2D/Mesh2D-Lit-Default","Universal Render Pipeline/Lit"
"gallery_copy_applied","urp_2d_shader_on_3d_renderer","Assets/Daniel Mistage/STYLIZED Low Poly Fantasy Bundle/STYLIZED Fantasy Village - Low Poly 3D Art/Prefabs/Buildings/Preset Buildings/SFV_Building_2 (1).prefab","Assets/Daniel Mistage/STYLIZED Low Poly Fantasy Bundle/STYLIZED Fantasy Village - Low Poly 3D Art/Materials/TRANSPARENT.mat","Assets/BornToDig/PrefabGallery/GalleryMaterials/TRANSPARENT_f15680df_Transparent.mat","TRANSPARENT","Universal Render Pipeline/2D/Mesh2D-Lit-Default","Universal Render Pipeline/Lit"
"gallery_copy_applied","urp_2d_shader_on_3d_renderer","Assets/Daniel Mistage/STYLIZED Low Poly Fantasy Bundle/STYLIZED Fantasy Village - Low Poly 3D Art/Prefabs/Buildings/Preset Buildings/SFV_Building_2 (1).prefab","Assets/Daniel Mistage/STYLIZED Low Poly Fantasy Bundle/STYLIZED Fantasy Village - Low Poly 3D Art/Materials/TRANSPARENT.mat","Assets/BornToDig/PrefabGallery/GalleryMaterials/TRANSPARENT_f15680df_Transparent.mat","TRANSPARENT","Universal Render Pipeline/2D/Mesh2D-Lit-Default","Universal Render Pipeline/Lit"
"gallery_copy_applied","urp_2d_shader_on_3d_renderer","Assets/Daniel Mistage/STYLIZED Low Poly Fantasy Bundle/STYLIZED Fantasy Village - Low Poly 3D Art/Prefabs/Buildings/Preset Buildings/SFV_Building_2 (1).prefab","Assets/Daniel Mistage/STYLIZED Low Poly Fantasy Bundle/STYLIZED Fantasy Village - Low Poly 3D Art/Materials/TRANSPARENT.mat","Assets/BornToDig/PrefabGallery/GalleryMaterials/TRANSPARENT_f15680df_Transparent.mat","TRANSPARENT","Universal Render Pipeline/2D/Mesh2D-Lit-Default","Universal Render Pipeline/Lit"
"gallery_copy_applied","urp_2d_shader_on_3d_renderer","Assets/Daniel Mistage/STYLIZED Low Poly Fantasy Bundle/STYLIZED Fantasy Village - Low Poly 3D Art/Prefabs/Buildings/Preset Buildings/SFV_Building_2 (1).prefab","Assets/Daniel Mistage/STYLIZED Low Poly Fantasy Bundle/STYLIZED Fantasy Village - Low Poly 3D Art/Materials/TRANSPARENT.mat","Assets/BornToDig/PrefabGallery/GalleryMaterials/TRANSPARENT_f15680df_Transparent.mat","TRANSPARENT","Universal Render Pipeline/2D/Mesh2D-Lit-Default","Universal Render Pipeline/Lit"
"gallery_copy_applied","urp_2d_shader_on_3d_renderer","Assets/Daniel Mistage/STYLIZED Low Poly Fantasy Bundle/STYLIZED Fantasy Village - Low Poly 3D Art/Prefabs/Buildings/Preset Buildings/SFV_Building_2.prefab","Assets/Daniel Mistage/STYLIZED Low Poly Fantasy Bundle/STYLIZED Fantasy Village - Low Poly 3D Art/Materials/TRANSPARENT.mat","Assets/BornToDig/PrefabGallery/GalleryMaterials/TRANSPARENT_f15680df_Transparent.mat","TRANSPARENT","Universal Render Pipeline/2D/Mesh2D-Lit-Default","Universal Render Pipeline/Lit"
"gallery_copy_applied","urp_2d_shader_on_3d_renderer","Assets/Daniel Mistage/STYLIZED Low Poly Fantasy Bundle/STYLIZED Fantasy Village - Low Poly 3D Art/Prefabs/Buildings/Preset Buildings/SFV_Building_2.prefab","Assets/Daniel Mistage/STYLIZED Low Poly Fantasy Bundle/STYLIZED Fantasy Village - Low Poly 3D Art/Materials/TRANSPARENT.mat","Assets/BornToDig/PrefabGallery/GalleryMaterials/TRANSPARENT_f15680df_Transparent.mat","TRANSPARENT","Universal Render Pipeline/2D/Mesh2D-Lit-Default","Universal Render Pipeline/Lit"
"gallery_copy_applied","urp_2d_shader_on_3d_renderer","Assets/Daniel Mistage/STYLIZED Low Poly Fantasy Bundle/STYLIZED Fantasy Village - Low Poly 3D Art/Prefabs/Buildings/Preset Buildings/SFV_Building_2.prefab","Assets/Daniel Mistage/STYLIZED Low Poly Fantasy Bundle/STYLIZED Fantasy Village - Low Poly 3D Art/Materials/TRANSPARENT.mat","Assets/BornToDig/PrefabGallery/GalleryMaterials/TRANSPARENT_f15680df_Transparent.mat","TRANSPARENT","Universal Render Pipeline/2D/Mesh2D-Lit-Default","Universal Render Pipeline/Lit"
"gallery_copy_applied","urp_2d_shader_on_3d_renderer","Assets/Daniel Mistage/STYLIZED Low Poly Fantasy Bundle/STYLIZED Fantasy Village - Low Poly 3D Art/Prefabs/Buildings/Preset Buildings/SFV_Building_2.prefab","Assets/Daniel Mistage/STYLIZED Low Poly Fantasy Bundle/STYLIZED Fantasy Village - Low Poly 3D Art/Materials/TRANSPARENT.mat","Assets/BornToDig/PrefabGallery/GalleryMaterials/TRANSPARENT_f15680df_Transparent.mat","TRANSPARENT","Universal Render Pipeline/2D/Mesh2D-Lit-Default","Universal Render Pipeline/Lit"
"gallery_copy_applied","urp_2d_shader_on_3d_renderer","Assets/Daniel Mistage/STYLIZED Low Poly Fantasy Bundle/STYLIZED Fantasy Village - Low Poly 3D Art/Prefabs/Buildings/Preset Buildings/SFV_Building_3 (1).prefab","Assets/Daniel Mistage/STYLIZED Low Poly Fantasy Bundle/STYLIZED Fantasy Village - Low Poly 3D Art/Materials/TRANSPARENT.mat","Assets/BornToDig/PrefabGallery/GalleryMaterials/TRANSPARENT_f15680df_Transparent.mat","TRANSPARENT","Universal Render Pipeline/2D/Mesh2D-Lit-Default","Universal Render Pipeline/Lit"
"gallery_copy_applied","urp_2d_shader_on_3d_renderer","Assets/Daniel Mistage/STYLIZED Low Poly Fantasy Bundle/STYLIZED Fantasy Village - Low Poly 3D Art/Prefabs/Buildings/Preset Buildings/SFV_Building_3 (1).prefab","Assets/Daniel Mistage/STYLIZED Low Poly Fantasy Bundle/STYLIZED Fantasy Village - Low Poly 3D Art/Materials/TRANSPARENT.mat","Assets/BornToDig/PrefabGallery/GalleryMaterials/TRANSPARENT_f15680df_Transparent.mat","TRANSPARENT","Universal Render Pipeline/2D/Mesh2D-Lit-Default","Universal Render Pipeline/Lit"
"gallery_copy_applied","urp_2d_shader_on_3d_renderer","Assets/Daniel Mistage/STYLIZED Low Poly Fantasy Bundle/STYLIZED Fantasy Village - Low Poly 3D Art/Prefabs/Buildings/Preset Buildings/SFV_Building_3 (1).prefab","Assets/Daniel Mistage/STYLIZED Low Poly Fantasy Bundle/STYLIZED Fantasy Village - Low Poly 3D Art/Materials/TRANSPARENT.mat","Assets/BornToDig/PrefabGallery/GalleryMaterials/TRANSPARENT_f15680df_Transparent.mat","TRANSPARENT","Universal Render Pipeline/2D/Mesh2D-Lit-Default","Universal Render Pipeline/Lit"
"gallery_copy_applied","urp_2d_shader_on_3d_renderer","Assets/Daniel Mistage/STYLIZED Low Poly Fantasy Bundle/STYLIZED Fantasy Village - Low Poly 3D Art/Prefabs/Buildings/Preset Buildings/SFV_Building_3 (1).prefab","Assets/Daniel Mistage/STYLIZED Low Poly Fantasy Bundle/STYLIZED Fantasy Village - Low Poly 3D Art/Materials/TRANSPARENT.mat","Assets/BornToDig/PrefabGallery/GalleryMaterials/TRANSPARENT_f15680df_Transparent.mat","TRANSPARENT","Universal Render Pipeline/2D/Mesh2D-Lit-Default","Universal Render Pipeline/Lit"
"gallery_copy_applied","urp_2d_shader_on_3d_renderer","Assets/Daniel Mistage/STYLIZED Low Poly Fantasy Bundle/STYLIZED Fantasy Village - Low Poly 3D Art/Prefabs/Buildings/Preset Buildings/SFV_Building_3 (1).prefab","Assets/Daniel Mistage/STYLIZED Low Poly Fantasy Bundle/STYLIZED Fantasy Village - Low Poly 3D Art/Materials/TRANSPARENT.mat","Assets/BornToDig/PrefabGallery/GalleryMaterials/TRANSPARENT_f15680df_Transparent.mat","TRANSPARENT","Universal Render Pipeline/2D/Mesh2D-Lit-Default","Universal Render Pipeline/Lit"
"gallery_copy_applied","urp_2d_shader_on_3d_renderer","Assets/Daniel Mistage/STYLIZED Low Poly Fantasy Bundle/STYLIZED Fantasy Village - Low Poly 3D Art/Prefabs/Buildings/Preset Buildings/SFV_Building_3 (1).prefab","Assets/Daniel Mistage/STYLIZED Low Poly Fantasy Bundle/STYLIZED Fantasy Village - Low Poly 3D Art/Materials/TRANSPARENT.mat","Assets/BornToDig/PrefabGallery/GalleryMaterials/TRANSPARENT_f15680df_Transparent.mat","TRANSPARENT","Universal Render Pipeline/2D/Mesh2D-Lit-Default","Universal Render Pipeline/Lit"
"gallery_copy_applied","urp_2d_shader_on_3d_renderer","Assets/Daniel Mistage/STYLIZED Low Poly Fantasy Bundle/STYLIZED Fantasy Village - Low Poly 3D Art/Prefabs/Buildings/Preset Buildings/SFV_Building_3.prefab","Assets/Daniel Mistage/STYLIZED Low Poly Fantasy Bundle/STYLIZED Fantasy Village - Low Poly 3D Art/Materials/TRANSPARENT.mat","Assets/BornToDig/PrefabGallery/GalleryMaterials/TRANSPARENT_f15680df_Transparent.mat","TRANSPARENT","Universal Render Pipeline/2D/Mesh2D-Lit-Default","Universal Render Pipeline/Lit"
"gallery_copy_applied","urp_2d_shader_on_3d_renderer","Assets/Daniel Mistage/STYLIZED Low Poly Fantasy Bundle/STYLIZED Fantasy Village - Low Poly 3D Art/Prefabs/Buildings/Preset Buildings/SFV_Building_3.prefab","Assets/Daniel Mistage/STYLIZED Low Poly Fantasy Bundle/STYLIZED Fantasy Village - Low Poly 3D Art/Materials/TRANSPARENT.mat","Assets/BornToDig/PrefabGallery/GalleryMaterials/TRANSPARENT_f15680df_Transparent.mat","TRANSPARENT","Universal Render Pipeline/2D/Mesh2D-Lit-Default","Universal Render Pipeline/Lit"
"gallery_copy_applied","urp_2d_shader_on_3d_renderer","Assets/Daniel Mistage/STYLIZED Low Poly Fantasy Bundle/STYLIZED Fantasy Village - Low Poly 3D Art/Prefabs/Buildings/Preset Buildings/SFV_Building_3.prefab","Assets/Daniel Mistage/STYLIZED Low Poly Fantasy Bundle/STYLIZED Fantasy Village - Low Poly 3D Art/Materials/TRANSPARENT.mat","Assets/BornToDig/PrefabGallery/GalleryMaterials/TRANSPARENT_f15680df_Transparent.mat","TRANSPARENT","Universal Render Pipeline/2D/Mesh2D-Lit-Default","Universal Render Pipeline/Lit"
"gallery_copy_applied","urp_2d_shader_on_3d_renderer","Assets/Daniel Mistage/STYLIZED Low Poly Fantasy Bundle/STYLIZED Fantasy Village - Low Poly 3D Art/Prefabs/Buildings/Preset Buildings/SFV_Building_3.prefab","Assets/Daniel Mistage/STYLIZED Low Poly Fantasy Bundle/STYLIZED Fantasy Village - Low Poly 3D Art/Materials/TRANSPARENT.mat","Assets/BornToDig/PrefabGallery/GalleryMaterials/TRANSPARENT_f15680df_Transparent.mat","TRANSPARENT","Universal Render Pipeline/2D/Mesh2D-Lit-Default","Universal Render Pipeline/Lit"
"gallery_copy_applied","urp_2d_shader_on_3d_renderer","Assets/Daniel Mistage/STYLIZED Low Poly Fantasy Bundle/STYLIZED Fantasy Village - Low Poly 3D Art/Prefabs/Buildings/Preset Buildings/SFV_Building_3.prefab","Assets/Daniel Mistage/STYLIZED Low Poly Fantasy Bundle/STYLIZED Fantasy Village - Low Poly 3D Art/Materials/TRANSPARENT.mat","Assets/BornToDig/PrefabGallery/GalleryMaterials/TRANSPARENT_f15680df_Transparent.mat","TRANSPARENT","Universal Render Pipeline/2D/Mesh2D-Lit-Default","Universal Render Pipeline/Lit"
"gallery_copy_applied","urp_2d_shader_on_3d_renderer","Assets/Daniel Mistage/STYLIZED Low Poly Fantasy Bundle/STYLIZED Fantasy Village - Low Poly 3D Art/Prefabs/Buildings/Preset Buildings/SFV_Building_3.prefab","Assets/Daniel Mistage/STYLIZED Low Poly Fantasy Bundle/STYLIZED Fantasy Village - Low Poly 3D Art/Materials/TRANSPARENT.mat","Assets/BornToDig/PrefabGallery/GalleryMaterials/TRANSPARENT_f15680df_Transparent.mat","TRANSPARENT","Universal Render Pipeline/2D/Mesh2D-Lit-Default","Universal Render Pipeline/Lit"
"gallery_copy_applied","urp_2d_shader_on_3d_renderer","Assets/Daniel Mistage/STYLIZED Low Poly Fantasy Bundle/STYLIZED Fantasy Village - Low Poly 3D Art/Prefabs/Buildings/Preset Buildings/SFV_Building_4 (1).prefab","Assets/Daniel Mistage/STYLIZED Low Poly Fantasy Bundle/STYLIZED Fantasy Village - Low Poly 3D Art/Materials/TRANSPARENT.mat","Assets/BornToDig/PrefabGallery/GalleryMaterials/TRANSPARENT_f15680df_Transparent.mat","TRANSPARENT","Universal Render Pipeline/2D/Mesh2D-Lit-Default","Universal Render Pipeline/Lit"
"gallery_copy_applied","urp_2d_shader_on_3d_renderer","Assets/Daniel Mistage/STYLIZED Low Poly Fantasy Bundle/STYLIZED Fantasy Village - Low Poly 3D Art/Prefabs/Buildings/Preset Buildings/SFV_Building_4 (1).prefab","Assets/Daniel Mistage/STYLIZED Low Poly Fantasy Bundle/STYLIZED Fantasy Village - Low Poly 3D Art/Materials/TRANSPARENT.mat","Assets/BornToDig/PrefabGallery/GalleryMaterials/TRANSPARENT_f15680df_Transparent.mat","TRANSPARENT","Universal Render Pipeline/2D/Mesh2D-Lit-Default","Universal Render Pipeline/Lit"
"gallery_copy_applied","urp_2d_shader_on_3d_renderer","Assets/Daniel Mistage/STYLIZED Low Poly Fantasy Bundle/STYLIZED Fantasy Village - Low Poly 3D Art/Prefabs/Buildings/Preset Buildings/SFV_Building_4 (1).prefab","Assets/Daniel Mistage/STYLIZED Low Poly Fantasy Bundle/STYLIZED Fantasy Village - Low Poly 3D Art/Materials/TRANSPARENT.mat","Assets/BornToDig/PrefabGallery/GalleryMaterials/TRANSPARENT_f15680df_Transparent.mat","TRANSPARENT","Universal Render Pipeline/2D/Mesh2D-Lit-Default","Universal Render Pipeline/Lit"
"gallery_copy_applied","urp_2d_shader_on_3d_renderer","Assets/Daniel Mistage/STYLIZED Low Poly Fantasy Bundle/STYLIZED Fantasy Village - Low Poly 3D Art/Prefabs/Buildings/Preset Buildings/SFV_Building_4 (1).prefab","Assets/Daniel Mistage/STYLIZED Low Poly Fantasy Bundle/STYLIZED Fantasy Village - Low Poly 3D Art/Materials/TRANSPARENT.mat","Assets/BornToDig/PrefabGallery/GalleryMaterials/TRANSPARENT_f15680df_Transparent.mat","TRANSPARENT","Universal Render Pipeline/2D/Mesh2D-Lit-Default","Universal Render Pipeline/Lit"
"gallery_copy_applied","urp_2d_shader_on_3d_renderer","Assets/Daniel Mistage/STYLIZED Low Poly Fantasy Bundle/STYLIZED Fantasy Village - Low Poly 3D Art/Prefabs/Buildings/Preset Buildings/SFV_Building_4 (1).prefab","Assets/Daniel Mistage/STYLIZED Low Poly Fantasy Bundle/STYLIZED Fantasy Village - Low Poly 3D Art/Materials/TRANSPARENT.mat","Assets/BornToDig/PrefabGallery/GalleryMaterials/TRANSPARENT_f15680df_Transparent.mat","TRANSPARENT","Universal Render Pipeline/2D/Mesh2D-Lit-Default","Universal Render Pipeline/Lit"
"gallery_copy_applied","urp_2d_shader_on_3d_renderer","Assets/Daniel Mistage/STYLIZED Low Poly Fantasy Bundle/STYLIZED Fantasy Village - Low Poly 3D Art/Prefabs/Buildings/Preset Buildings/SFV_Building_4 (1).prefab","Assets/Daniel Mistage/STYLIZED Low Poly Fantasy Bundle/STYLIZED Fantasy Village - Low Poly 3D Art/Materials/TRANSPARENT.mat","Assets/BornToDig/PrefabGallery/GalleryMaterials/TRANSPARENT_f15680df_Transparent.mat","TRANSPARENT","Universal Render Pipeline/2D/Mesh2D-Lit-Default","Universal Render Pipeline/Lit"
"gallery_copy_applied","urp_2d_shader_on_3d_renderer","Assets/Daniel Mistage/STYLIZED Low Poly Fantasy Bundle/STYLIZED Fantasy Village - Low Poly 3D Art/Prefabs/Buildings/Preset Buildings/SFV_Building_4 (1).prefab","Assets/Daniel Mistage/STYLIZED Low Poly Fantasy Bundle/STYLIZED Fantasy Village - Low Poly 3D Art/Materials/TRANSPARENT.mat","Assets/BornToDig/PrefabGallery/GalleryMaterials/TRANSPARENT_f15680df_Transparent.mat","TRANSPARENT","Universal Render Pipeline/2D/Mesh2D-Lit-Default","Universal Render Pipeline/Lit"
"gallery_copy_applied","urp_2d_shader_on_3d_renderer","Assets/Daniel Mistage/STYLIZED Low Poly Fantasy Bundle/STYLIZED Fantasy Village - Low Poly 3D Art/Prefabs/Buildings/Preset Buildings/SFV_Building_4 (1).prefab","Assets/Daniel Mistage/STYLIZED Low Poly Fantasy Bundle/STYLIZED Fantasy Village - Low Poly 3D Art/Materials/TRANSPARENT.mat","Assets/BornToDig/PrefabGallery/GalleryMaterials/TRANSPARENT_f15680df_Transparent.mat","TRANSPARENT","Universal Render Pipeline/2D/Mesh2D-Lit-Default","Universal Render Pipeline/Lit"
"gallery_copy_applied","urp_2d_shader_on_3d_renderer","Assets/Daniel Mistage/STYLIZED Low Poly Fantasy Bundle/STYLIZED Fantasy Village - Low Poly 3D Art/Prefabs/Buildings/Preset Buildings/SFV_Building_4 (1).prefab","Assets/Daniel Mistage/STYLIZED Low Poly Fantasy Bundle/STYLIZED Fantasy Village - Low Poly 3D Art/Materials/TRANSPARENT.mat","Assets/BornToDig/PrefabGallery/GalleryMaterials/TRANSPARENT_f15680df_Transparent.mat","TRANSPARENT","Universal Render Pipeline/2D/Mesh2D-Lit-Default","Universal Render Pipeline/Lit"
"gallery_copy_applied","urp_2d_shader_on_3d_renderer","Assets/Daniel Mistage/STYLIZED Low Poly Fantasy Bundle/STYLIZED Fantasy Village - Low Poly 3D Art/Prefabs/Buildings/Preset Buildings/SFV_Building_4 (1).prefab","Assets/Daniel Mistage/STYLIZED Low Poly Fantasy Bundle/STYLIZED Fantasy Village - Low Poly 3D Art/Materials/TRANSPARENT.mat","Assets/BornToDig/PrefabGallery/GalleryMaterials/TRANSPARENT_f15680df_Transparent.mat","TRANSPARENT","Universal Render Pipeline/2D/Mesh2D-Lit-Default","Universal Render Pipeline/Lit"
"gallery_copy_applied","urp_2d_shader_on_3d_renderer","Assets/Daniel Mistage/STYLIZED Low Poly Fantasy Bundle/STYLIZED Fantasy Village - Low Poly 3D Art/Prefabs/Buildings/Preset Buildings/SFV_Building_4.prefab","Assets/Daniel Mistage/STYLIZED Low Poly Fantasy Bundle/STYLIZED Fantasy Village - Low Poly 3D Art/Materials/TRANSPARENT.mat","Assets/BornToDig/PrefabGallery/GalleryMaterials/TRANSPARENT_f15680df_Transparent.mat","TRANSPARENT","Universal Render Pipeline/2D/Mesh2D-Lit-Default","Universal Render Pipeline/Lit"
"gallery_copy_applied","urp_2d_shader_on_3d_renderer","Assets/Daniel Mistage/STYLIZED Low Poly Fantasy Bundle/STYLIZED Fantasy Village - Low Poly 3D Art/Prefabs/Buildings/Preset Buildings/SFV_Building_4.prefab","Assets/Daniel Mistage/STYLIZED Low Poly Fantasy Bundle/STYLIZED Fantasy Village - Low Poly 3D Art/Materials/TRANSPARENT.mat","Assets/BornToDig/PrefabGallery/GalleryMaterials/TRANSPARENT_f15680df_Transparent.mat","TRANSPARENT","Universal Render Pipeline/2D/Mesh2D-Lit-Default","Universal Render Pipeline/Lit"
"gallery_copy_applied","urp_2d_shader_on_3d_renderer","Assets/Daniel Mistage/STYLIZED Low Poly Fantasy Bundle/STYLIZED Fantasy Village - Low Poly 3D Art/Prefabs/Buildings/Preset Buildings/SFV_Building_4.prefab","Assets/Daniel Mistage/STYLIZED Low Poly Fantasy Bundle/STYLIZED Fantasy Village - Low Poly 3D Art/Materials/TRANSPARENT.mat","Assets/BornToDig/PrefabGallery/GalleryMaterials/TRANSPARENT_f15680df_Transparent.mat","TRANSPARENT","Universal Render Pipeline/2D/Mesh2D-Lit-Default","Universal Render Pipeline/Lit"
"gallery_copy_applied","urp_2d_shader_on_3d_renderer","Assets/Daniel Mistage/STYLIZED Low Poly Fantasy Bundle/STYLIZED Fantasy Village - Low Poly 3D Art/Prefabs/Buildings/Preset Buildings/SFV_Building_4.prefab","Assets/Daniel Mistage/STYLIZED Low Poly Fantasy Bundle/STYLIZED Fantasy Village - Low Poly 3D Art/Materials/TRANSPARENT.mat","Assets/BornToDig/PrefabGallery/GalleryMaterials/TRANSPARENT_f15680df_Transparent.mat","TRANSPARENT","Universal Render Pipeline/2D/Mesh2D-Lit-Default","Universal Render Pipeline/Lit"
"gallery_copy_applied","urp_2d_shader_on_3d_renderer","Assets/Daniel Mistage/STYLIZED Low Poly Fantasy Bundle/STYLIZED Fantasy Village - Low Poly 3D Art/Prefabs/Buildings/Preset Buildings/SFV_Building_4.prefab","Assets/Daniel Mistage/STYLIZED Low Poly Fantasy Bundle/STYLIZED Fantasy Village - Low Poly 3D Art/Materials/TRANSPARENT.mat","Assets/BornToDig/PrefabGallery/GalleryMaterials/TRANSPARENT_f15680df_Transparent.mat","TRANSPARENT","Universal Render Pipeline/2D/Mesh2D-Lit-Default","Universal Render Pipeline/Lit"
"gallery_copy_applied","urp_2d_shader_on_3d_renderer","Assets/Daniel Mistage/STYLIZED Low Poly Fantasy Bundle/STYLIZED Fantasy Village - Low Poly 3D Art/Prefabs/Buildings/Preset Buildings/SFV_Building_4.prefab","Assets/Daniel Mistage/STYLIZED Low Poly Fantasy Bundle/STYLIZED Fantasy Village - Low Poly 3D Art/Materials/TRANSPARENT.mat","Assets/BornToDig/PrefabGallery/GalleryMaterials/TRANSPARENT_f15680df_Transparent.mat","TRANSPARENT","Universal Render Pipeline/2D/Mesh2D-Lit-Default","Universal Render Pipeline/Lit"
"gallery_copy_applied","urp_2d_shader_on_3d_renderer","Assets/Daniel Mistage/STYLIZED Low Poly Fantasy Bundle/STYLIZED Fantasy Village - Low Poly 3D Art/Prefabs/Buildings/Preset Buildings/SFV_Building_4.prefab","Assets/Daniel Mistage/STYLIZED Low Poly Fantasy Bundle/STYLIZED Fantasy Village - Low Poly 3D Art/Materials/TRANSPARENT.mat","Assets/BornToDig/PrefabGallery/GalleryMaterials/TRANSPARENT_f15680df_Transparent.mat","TRANSPARENT","Universal Render Pipeline/2D/Mesh2D-Lit-Default","Universal Render Pipeline/Lit"
"gallery_copy_applied","urp_2d_shader_on_3d_renderer","Assets/Daniel Mistage/STYLIZED Low Poly Fantasy Bundle/STYLIZED Fantasy Village - Low Poly 3D Art/Prefabs/Buildings/Preset Buildings/SFV_Building_4.prefab","Assets/Daniel Mistage/STYLIZED Low Poly Fantasy Bundle/STYLIZED Fantasy Village - Low Poly 3D Art/Materials/TRANSPARENT.mat","Assets/BornToDig/PrefabGallery/GalleryMaterials/TRANSPARENT_f15680df_Transparent.mat","TRANSPARENT","Universal Render Pipeline/2D/Mesh2D-Lit-Default","Universal Render Pipeline/Lit"
"gallery_copy_applied","urp_2d_shader_on_3d_renderer","Assets/Daniel Mistage/STYLIZED Low Poly Fantasy Bundle/STYLIZED Fantasy Village - Low Poly 3D Art/Prefabs/Buildings/Preset Buildings/SFV_Building_4.prefab","Assets/Daniel Mistage/STYLIZED Low Poly Fantasy Bundle/STYLIZED Fantasy Village - Low Poly 3D Art/Materials/TRANSPARENT.mat","Assets/BornToDig/PrefabGallery/GalleryMaterials/TRANSPARENT_f15680df_Transparent.mat","TRANSPARENT","Universal Render Pipeline/2D/Mesh2D-Lit-Default","Universal Render Pipeline/Lit"
"gallery_copy_applied","urp_2d_shader_on_3d_renderer","Assets/Daniel Mistage/STYLIZED Low Poly Fantasy Bundle/STYLIZED Fantasy Village - Low Poly 3D Art/Prefabs/Buildings/Preset Buildings/SFV_Building_4.prefab","Assets/Daniel Mistage/STYLIZED Low Poly Fantasy Bundle/STYLIZED Fantasy Village - Low Poly 3D Art/Materials/TRANSPARENT.mat","Assets/BornToDig/PrefabGallery/GalleryMaterials/TRANSPARENT_f15680df_Transparent.mat","TRANSPARENT","Universal Render Pipeline/2D/Mesh2D-Lit-Default","Universal Render Pipeline/Lit"
"gallery_copy_applied","urp_2d_shader_on_3d_renderer","Assets/Daniel Mistage/STYLIZED Low Poly Fantasy Bundle/STYLIZED Fantasy Village - Low Poly 3D Art/Prefabs/Buildings/Preset Buildings/SFV_Building_5 (1).prefab","Assets/Daniel Mistage/STYLIZED Low Poly Fantasy Bundle/STYLIZED Fantasy Village - Low Poly 3D Art/Materials/TRANSPARENT.mat","Assets/BornToDig/PrefabGallery/GalleryMaterials/TRANSPARENT_f15680df_Transparent.mat","TRANSPARENT","Universal Render Pipeline/2D/Mesh2D-Lit-Default","Universal Render Pipeline/Lit"
"gallery_copy_applied","urp_2d_shader_on_3d_renderer","Assets/Daniel Mistage/STYLIZED Low Poly Fantasy Bundle/STYLIZED Fantasy Village - Low Poly 3D Art/Prefabs/Buildings/Preset Buildings/SFV_Building_5 (1).prefab","Assets/Daniel Mistage/STYLIZED Low Poly Fantasy Bundle/STYLIZED Fantasy Village - Low Poly 3D Art/Materials/TRANSPARENT.mat","Assets/BornToDig/PrefabGallery/GalleryMaterials/TRANSPARENT_f15680df_Transparent.mat","TRANSPARENT","Universal Render Pipeline/2D/Mesh2D-Lit-Default","Universal Render Pipeline/Lit"
"gallery_copy_applied","urp_2d_shader_on_3d_renderer","Assets/Daniel Mistage/STYLIZED Low Poly Fantasy Bundle/STYLIZED Fantasy Village - Low Poly 3D Art/Prefabs/Buildings/Preset Buildings/SFV_Building_5 (1).prefab","Assets/Daniel Mistage/STYLIZED Low Poly Fantasy Bundle/STYLIZED Fantasy Village - Low Poly 3D Art/Materials/TRANSPARENT.mat","Assets/BornToDig/PrefabGallery/GalleryMaterials/TRANSPARENT_f15680df_Transparent.mat","TRANSPARENT","Universal Render Pipeline/2D/Mesh2D-Lit-Default","Universal Render Pipeline/Lit"
"gallery_copy_applied","urp_2d_shader_on_3d_renderer","Assets/Daniel Mistage/STYLIZED Low Poly Fantasy Bundle/STYLIZED Fantasy Village - Low Poly 3D Art/Prefabs/Buildings/Preset Buildings/SFV_Building_5 (1).prefab","Assets/Daniel Mistage/STYLIZED Low Poly Fantasy Bundle/STYLIZED Fantasy Village - Low Poly 3D Art/Materials/TRANSPARENT.mat","Assets/BornToDig/PrefabGallery/GalleryMaterials/TRANSPARENT_f15680df_Transparent.mat","TRANSPARENT","Universal Render Pipeline/2D/Mesh2D-Lit-Default","Universal Render Pipeline/Lit"
"gallery_copy_applied","urp_2d_shader_on_3d_renderer","Assets/Daniel Mistage/STYLIZED Low Poly Fantasy Bundle/STYLIZED Fantasy Village - Low Poly 3D Art/Prefabs/Buildings/Preset Buildings/SFV_Building_5 (1).prefab","Assets/Daniel Mistage/STYLIZED Low Poly Fantasy Bundle/STYLIZED Fantasy Village - Low Poly 3D Art/Materials/TRANSPARENT.mat","Assets/BornToDig/PrefabGallery/GalleryMaterials/TRANSPARENT_f15680df_Transparent.mat","TRANSPARENT","Universal Render Pipeline/2D/Mesh2D-Lit-Default","Universal Render Pipeline/Lit"
"gallery_copy_applied","urp_2d_shader_on_3d_renderer","Assets/Daniel Mistage/STYLIZED Low Poly Fantasy Bundle/STYLIZED Fantasy Village - Low Poly 3D Art/Prefabs/Buildings/Preset Buildings/SFV_Building_5 (1).prefab","Assets/Daniel Mistage/STYLIZED Low Poly Fantasy Bundle/STYLIZED Fantasy Village - Low Poly 3D Art/Materials/TRANSPARENT.mat","Assets/BornToDig/PrefabGallery/GalleryMaterials/TRANSPARENT_f15680df_Transparent.mat","TRANSPARENT","Universal Render Pipeline/2D/Mesh2D-Lit-Default","Universal Render Pipeline/Lit"
"gallery_copy_applied","urp_2d_shader_on_3d_renderer","Assets/Daniel Mistage/STYLIZED Low Poly Fantasy Bundle/STYLIZED Fantasy Village - Low Poly 3D Art/Prefabs/Buildings/Preset Buildings/SFV_Building_5 (1).prefab","Assets/Daniel Mistage/STYLIZED Low Poly Fantasy Bundle/STYLIZED Fantasy Village - Low Poly 3D Art/Materials/TRANSPARENT.mat","Assets/BornToDig/PrefabGallery/GalleryMaterials/TRANSPARENT_f15680df_Transparent.mat","TRANSPARENT","Universal Render Pipeline/2D/Mesh2D-Lit-Default","Universal Render Pipeline/Lit"
"gallery_copy_applied","urp_2d_shader_on_3d_renderer","Assets/Daniel Mistage/STYLIZED Low Poly Fantasy Bundle/STYLIZED Fantasy Village - Low Poly 3D Art/Prefabs/Buildings/Preset Buildings/SFV_Building_5 (1).prefab","Assets/Daniel Mistage/STYLIZED Low Poly Fantasy Bundle/STYLIZED Fantasy Village - Low Poly 3D Art/Materials/TRANSPARENT.mat","Assets/BornToDig/PrefabGallery/GalleryMaterials/TRANSPARENT_f15680df_Transparent.mat","TRANSPARENT","Universal Render Pipeline/2D/Mesh2D-Lit-Default","Universal Render Pipeline/Lit"
"gallery_copy_applied","urp_2d_shader_on_3d_renderer","Assets/Daniel Mistage/STYLIZED Low Poly Fantasy Bundle/STYLIZED Fantasy Village - Low Poly 3D Art/Prefabs/Buildings/Preset Buildings/SFV_Building_5.prefab","Assets/Daniel Mistage/STYLIZED Low Poly Fantasy Bundle/STYLIZED Fantasy Village - Low Poly 3D Art/Materials/TRANSPARENT.mat","Assets/BornToDig/PrefabGallery/GalleryMaterials/TRANSPARENT_f15680df_Transparent.mat","TRANSPARENT","Universal Render Pipeline/2D/Mesh2D-Lit-Default","Universal Render Pipeline/Lit"
"gallery_copy_applied","urp_2d_shader_on_3d_renderer","Assets/Daniel Mistage/STYLIZED Low Poly Fantasy Bundle/STYLIZED Fantasy Village - Low Poly 3D Art/Prefabs/Buildings/Preset Buildings/SFV_Building_5.prefab","Assets/Daniel Mistage/STYLIZED Low Poly Fantasy Bundle/STYLIZED Fantasy Village - Low Poly 3D Art/Materials/TRANSPARENT.mat","Assets/BornToDig/PrefabGallery/GalleryMaterials/TRANSPARENT_f15680df_Transparent.mat","TRANSPARENT","Universal Render Pipeline/2D/Mesh2D-Lit-Default","Universal Render Pipeline/Lit"
"gallery_copy_applied","urp_2d_shader_on_3d_renderer","Assets/Daniel Mistage/STYLIZED Low Poly Fantasy Bundle/STYLIZED Fantasy Village - Low Poly 3D Art/Prefabs/Buildings/Preset Buildings/SFV_Building_5.prefab","Assets/Daniel Mistage/STYLIZED Low Poly Fantasy Bundle/STYLIZED Fantasy Village - Low Poly 3D Art/Materials/TRANSPARENT.mat","Assets/BornToDig/PrefabGallery/GalleryMaterials/TRANSPARENT_f15680df_Transparent.mat","TRANSPARENT","Universal Render Pipeline/2D/Mesh2D-Lit-Default","Universal Render Pipeline/Lit"
"gallery_copy_applied","urp_2d_shader_on_3d_renderer","Assets/Daniel Mistage/STYLIZED Low Poly Fantasy Bundle/STYLIZED Fantasy Village - Low Poly 3D Art/Prefabs/Buildings/Preset Buildings/SFV_Building_5.prefab","Assets/Daniel Mistage/STYLIZED Low Poly Fantasy Bundle/STYLIZED Fantasy Village - Low Poly 3D Art/Materials/TRANSPARENT.mat","Assets/BornToDig/PrefabGallery/GalleryMaterials/TRANSPARENT_f15680df_Transparent.mat","TRANSPARENT","Universal Render Pipeline/2D/Mesh2D-Lit-Default","Universal Render Pipeline/Lit"
"gallery_copy_applied","urp_2d_shader_on_3d_renderer","Assets/Daniel Mistage/STYLIZED Low Poly Fantasy Bundle/STYLIZED Fantasy Village - Low Poly 3D Art/Prefabs/Buildings/Preset Buildings/SFV_Building_5.prefab","Assets/Daniel Mistage/STYLIZED Low Poly Fantasy Bundle/STYLIZED Fantasy Village - Low Poly 3D Art/Materials/TRANSPARENT.mat","Assets/BornToDig/PrefabGallery/GalleryMaterials/TRANSPARENT_f15680df_Transparent.mat","TRANSPARENT","Universal Render Pipeline/2D/Mesh2D-Lit-Default","Universal Render Pipeline/Lit"
"gallery_copy_applied","urp_2d_shader_on_3d_renderer","Assets/Daniel Mistage/STYLIZED Low Poly Fantasy Bundle/STYLIZED Fantasy Village - Low Poly 3D Art/Prefabs/Buildings/Preset Buildings/SFV_Building_5.prefab","Assets/Daniel Mistage/STYLIZED Low Poly Fantasy Bundle/STYLIZED Fantasy Village - Low Poly 3D Art/Materials/TRANSPARENT.mat","Assets/BornToDig/PrefabGallery/GalleryMaterials/TRANSPARENT_f15680df_Transparent.mat","TRANSPARENT","Universal Render Pipeline/2D/Mesh2D-Lit-Default","Universal Render Pipeline/Lit"
"gallery_copy_applied","urp_2d_shader_on_3d_renderer","Assets/Daniel Mistage/STYLIZED Low Poly Fantasy Bundle/STYLIZED Fantasy Village - Low Poly 3D Art/Prefabs/Buildings/Preset Buildings/SFV_Building_5.prefab","Assets/Daniel Mistage/STYLIZED Low Poly Fantasy Bundle/STYLIZED Fantasy Village - Low Poly 3D Art/Materials/TRANSPARENT.mat","Assets/BornToDig/PrefabGallery/GalleryMaterials/TRANSPARENT_f15680df_Transparent.mat","TRANSPARENT","Universal Render Pipeline/2D/Mesh2D-Lit-Default","Universal Render Pipeline/Lit"
"gallery_copy_applied","urp_2d_shader_on_3d_renderer","Assets/Daniel Mistage/STYLIZED Low Poly Fantasy Bundle/STYLIZED Fantasy Village - Low Poly 3D Art/Prefabs/Buildings/Preset Buildings/SFV_Building_5.prefab","Assets/Daniel Mistage/STYLIZED Low Poly Fantasy Bundle/STYLIZED Fantasy Village - Low Poly 3D Art/Materials/TRANSPARENT.mat","Assets/BornToDig/PrefabGallery/GalleryMaterials/TRANSPARENT_f15680df_Transparent.mat","TRANSPARENT","Universal Render Pipeline/2D/Mesh2D-Lit-Default","Universal Render Pipeline/Lit"
"gallery_copy_applied","urp_2d_shader_on_3d_renderer","Assets/Daniel Mistage/STYLIZED Low Poly Fantasy Bundle/STYLIZED Fantasy Village - Low Poly 3D Art/Prefabs/Buildings/Preset Buildings/SFV_Building_6 (1).prefab","Assets/Daniel Mistage/STYLIZED Low Poly Fantasy Bundle/STYLIZED Fantasy Village - Low Poly 3D Art/Materials/TRANSPARENT.mat","Assets/BornToDig/PrefabGallery/GalleryMaterials/TRANSPARENT_f15680df_Transparent.mat","TRANSPARENT","Universal Render Pipeline/2D/Mesh2D-Lit-Default","Universal Render Pipeline/Lit"
"gallery_copy_applied","urp_2d_shader_on_3d_renderer","Assets/Daniel Mistage/STYLIZED Low Poly Fantasy Bundle/STYLIZED Fantasy Village - Low Poly 3D Art/Prefabs/Buildings/Preset Buildings/SFV_Building_6 (1).prefab","Assets/Daniel Mistage/STYLIZED Low Poly Fantasy Bundle/STYLIZED Fantasy Village - Low Poly 3D Art/Materials/TRANSPARENT.mat","Assets/BornToDig/PrefabGallery/GalleryMaterials/TRANSPARENT_f15680df_Transparent.mat","TRANSPARENT","Universal Render Pipeline/2D/Mesh2D-Lit-Default","Universal Render Pipeline/Lit"
"gallery_copy_applied","urp_2d_shader_on_3d_renderer","Assets/Daniel Mistage/STYLIZED Low Poly Fantasy Bundle/STYLIZED Fantasy Village - Low Poly 3D Art/Prefabs/Buildings/Preset Buildings/SFV_Building_6 (1).prefab","Assets/Daniel Mistage/STYLIZED Low Poly Fantasy Bundle/STYLIZED Fantasy Village - Low Poly 3D Art/Materials/TRANSPARENT.mat","Assets/BornToDig/PrefabGallery/GalleryMaterials/TRANSPARENT_f15680df_Transparent.mat","TRANSPARENT","Universal Render Pipeline/2D/Mesh2D-Lit-Default","Universal Render Pipeline/Lit"
"gallery_copy_applied","urp_2d_shader_on_3d_renderer","Assets/Daniel Mistage/STYLIZED Low Poly Fantasy Bundle/STYLIZED Fantasy Village - Low Poly 3D Art/Prefabs/Buildings/Preset Buildings/SFV_Building_6 (1).prefab","Assets/Daniel Mistage/STYLIZED Low Poly Fantasy Bundle/STYLIZED Fantasy Village - Low Poly 3D Art/Materials/TRANSPARENT.mat","Assets/BornToDig/PrefabGallery/GalleryMaterials/TRANSPARENT_f15680df_Transparent.mat","TRANSPARENT","Universal Render Pipeline/2D/Mesh2D-Lit-Default","Universal Render Pipeline/Lit"
"gallery_copy_applied","urp_2d_shader_on_3d_renderer","Assets/Daniel Mistage/STYLIZED Low Poly Fantasy Bundle/STYLIZED Fantasy Village - Low Poly 3D Art/Prefabs/Buildings/Preset Buildings/SFV_Building_6 (1).prefab","Assets/Daniel Mistage/STYLIZED Low Poly Fantasy Bundle/STYLIZED Fantasy Village - Low Poly 3D Art/Materials/TRANSPARENT.mat","Assets/BornToDig/PrefabGallery/GalleryMaterials/TRANSPARENT_f15680df_Transparent.mat","TRANSPARENT","Universal Render Pipeline/2D/Mesh2D-Lit-Default","Universal Render Pipeline/Lit"
"gallery_copy_applied","urp_2d_shader_on_3d_renderer","Assets/Daniel Mistage/STYLIZED Low Poly Fantasy Bundle/STYLIZED Fantasy Village - Low Poly 3D Art/Prefabs/Buildings/Preset Buildings/SFV_Building_6 (1).prefab","Assets/Daniel Mistage/STYLIZED Low Poly Fantasy Bundle/STYLIZED Fantasy Village - Low Poly 3D Art/Materials/TRANSPARENT.mat","Assets/BornToDig/PrefabGallery/GalleryMaterials/TRANSPARENT_f15680df_Transparent.mat","TRANSPARENT","Universal Render Pipeline/2D/Mesh2D-Lit-Default","Universal Render Pipeline/Lit"
"gallery_copy_applied","urp_2d_shader_on_3d_renderer","Assets/Daniel Mistage/STYLIZED Low Poly Fantasy Bundle/STYLIZED Fantasy Village - Low Poly 3D Art/Prefabs/Buildings/Preset Buildings/SFV_Building_6.prefab","Assets/Daniel Mistage/STYLIZED Low Poly Fantasy Bundle/STYLIZED Fantasy Village - Low Poly 3D Art/Materials/TRANSPARENT.mat","Assets/BornToDig/PrefabGallery/GalleryMaterials/TRANSPARENT_f15680df_Transparent.mat","TRANSPARENT","Universal Render Pipeline/2D/Mesh2D-Lit-Default","Universal Render Pipeline/Lit"
"gallery_copy_applied","urp_2d_shader_on_3d_renderer","Assets/Daniel Mistage/STYLIZED Low Poly Fantasy Bundle/STYLIZED Fantasy Village - Low Poly 3D Art/Prefabs/Buildings/Preset Buildings/SFV_Building_6.prefab","Assets/Daniel Mistage/STYLIZED Low Poly Fantasy Bundle/STYLIZED Fantasy Village - Low Poly 3D Art/Materials/TRANSPARENT.mat","Assets/BornToDig/PrefabGallery/GalleryMaterials/TRANSPARENT_f15680df_Transparent.mat","TRANSPARENT","Universal Render Pipeline/2D/Mesh2D-Lit-Default","Universal Render Pipeline/Lit"
"gallery_copy_applied","urp_2d_shader_on_3d_renderer","Assets/Daniel Mistage/STYLIZED Low Poly Fantasy Bundle/STYLIZED Fantasy Village - Low Poly 3D Art/Prefabs/Buildings/Preset Buildings/SFV_Building_6.prefab","Assets/Daniel Mistage/STYLIZED Low Poly Fantasy Bundle/STYLIZED Fantasy Village - Low Poly 3D Art/Materials/TRANSPARENT.mat","Assets/BornToDig/PrefabGallery/GalleryMaterials/TRANSPARENT_f15680df_Transparent.mat","TRANSPARENT","Universal Render Pipeline/2D/Mesh2D-Lit-Default","Universal Render Pipeline/Lit"
"gallery_copy_applied","urp_2d_shader_on_3d_renderer","Assets/Daniel Mistage/STYLIZED Low Poly Fantasy Bundle/STYLIZED Fantasy Village - Low Poly 3D Art/Prefabs/Buildings/Preset Buildings/SFV_Building_6.prefab","Assets/Daniel Mistage/STYLIZED Low Poly Fantasy Bundle/STYLIZED Fantasy Village - Low Poly 3D Art/Materials/TRANSPARENT.mat","Assets/BornToDig/PrefabGallery/GalleryMaterials/TRANSPARENT_f15680df_Transparent.mat","TRANSPARENT","Universal Render Pipeline/2D/Mesh2D-Lit-Default","Universal Render Pipeline/Lit"
"gallery_copy_applied","urp_2d_shader_on_3d_renderer","Assets/Daniel Mistage/STYLIZED Low Poly Fantasy Bundle/STYLIZED Fantasy Village - Low Poly 3D Art/Prefabs/Buildings/Preset Buildings/SFV_Building_6.prefab","Assets/Daniel Mistage/STYLIZED Low Poly Fantasy Bundle/STYLIZED Fantasy Village - Low Poly 3D Art/Materials/TRANSPARENT.mat","Assets/BornToDig/PrefabGallery/GalleryMaterials/TRANSPARENT_f15680df_Transparent.mat","TRANSPARENT","Universal Render Pipeline/2D/Mesh2D-Lit-Default","Universal Render Pipeline/Lit"
"gallery_copy_applied","urp_2d_shader_on_3d_renderer","Assets/Daniel Mistage/STYLIZED Low Poly Fantasy Bundle/STYLIZED Fantasy Village - Low Poly 3D Art/Prefabs/Buildings/Preset Buildings/SFV_Building_6.prefab","Assets/Daniel Mistage/STYLIZED Low Poly Fantasy Bundle/STYLIZED Fantasy Village - Low Poly 3D Art/Materials/TRANSPARENT.mat","Assets/BornToDig/PrefabGallery/GalleryMaterials/TRANSPARENT_f15680df_Transparent.mat","TRANSPARENT","Universal Render Pipeline/2D/Mesh2D-Lit-Default","Universal Render Pipeline/Lit"
"gallery_copy_applied","urp_2d_shader_on_3d_renderer","Assets/Daniel Mistage/STYLIZED Low Poly Fantasy Bundle/STYLIZED Fantasy Village - Low Poly 3D Art/Prefabs/Buildings/Walls/Rock/Windows/Glass/SFV_Window1_Rock_M_001.prefab","Assets/Daniel Mistage/STYLIZED Low Poly Fantasy Bundle/STYLIZED Fantasy Village - Low Poly 3D Art/Materials/TRANSPARENT.mat","Assets/BornToDig/PrefabGallery/GalleryMaterials/TRANSPARENT_f15680df_Transparent.mat","TRANSPARENT","Universal Render Pipeline/2D/Mesh2D-Lit-Default","Universal Render Pipeline/Lit"
"gallery_copy_applied","urp_2d_shader_on_3d_renderer","Assets/Daniel Mistage/STYLIZED Low Poly Fantasy Bundle/STYLIZED Fantasy Village - Low Poly 3D Art/Prefabs/Buildings/Walls/Rock/Windows/Glass/SFV_Window1_Rock_M_001.prefab","Assets/Daniel Mistage/STYLIZED Low Poly Fantasy Bundle/STYLIZED Fantasy Village - Low Poly 3D Art/Materials/TRANSPARENT.mat","Assets/BornToDig/PrefabGallery/GalleryMaterials/TRANSPARENT_f15680df_Transparent.mat","TRANSPARENT","Universal Render Pipeline/2D/Mesh2D-Lit-Default","Universal Render Pipeline/Lit"
"gallery_copy_applied","urp_2d_shader_on_3d_renderer","Assets/Daniel Mistage/STYLIZED Low Poly Fantasy Bundle/STYLIZED Fantasy Village - Low Poly 3D Art/Prefabs/Buildings/Walls/Rock/Windows/Glass/SFV_Window1_Rock_M_002.prefab","Assets/Daniel Mistage/STYLIZED Low Poly Fantasy Bundle/STYLIZED Fantasy Village - Low Poly 3D Art/Materials/TRANSPARENT.mat","Assets/BornToDig/PrefabGallery/GalleryMaterials/TRANSPARENT_f15680df_Transparent.mat","TRANSPARENT","Universal Render Pipeline/2D/Mesh2D-Lit-Default","Universal Render Pipeline/Lit"
"gallery_copy_applied","urp_2d_shader_on_3d_renderer","Assets/Daniel Mistage/STYLIZED Low Poly Fantasy Bundle/STYLIZED Fantasy Village - Low Poly 3D Art/Prefabs/Buildings/Walls/Rock/Windows/Glass/SFV_Window1_Rock_M_002.prefab","Assets/Daniel Mistage/STYLIZED Low Poly Fantasy Bundle/STYLIZED Fantasy Village - Low Poly 3D Art/Materials/TRANSPARENT.mat","Assets/BornToDig/PrefabGallery/GalleryMaterials/TRANSPARENT_f15680df_Transparent.mat","TRANSPARENT","Universal Render Pipeline/2D/Mesh2D-Lit-Default","Universal Render Pipeline/Lit"
"gallery_copy_applied","urp_2d_shader_on_3d_renderer","Assets/Daniel Mistage/STYLIZED Low Poly Fantasy Bundle/STYLIZED Fantasy Village - Low Poly 3D Art/Prefabs/Buildings/Walls/Rock/Windows/Glass/SFV_Window1_Rock_S_001.prefab","Assets/Daniel Mistage/STYLIZED Low Poly Fantasy Bundle/STYLIZED Fantasy Village - Low Poly 3D Art/Materials/TRANSPARENT.mat","Assets/BornToDig/PrefabGallery/GalleryMaterials/TRANSPARENT_f15680df_Transparent.mat","TRANSPARENT","Universal Render Pipeline/2D/Mesh2D-Lit-Default","Universal Render Pipeline/Lit"
"gallery_copy_applied","urp_2d_shader_on_3d_renderer","Assets/Daniel Mistage/STYLIZED Low Poly Fantasy Bundle/STYLIZED Fantasy Village - Low Poly 3D Art/Prefabs/Buildings/Walls/Rock/Windows/Glass/SFV_Window1_Rock_S_001.prefab","Assets/Daniel Mistage/STYLIZED Low Poly Fantasy Bundle/STYLIZED Fantasy Village - Low Poly 3D Art/Materials/TRANSPARENT.mat","Assets/BornToDig/PrefabGallery/GalleryMaterials/TRANSPARENT_f15680df_Transparent.mat","TRANSPARENT","Universal Render Pipeline/2D/Mesh2D-Lit-Default","Universal Render Pipeline/Lit"
"gallery_copy_applied","urp_2d_shader_on_3d_renderer","Assets/Daniel Mistage/STYLIZED Low Poly Fantasy Bundle/STYLIZED Fantasy Village - Low Poly 3D Art/Prefabs/Buildings/Walls/Rock/Windows/Glass/SFV_Window1_Rock_S_002.prefab","Assets/Daniel Mistage/STYLIZED Low Poly Fantasy Bundle/STYLIZED Fantasy Village - Low Poly 3D Art/Materials/TRANSPARENT.mat","Assets/BornToDig/PrefabGallery/GalleryMaterials/TRANSPARENT_f15680df_Transparent.mat","TRANSPARENT","Universal Render Pipeline/2D/Mesh2D-Lit-Default","Universal Render Pipeline/Lit"
"gallery_copy_applied","urp_2d_shader_on_3d_renderer","Assets/Daniel Mistage/STYLIZED Low Poly Fantasy Bundle/STYLIZED Fantasy Village - Low Poly 3D Art/Prefabs/Buildings/Walls/Rock/Windows/Glass/SFV_Window1_Rock_S_002.prefab","Assets/Daniel Mistage/STYLIZED Low Poly Fantasy Bundle/STYLIZED Fantasy Village - Low Poly 3D Art/Materials/TRANSPARENT.mat","Assets/BornToDig/PrefabGallery/GalleryMaterials/TRANSPARENT_f15680df_Transparent.mat","TRANSPARENT","Universal Render Pipeline/2D/Mesh2D-Lit-Default","Universal Render Pipeline/Lit"
"gallery_copy_applied","urp_2d_shader_on_3d_renderer","Assets/Daniel Mistage/STYLIZED Low Poly Fantasy Bundle/STYLIZED Fantasy Village - Low Poly 3D Art/Prefabs/Buildings/Walls/Rock/Windows/Glass/SFV_Window2_Rock_M_001.prefab","Assets/Daniel Mistage/STYLIZED Low Poly Fantasy Bundle/STYLIZED Fantasy Village - Low Poly 3D Art/Materials/TRANSPARENT.mat","Assets/BornToDig/PrefabGallery/GalleryMaterials/TRANSPARENT_f15680df_Transparent.mat","TRANSPARENT","Universal Render Pipeline/2D/Mesh2D-Lit-Default","Universal Render Pipeline/Lit"
"gallery_copy_applied","urp_2d_shader_on_3d_renderer","Assets/Daniel Mistage/STYLIZED Low Poly Fantasy Bundle/STYLIZED Fantasy Village - Low Poly 3D Art/Prefabs/Buildings/Walls/Rock/Windows/Glass/SFV_Window2_Rock_M_001.prefab","Assets/Daniel Mistage/STYLIZED Low Poly Fantasy Bundle/STYLIZED Fantasy Village - Low Poly 3D Art/Materials/TRANSPARENT.mat","Assets/BornToDig/PrefabGallery/GalleryMaterials/TRANSPARENT_f15680df_Transparent.mat","TRANSPARENT","Universal Render Pipeline/2D/Mesh2D-Lit-Default","Universal Render Pipeline/Lit"
"gallery_copy_applied","urp_2d_shader_on_3d_renderer","Assets/Daniel Mistage/STYLIZED Low Poly Fantasy Bundle/STYLIZED Fantasy Village - Low Poly 3D Art/Prefabs/Buildings/Walls/Rock/Windows/Glass/SFV_Window2_Rock_M_002.prefab","Assets/Daniel Mistage/STYLIZED Low Poly Fantasy Bundle/STYLIZED Fantasy Village - Low Poly 3D Art/Materials/TRANSPARENT.mat","Assets/BornToDig/PrefabGallery/GalleryMaterials/TRANSPARENT_f15680df_Transparent.mat","TRANSPARENT","Universal Render Pipeline/2D/Mesh2D-Lit-Default","Universal Render Pipeline/Lit"
"gallery_copy_applied","urp_2d_shader_on_3d_renderer","Assets/Daniel Mistage/STYLIZED Low Poly Fantasy Bundle/STYLIZED Fantasy Village - Low Poly 3D Art/Prefabs/Buildings/Walls/Rock/Windows/Glass/SFV_Window2_Rock_M_002.prefab","Assets/Daniel Mistage/STYLIZED Low Poly Fantasy Bundle/STYLIZED Fantasy Village - Low Poly 3D Art/Materials/TRANSPARENT.mat","Assets/BornToDig/PrefabGallery/GalleryMaterials/TRANSPARENT_f15680df_Transparent.mat","TRANSPARENT","Universal Render Pipeline/2D/Mesh2D-Lit-Default","Universal Render Pipeline/Lit"
"gallery_copy_applied","urp_2d_shader_on_3d_renderer","Assets/Daniel Mistage/STYLIZED Low Poly Fantasy Bundle/STYLIZED Fantasy Village - Low Poly 3D Art/Prefabs/Buildings/Walls/Rock/Windows/Glass/SFV_Window2_Rock_S_001.prefab","Assets/Daniel Mistage/STYLIZED Low Poly Fantasy Bundle/STYLIZED Fantasy Village - Low Poly 3D Art/Materials/TRANSPARENT.mat","Assets/BornToDig/PrefabGallery/GalleryMaterials/TRANSPARENT_f15680df_Transparent.mat","TRANSPARENT","Universal Render Pipeline/2D/Mesh2D-Lit-Default","Universal Render Pipeline/Lit"
"gallery_copy_applied","urp_2d_shader_on_3d_renderer","Assets/Daniel Mistage/STYLIZED Low Poly Fantasy Bundle/STYLIZED Fantasy Village - Low Poly 3D Art/Prefabs/Buildings/Walls/Rock/Windows/Glass/SFV_Window2_Rock_S_001.prefab","Assets/Daniel Mistage/STYLIZED Low Poly Fantasy Bundle/STYLIZED Fantasy Village - Low Poly 3D Art/Materials/TRANSPARENT.mat","Assets/BornToDig/PrefabGallery/GalleryMaterials/TRANSPARENT_f15680df_Transparent.mat","TRANSPARENT","Universal Render Pipeline/2D/Mesh2D-Lit-Default","Universal Render Pipeline/Lit"
"gallery_copy_applied","urp_2d_shader_on_3d_renderer","Assets/Daniel Mistage/STYLIZED Low Poly Fantasy Bundle/STYLIZED Fantasy Village - Low Poly 3D Art/Prefabs/Buildings/Walls/Rock/Windows/Glass/SFV_Window2_Rock_S_002.prefab","Assets/Daniel Mistage/STYLIZED Low Poly Fantasy Bundle/STYLIZED Fantasy Village - Low Poly 3D Art/Materials/TRANSPARENT.mat","Assets/BornToDig/PrefabGallery/GalleryMaterials/TRANSPARENT_f15680df_Transparent.mat","TRANSPARENT","Universal Render Pipeline/2D/Mesh2D-Lit-Default","Universal Render Pipeline/Lit"
"gallery_copy_applied","urp_2d_shader_on_3d_renderer","Assets/Daniel Mistage/STYLIZED Low Poly Fantasy Bundle/STYLIZED Fantasy Village - Low Poly 3D Art/Prefabs/Buildings/Walls/Rock/Windows/Glass/SFV_Window2_Rock_S_002.prefab","Assets/Daniel Mistage/STYLIZED Low Poly Fantasy Bundle/STYLIZED Fantasy Village - Low Poly 3D Art/Materials/TRANSPARENT.mat","Assets/BornToDig/PrefabGallery/GalleryMaterials/TRANSPARENT_f15680df_Transparent.mat","TRANSPARENT","Universal Render Pipeline/2D/Mesh2D-Lit-Default","Universal Render Pipeline/Lit"
"gallery_copy_applied","urp_2d_shader_on_3d_renderer","Assets/Daniel Mistage/STYLIZED Low Poly Fantasy Bundle/STYLIZED Fantasy Village - Low Poly 3D Art/Prefabs/Buildings/Walls/Rock/Windows/Glass/SFV_Window3_Rock_M_001.prefab","Assets/Daniel Mistage/STYLIZED Low Poly Fantasy Bundle/STYLIZED Fantasy Village - Low Poly 3D Art/Materials/TRANSPARENT.mat","Assets/BornToDig/PrefabGallery/GalleryMaterials/TRANSPARENT_f15680df_Transparent.mat","TRANSPARENT","Universal Render Pipeline/2D/Mesh2D-Lit-Default","Universal Render Pipeline/Lit"
"gallery_copy_applied","urp_2d_shader_on_3d_renderer","Assets/Daniel Mistage/STYLIZED Low Poly Fantasy Bundle/STYLIZED Fantasy Village - Low Poly 3D Art/Prefabs/Buildings/Walls/Rock/Windows/Glass/SFV_Window3_Rock_M_001.prefab","Assets/Daniel Mistage/STYLIZED Low Poly Fantasy Bundle/STYLIZED Fantasy Village - Low Poly 3D Art/Materials/TRANSPARENT.mat","Assets/BornToDig/PrefabGallery/GalleryMaterials/TRANSPARENT_f15680df_Transparent.mat","TRANSPARENT","Universal Render Pipeline/2D/Mesh2D-Lit-Default","Universal Render Pipeline/Lit"
"gallery_copy_applied","urp_2d_shader_on_3d_renderer","Assets/Daniel Mistage/STYLIZED Low Poly Fantasy Bundle/STYLIZED Fantasy Village - Low Poly 3D Art/Prefabs/Buildings/Walls/Rock/Windows/Glass/SFV_Window3_Rock_M_002.prefab","Assets/Daniel Mistage/STYLIZED Low Poly Fantasy Bundle/STYLIZED Fantasy Village - Low Poly 3D Art/Materials/TRANSPARENT.mat","Assets/BornToDig/PrefabGallery/GalleryMaterials/TRANSPARENT_f15680df_Transparent.mat","TRANSPARENT","Universal Render Pipeline/2D/Mesh2D-Lit-Default","Universal Render Pipeline/Lit"
"gallery_copy_applied","urp_2d_shader_on_3d_renderer","Assets/Daniel Mistage/STYLIZED Low Poly Fantasy Bundle/STYLIZED Fantasy Village - Low Poly 3D Art/Prefabs/Buildings/Walls/Rock/Windows/Glass/SFV_Window3_Rock_M_002.prefab","Assets/Daniel Mistage/STYLIZED Low Poly Fantasy Bundle/STYLIZED Fantasy Village - Low Poly 3D Art/Materials/TRANSPARENT.mat","Assets/BornToDig/PrefabGallery/GalleryMaterials/TRANSPARENT_f15680df_Transparent.mat","TRANSPARENT","Universal Render Pipeline/2D/Mesh2D-Lit-Default","Universal Render Pipeline/Lit"
"gallery_copy_applied","urp_2d_shader_on_3d_renderer","Assets/Daniel Mistage/STYLIZED Low Poly Fantasy Bundle/STYLIZED Fantasy Village - Low Poly 3D Art/Prefabs/Buildings/Walls/Rock/Windows/Glass/SFV_Window3_Rock_S_001.prefab","Assets/Daniel Mistage/STYLIZED Low Poly Fantasy Bundle/STYLIZED Fantasy Village - Low Poly 3D Art/Materials/TRANSPARENT.mat","Assets/BornToDig/PrefabGallery/GalleryMaterials/TRANSPARENT_f15680df_Transparent.mat","TRANSPARENT","Universal Render Pipeline/2D/Mesh2D-Lit-Default","Universal Render Pipeline/Lit"
"gallery_copy_applied","urp_2d_shader_on_3d_renderer","Assets/Daniel Mistage/STYLIZED Low Poly Fantasy Bundle/STYLIZED Fantasy Village - Low Poly 3D Art/Prefabs/Buildings/Walls/Rock/Windows/Glass/SFV_Window3_Rock_S_001.prefab","Assets/Daniel Mistage/STYLIZED Low Poly Fantasy Bundle/STYLIZED Fantasy Village - Low Poly 3D Art/Materials/TRANSPARENT.mat","Assets/BornToDig/PrefabGallery/GalleryMaterials/TRANSPARENT_f15680df_Transparent.mat","TRANSPARENT","Universal Render Pipeline/2D/Mesh2D-Lit-Default","Universal Render Pipeline/Lit"
"gallery_copy_applied","urp_2d_shader_on_3d_renderer","Assets/Daniel Mistage/STYLIZED Low Poly Fantasy Bundle/STYLIZED Fantasy Village - Low Poly 3D Art/Prefabs/Buildings/Walls/Rock/Windows/Glass/SFV_Window3_Rock_S_002.prefab","Assets/Daniel Mistage/STYLIZED Low Poly Fantasy Bundle/STYLIZED Fantasy Village - Low Poly 3D Art/Materials/TRANSPARENT.mat","Assets/BornToDig/PrefabGallery/GalleryMaterials/TRANSPARENT_f15680df_Transparent.mat","TRANSPARENT","Universal Render Pipeline/2D/Mesh2D-Lit-Default","Universal Render Pipeline/Lit"
"gallery_copy_applied","urp_2d_shader_on_3d_renderer","Assets/Daniel Mistage/STYLIZED Low Poly Fantasy Bundle/STYLIZED Fantasy Village - Low Poly 3D Art/Prefabs/Buildings/Walls/Rock/Windows/Glass/SFV_Window3_Rock_S_002.prefab","Assets/Daniel Mistage/STYLIZED Low Poly Fantasy Bundle/STYLIZED Fantasy Village - Low Poly 3D Art/Materials/TRANSPARENT.mat","Assets/BornToDig/PrefabGallery/GalleryMaterials/TRANSPARENT_f15680df_Transparent.mat","TRANSPARENT","Universal Render Pipeline/2D/Mesh2D-Lit-Default","Universal Render Pipeline/Lit"
"gallery_copy_applied","urp_2d_shader_on_3d_renderer","Assets/Daniel Mistage/STYLIZED Low Poly Fantasy Bundle/STYLIZED Fantasy Village - Low Poly 3D Art/Prefabs/Buildings/Walls/Rock/Windows/Glass/SFV_Window4_Rock_M_001 1.prefab","Assets/Daniel Mistage/STYLIZED Low Poly Fantasy Bundle/STYLIZED Fantasy Village - Low Poly 3D Art/Materials/TRANSPARENT.mat","Assets/BornToDig/PrefabGallery/GalleryMaterials/TRANSPARENT_f15680df_Transparent.mat","TRANSPARENT","Universal Render Pipeline/2D/Mesh2D-Lit-Default","Universal Render Pipeline/Lit"
"gallery_copy_applied","urp_2d_shader_on_3d_renderer","Assets/Daniel Mistage/STYLIZED Low Poly Fantasy Bundle/STYLIZED Fantasy Village - Low Poly 3D Art/Prefabs/Buildings/Walls/Rock/Windows/Glass/SFV_Window4_Rock_M_001 1.prefab","Assets/Daniel Mistage/STYLIZED Low Poly Fantasy Bundle/STYLIZED Fantasy Village - Low Poly 3D Art/Materials/TRANSPARENT.mat","Assets/BornToDig/PrefabGallery/GalleryMaterials/TRANSPARENT_f15680df_Transparent.mat","TRANSPARENT","Universal Render Pipeline/2D/Mesh2D-Lit-Default","Universal Render Pipeline/Lit"
"gallery_copy_applied","urp_2d_shader_on_3d_renderer","Assets/Daniel Mistage/STYLIZED Low Poly Fantasy Bundle/STYLIZED Fantasy Village - Low Poly 3D Art/Prefabs/Buildings/Walls/Rock/Windows/Glass/SFV_Window4_Rock_M_001.prefab","Assets/Daniel Mistage/STYLIZED Low Poly Fantasy Bundle/STYLIZED Fantasy Village - Low Poly 3D Art/Materials/TRANSPARENT.mat","Assets/BornToDig/PrefabGallery/GalleryMaterials/TRANSPARENT_f15680df_Transparent.mat","TRANSPARENT","Universal Render Pipeline/2D/Mesh2D-Lit-Default","Universal Render Pipeline/Lit"
"gallery_copy_applied","urp_2d_shader_on_3d_renderer","Assets/Daniel Mistage/STYLIZED Low Poly Fantasy Bundle/STYLIZED Fantasy Village - Low Poly 3D Art/Prefabs/Buildings/Walls/Rock/Windows/Glass/SFV_Window4_Rock_M_001.prefab","Assets/Daniel Mistage/STYLIZED Low Poly Fantasy Bundle/STYLIZED Fantasy Village - Low Poly 3D Art/Materials/TRANSPARENT.mat","Assets/BornToDig/PrefabGallery/GalleryMaterials/TRANSPARENT_f15680df_Transparent.mat","TRANSPARENT","Universal Render Pipeline/2D/Mesh2D-Lit-Default","Universal Render Pipeline/Lit"
"gallery_copy_applied","urp_2d_shader_on_3d_renderer","Assets/Daniel Mistage/STYLIZED Low Poly Fantasy Bundle/STYLIZED Fantasy Village - Low Poly 3D Art/Prefabs/Buildings/Walls/Rock/Windows/Glass/SFV_Window4_Rock_M_002 1.prefab","Assets/Daniel Mistage/STYLIZED Low Poly Fantasy Bundle/STYLIZED Fantasy Village - Low Poly 3D Art/Materials/TRANSPARENT.mat","Assets/BornToDig/PrefabGallery/GalleryMaterials/TRANSPARENT_f15680df_Transparent.mat","TRANSPARENT","Universal Render Pipeline/2D/Mesh2D-Lit-Default","Universal Render Pipeline/Lit"
"gallery_copy_applied","urp_2d_shader_on_3d_renderer","Assets/Daniel Mistage/STYLIZED Low Poly Fantasy Bundle/STYLIZED Fantasy Village - Low Poly 3D Art/Prefabs/Buildings/Walls/Rock/Windows/Glass/SFV_Window4_Rock_M_002 1.prefab","Assets/Daniel Mistage/STYLIZED Low Poly Fantasy Bundle/STYLIZED Fantasy Village - Low Poly 3D Art/Materials/TRANSPARENT.mat","Assets/BornToDig/PrefabGallery/GalleryMaterials/TRANSPARENT_f15680df_Transparent.mat","TRANSPARENT","Universal Render Pipeline/2D/Mesh2D-Lit-Default","Universal Render Pipeline/Lit"
"gallery_copy_applied","urp_2d_shader_on_3d_renderer","Assets/Daniel Mistage/STYLIZED Low Poly Fantasy Bundle/STYLIZED Fantasy Village - Low Poly 3D Art/Prefabs/Buildings/Walls/Rock/Windows/Glass/SFV_Window4_Rock_M_002.prefab","Assets/Daniel Mistage/STYLIZED Low Poly Fantasy Bundle/STYLIZED Fantasy Village - Low Poly 3D Art/Materials/TRANSPARENT.mat","Assets/BornToDig/PrefabGallery/GalleryMaterials/TRANSPARENT_f15680df_Transparent.mat","TRANSPARENT","Universal Render Pipeline/2D/Mesh2D-Lit-Default","Universal Render Pipeline/Lit"
"gallery_copy_applied","urp_2d_shader_on_3d_renderer","Assets/Daniel Mistage/STYLIZED Low Poly Fantasy Bundle/STYLIZED Fantasy Village - Low Poly 3D Art/Prefabs/Buildings/Walls/Rock/Windows/Glass/SFV_Window4_Rock_M_002.prefab","Assets/Daniel Mistage/STYLIZED Low Poly Fantasy Bundle/STYLIZED Fantasy Village - Low Poly 3D Art/Materials/TRANSPARENT.mat","Assets/BornToDig/PrefabGallery/GalleryMaterials/TRANSPARENT_f15680df_Transparent.mat","TRANSPARENT","Universal Render Pipeline/2D/Mesh2D-Lit-Default","Universal Render Pipeline/Lit"
"gallery_copy_applied","urp_2d_shader_on_3d_renderer","Assets/Daniel Mistage/STYLIZED Low Poly Fantasy Bundle/STYLIZED Fantasy Village - Low Poly 3D Art/Prefabs/Buildings/Walls/Wooden/Windows/Glass/SFV_Window_Wall_Wooden_M (1) 1 1.prefab","Assets/Daniel Mistage/STYLIZED Low Poly Fantasy Bundle/STYLIZED Fantasy Village - Low Poly 3D Art/Materials/TRANSPARENT.mat","Assets/BornToDig/PrefabGallery/GalleryMaterials/TRANSPARENT_f15680df_Transparent.mat","TRANSPARENT","Universal Render Pipeline/2D/Mesh2D-Lit-Default","Universal Render Pipeline/Lit"
"gallery_copy_applied","urp_2d_shader_on_3d_renderer","Assets/Daniel Mistage/STYLIZED Low Poly Fantasy Bundle/STYLIZED Fantasy Village - Low Poly 3D Art/Prefabs/Buildings/Walls/Wooden/Windows/Glass/SFV_Window_Wall_Wooden_M (1) 1 1.prefab","Assets/Daniel Mistage/STYLIZED Low Poly Fantasy Bundle/STYLIZED Fantasy Village - Low Poly 3D Art/Materials/TRANSPARENT.mat","Assets/BornToDig/PrefabGallery/GalleryMaterials/TRANSPARENT_f15680df_Transparent.mat","TRANSPARENT","Universal Render Pipeline/2D/Mesh2D-Lit-Default","Universal Render Pipeline/Lit"
"gallery_copy_applied","urp_2d_shader_on_3d_renderer","Assets/Daniel Mistage/STYLIZED Low Poly Fantasy Bundle/STYLIZED Fantasy Village - Low Poly 3D Art/Prefabs/Buildings/Walls/Wooden/Windows/Glass/SFV_Window_Wall_Wooden_M (1) 1 1.prefab","Assets/Daniel Mistage/STYLIZED Low Poly Fantasy Bundle/STYLIZED Fantasy Village - Low Poly 3D Art/Materials/TRANSPARENT.mat","Assets/BornToDig/PrefabGallery/GalleryMaterials/TRANSPARENT_f15680df_Transparent.mat","TRANSPARENT","Universal Render Pipeline/2D/Mesh2D-Lit-Default","Universal Render Pipeline/Lit"
"gallery_copy_applied","urp_2d_shader_on_3d_renderer","Assets/Daniel Mistage/STYLIZED Low Poly Fantasy Bundle/STYLIZED Fantasy Village - Low Poly 3D Art/Prefabs/Buildings/Walls/Wooden/Windows/Glass/SFV_Window_Wall_Wooden_M (1) 1 1.prefab","Assets/Daniel Mistage/STYLIZED Low Poly Fantasy Bundle/STYLIZED Fantasy Village - Low Poly 3D Art/Materials/TRANSPARENT.mat","Assets/BornToDig/PrefabGallery/GalleryMaterials/TRANSPARENT_f15680df_Transparent.mat","TRANSPARENT","Universal Render Pipeline/2D/Mesh2D-Lit-Default","Universal Render Pipeline/Lit"
"gallery_copy_applied","urp_2d_shader_on_3d_renderer","Assets/Daniel Mistage/STYLIZED Low Poly Fantasy Bundle/STYLIZED Fantasy Village - Low Poly 3D Art/Prefabs/Buildings/Walls/Wooden/Windows/Glass/SFV_Window_Wall_Wooden_M (1) 1.prefab","Assets/Daniel Mistage/STYLIZED Low Poly Fantasy Bundle/STYLIZED Fantasy Village - Low Poly 3D Art/Materials/TRANSPARENT.mat","Assets/BornToDig/PrefabGallery/GalleryMaterials/TRANSPARENT_f15680df_Transparent.mat","TRANSPARENT","Universal Render Pipeline/2D/Mesh2D-Lit-Default","Universal Render Pipeline/Lit"
"gallery_copy_applied","urp_2d_shader_on_3d_renderer","Assets/Daniel Mistage/STYLIZED Low Poly Fantasy Bundle/STYLIZED Fantasy Village - Low Poly 3D Art/Prefabs/Buildings/Walls/Wooden/Windows/Glass/SFV_Window_Wall_Wooden_M (1) 1.prefab","Assets/Daniel Mistage/STYLIZED Low Poly Fantasy Bundle/STYLIZED Fantasy Village - Low Poly 3D Art/Materials/TRANSPARENT.mat","Assets/BornToDig/PrefabGallery/GalleryMaterials/TRANSPARENT_f15680df_Transparent.mat","TRANSPARENT","Universal Render Pipeline/2D/Mesh2D-Lit-Default","Universal Render Pipeline/Lit"
"gallery_copy_applied","urp_2d_shader_on_3d_renderer","Assets/Daniel Mistage/STYLIZED Low Poly Fantasy Bundle/STYLIZED Fantasy Village - Low Poly 3D Art/Prefabs/Buildings/Walls/Wooden/Windows/Glass/SFV_Window_Wall_Wooden_M (1) 1.prefab","Assets/Daniel Mistage/STYLIZED Low Poly Fantasy Bundle/STYLIZED Fantasy Village - Low Poly 3D Art/Materials/TRANSPARENT.mat","Assets/BornToDig/PrefabGallery/GalleryMaterials/TRANSPARENT_f15680df_Transparent.mat","TRANSPARENT","Universal Render Pipeline/2D/Mesh2D-Lit-Default","Universal Render Pipeline/Lit"
"gallery_copy_applied","urp_2d_shader_on_3d_renderer","Assets/Daniel Mistage/STYLIZED Low Poly Fantasy Bundle/STYLIZED Fantasy Village - Low Poly 3D Art/Prefabs/Buildings/Walls/Wooden/Windows/Glass/SFV_Window_Wall_Wooden_M (1) 1.prefab","Assets/Daniel Mistage/STYLIZED Low Poly Fantasy Bundle/STYLIZED Fantasy Village - Low Poly 3D Art/Materials/TRANSPARENT.mat","Assets/BornToDig/PrefabGallery/GalleryMaterials/TRANSPARENT_f15680df_Transparent.mat","TRANSPARENT","Universal Render Pipeline/2D/Mesh2D-Lit-Default","Universal Render Pipeline/Lit"
"gallery_copy_applied","urp_2d_shader_on_3d_renderer","Assets/Daniel Mistage/STYLIZED Low Poly Fantasy Bundle/STYLIZED Fantasy Village - Low Poly 3D Art/Prefabs/Buildings/Walls/Wooden/Windows/Glass/SFV_Window_Wall_Wooden_M (1) 2.prefab","Assets/Daniel Mistage/STYLIZED Low Poly Fantasy Bundle/STYLIZED Fantasy Village - Low Poly 3D Art/Materials/TRANSPARENT.mat","Assets/BornToDig/PrefabGallery/GalleryMaterials/TRANSPARENT_f15680df_Transparent.mat","TRANSPARENT","Universal Render Pipeline/2D/Mesh2D-Lit-Default","Universal Render Pipeline/Lit"
"gallery_copy_applied","urp_2d_shader_on_3d_renderer","Assets/Daniel Mistage/STYLIZED Low Poly Fantasy Bundle/STYLIZED Fantasy Village - Low Poly 3D Art/Prefabs/Buildings/Walls/Wooden/Windows/Glass/SFV_Window_Wall_Wooden_M (1) 2.prefab","Assets/Daniel Mistage/STYLIZED Low Poly Fantasy Bundle/STYLIZED Fantasy Village - Low Poly 3D Art/Materials/TRANSPARENT.mat","Assets/BornToDig/PrefabGallery/GalleryMaterials/TRANSPARENT_f15680df_Transparent.mat","TRANSPARENT","Universal Render Pipeline/2D/Mesh2D-Lit-Default","Universal Render Pipeline/Lit"
"gallery_copy_applied","urp_2d_shader_on_3d_renderer","Assets/Daniel Mistage/STYLIZED Low Poly Fantasy Bundle/STYLIZED Fantasy Village - Low Poly 3D Art/Prefabs/Buildings/Walls/Wooden/Windows/Glass/SFV_Window_Wall_Wooden_M (1) 2.prefab","Assets/Daniel Mistage/STYLIZED Low Poly Fantasy Bundle/STYLIZED Fantasy Village - Low Poly 3D Art/Materials/TRANSPARENT.mat","Assets/BornToDig/PrefabGallery/GalleryMaterials/TRANSPARENT_f15680df_Transparent.mat","TRANSPARENT","Universal Render Pipeline/2D/Mesh2D-Lit-Default","Universal Render Pipeline/Lit"
"gallery_copy_applied","urp_2d_shader_on_3d_renderer","Assets/Daniel Mistage/STYLIZED Low Poly Fantasy Bundle/STYLIZED Fantasy Village - Low Poly 3D Art/Prefabs/Buildings/Walls/Wooden/Windows/Glass/SFV_Window_Wall_Wooden_M (1) 2.prefab","Assets/Daniel Mistage/STYLIZED Low Poly Fantasy Bundle/STYLIZED Fantasy Village - Low Poly 3D Art/Materials/TRANSPARENT.mat","Assets/BornToDig/PrefabGallery/GalleryMaterials/TRANSPARENT_f15680df_Transparent.mat","TRANSPARENT","Universal Render Pipeline/2D/Mesh2D-Lit-Default","Universal Render Pipeline/Lit"
"gallery_copy_applied","urp_2d_shader_on_3d_renderer","Assets/Daniel Mistage/STYLIZED Low Poly Fantasy Bundle/STYLIZED Fantasy Village - Low Poly 3D Art/Prefabs/Buildings/Walls/Wooden/Windows/Glass/SFV_Window_Wall_Wooden_M (1) 2.prefab","Assets/Daniel Mistage/STYLIZED Low Poly Fantasy Bundle/STYLIZED Fantasy Village - Low Poly 3D Art/Materials/TRANSPARENT.mat","Assets/BornToDig/PrefabGallery/GalleryMaterials/TRANSPARENT_f15680df_Transparent.mat","TRANSPARENT","Universal Render Pipeline/2D/Mesh2D-Lit-Default","Universal Render Pipeline/Lit"
"gallery_copy_applied","urp_2d_shader_on_3d_renderer","Assets/Daniel Mistage/STYLIZED Low Poly Fantasy Bundle/STYLIZED Fantasy Village - Low Poly 3D Art/Prefabs/Buildings/Walls/Wooden/Windows/Glass/SFV_Window_Wall_Wooden_M (1) 2.prefab","Assets/Daniel Mistage/STYLIZED Low Poly Fantasy Bundle/STYLIZED Fantasy Village - Low Poly 3D Art/Materials/TRANSPARENT.mat","Assets/BornToDig/PrefabGallery/GalleryMaterials/TRANSPARENT_f15680df_Transparent.mat","TRANSPARENT","Universal Render Pipeline/2D/Mesh2D-Lit-Default","Universal Render Pipeline/Lit"
"gallery_copy_applied","urp_2d_shader_on_3d_renderer","Assets/Daniel Mistage/STYLIZED Low Poly Fantasy Bundle/STYLIZED Fantasy Village - Low Poly 3D Art/Prefabs/Buildings/Walls/Wooden/Windows/Glass/SFV_Window_Wall_Wooden_M (1).prefab","Assets/Daniel Mistage/STYLIZED Low Poly Fantasy Bundle/STYLIZED Fantasy Village - Low Poly 3D Art/Materials/TRANSPARENT.mat","Assets/BornToDig/PrefabGallery/GalleryMaterials/TRANSPARENT_f15680df_Transparent.mat","TRANSPARENT","Universal Render Pipeline/2D/Mesh2D-Lit-Default","Universal Render Pipeline/Lit"
"gallery_copy_applied","urp_2d_shader_on_3d_renderer","Assets/Daniel Mistage/STYLIZED Low Poly Fantasy Bundle/STYLIZED Fantasy Village - Low Poly 3D Art/Prefabs/Buildings/Walls/Wooden/Windows/Glass/SFV_Window_Wall_Wooden_M (1).prefab","Assets/Daniel Mistage/STYLIZED Low Poly Fantasy Bundle/STYLIZED Fantasy Village - Low Poly 3D Art/Materials/TRANSPARENT.mat","Assets/BornToDig/PrefabGallery/GalleryMaterials/TRANSPARENT_f15680df_Transparent.mat","TRANSPARENT","Universal Render Pipeline/2D/Mesh2D-Lit-Default","Universal Render Pipeline/Lit"
"gallery_copy_applied","urp_2d_shader_on_3d_renderer","Assets/Daniel Mistage/STYLIZED Low Poly Fantasy Bundle/STYLIZED Fantasy Village - Low Poly 3D Art/Prefabs/Buildings/Walls/Wooden/Windows/Glass/SFV_Window_Wall_Wooden_M (1).prefab","Assets/Daniel Mistage/STYLIZED Low Poly Fantasy Bundle/STYLIZED Fantasy Village - Low Poly 3D Art/Materials/TRANSPARENT.mat","Assets/BornToDig/PrefabGallery/GalleryMaterials/TRANSPARENT_f15680df_Transparent.mat","TRANSPARENT","Universal Render Pipeline/2D/Mesh2D-Lit-Default","Universal Render Pipeline/Lit"
"gallery_copy_applied","urp_2d_shader_on_3d_renderer","Assets/Daniel Mistage/STYLIZED Low Poly Fantasy Bundle/STYLIZED Fantasy Village - Low Poly 3D Art/Prefabs/Buildings/Walls/Wooden/Windows/Glass/SFV_Window_Wall_Wooden_M (1).prefab","Assets/Daniel Mistage/STYLIZED Low Poly Fantasy Bundle/STYLIZED Fantasy Village - Low Poly 3D Art/Materials/TRANSPARENT.mat","Assets/BornToDig/PrefabGallery/GalleryMaterials/TRANSPARENT_f15680df_Transparent.mat","TRANSPARENT","Universal Render Pipeline/2D/Mesh2D-Lit-Default","Universal Render Pipeline/Lit"
"gallery_copy_applied","urp_2d_shader_on_3d_renderer","Assets/Daniel Mistage/STYLIZED Low Poly Fantasy Bundle/STYLIZED Fantasy Village - Low Poly 3D Art/Prefabs/Buildings/Walls/Wooden/Windows/Glass/SFV_Window_Wall_Wooden_M (1).prefab","Assets/Daniel Mistage/STYLIZED Low Poly Fantasy Bundle/STYLIZED Fantasy Village - Low Poly 3D Art/Materials/TRANSPARENT.mat","Assets/BornToDig/PrefabGallery/GalleryMaterials/TRANSPARENT_f15680df_Transparent.mat","TRANSPARENT","Universal Render Pipeline/2D/Mesh2D-Lit-Default","Universal Render Pipeline/Lit"
"gallery_copy_applied","urp_2d_shader_on_3d_renderer","Assets/Daniel Mistage/STYLIZED Low Poly Fantasy Bundle/STYLIZED Fantasy Village - Low Poly 3D Art/Prefabs/Buildings/Walls/Wooden/Windows/Glass/SFV_Window_Wall_Wooden_M (1).prefab","Assets/Daniel Mistage/STYLIZED Low Poly Fantasy Bundle/STYLIZED Fantasy Village - Low Poly 3D Art/Materials/TRANSPARENT.mat","Assets/BornToDig/PrefabGallery/GalleryMaterials/TRANSPARENT_f15680df_Transparent.mat","TRANSPARENT","Universal Render Pipeline/2D/Mesh2D-Lit-Default","Universal Render Pipeline/Lit"
"gallery_copy_applied","urp_2d_shader_on_3d_renderer","Assets/Daniel Mistage/STYLIZED Low Poly Fantasy Bundle/STYLIZED Fantasy Village - Low Poly 3D Art/Prefabs/Buildings/Walls/Wooden/Windows/Glass/SFV_Window_Wall_Wooden_S_002 1.prefab","Assets/Daniel Mistage/STYLIZED Low Poly Fantasy Bundle/STYLIZED Fantasy Village - Low Poly 3D Art/Materials/TRANSPARENT.mat","Assets/BornToDig/PrefabGallery/GalleryMaterials/TRANSPARENT_f15680df_Transparent.mat","TRANSPARENT","Universal Render Pipeline/2D/Mesh2D-Lit-Default","Universal Render Pipeline/Lit"
"gallery_copy_applied","urp_2d_shader_on_3d_renderer","Assets/Daniel Mistage/STYLIZED Low Poly Fantasy Bundle/STYLIZED Fantasy Village - Low Poly 3D Art/Prefabs/Buildings/Walls/Wooden/Windows/Glass/SFV_Window_Wall_Wooden_S_002 1.prefab","Assets/Daniel Mistage/STYLIZED Low Poly Fantasy Bundle/STYLIZED Fantasy Village - Low Poly 3D Art/Materials/TRANSPARENT.mat","Assets/BornToDig/PrefabGallery/GalleryMaterials/TRANSPARENT_f15680df_Transparent.mat","TRANSPARENT","Universal Render Pipeline/2D/Mesh2D-Lit-Default","Universal Render Pipeline/Lit"
"gallery_copy_applied","urp_2d_shader_on_3d_renderer","Assets/Daniel Mistage/STYLIZED Low Poly Fantasy Bundle/STYLIZED Fantasy Village - Low Poly 3D Art/Prefabs/Buildings/Walls/Wooden/Windows/Glass/SFV_Window_Wall_Wooden_S_002.prefab","Assets/Daniel Mistage/STYLIZED Low Poly Fantasy Bundle/STYLIZED Fantasy Village - Low Poly 3D Art/Materials/TRANSPARENT.mat","Assets/BornToDig/PrefabGallery/GalleryMaterials/TRANSPARENT_f15680df_Transparent.mat","TRANSPARENT","Universal Render Pipeline/2D/Mesh2D-Lit-Default","Universal Render Pipeline/Lit"
"gallery_copy_applied","urp_2d_shader_on_3d_renderer","Assets/Daniel Mistage/STYLIZED Low Poly Fantasy Bundle/STYLIZED Fantasy Village - Low Poly 3D Art/Prefabs/Buildings/Walls/Wooden/Windows/Glass/SFV_Window_Wall_Wooden_S_002.prefab","Assets/Daniel Mistage/STYLIZED Low Poly Fantasy Bundle/STYLIZED Fantasy Village - Low Poly 3D Art/Materials/TRANSPARENT.mat","Assets/BornToDig/PrefabGallery/GalleryMaterials/TRANSPARENT_f15680df_Transparent.mat","TRANSPARENT","Universal Render Pipeline/2D/Mesh2D-Lit-Default","Universal Render Pipeline/Lit"
"gallery_copy_applied","urp_2d_shader_on_3d_renderer","Assets/Daniel Mistage/STYLIZED Low Poly Fantasy Bundle/STYLIZED Fantasy Village - Low Poly 3D Art/Prefabs/Buildings/Walls/Wooden/Windows/Glass/SFV_Window1_Wooden_M_001.prefab","Assets/Daniel Mistage/STYLIZED Low Poly Fantasy Bundle/STYLIZED Fantasy Village - Low Poly 3D Art/Materials/TRANSPARENT.mat","Assets/BornToDig/PrefabGallery/GalleryMaterials/TRANSPARENT_f15680df_Transparent.mat","TRANSPARENT","Universal Render Pipeline/2D/Mesh2D-Lit-Default","Universal Render Pipeline/Lit"
"gallery_copy_applied","urp_2d_shader_on_3d_renderer","Assets/Daniel Mistage/STYLIZED Low Poly Fantasy Bundle/STYLIZED Fantasy Village - Low Poly 3D Art/Prefabs/Buildings/Walls/Wooden/Windows/Glass/SFV_Window1_Wooden_M_001.prefab","Assets/Daniel Mistage/STYLIZED Low Poly Fantasy Bundle/STYLIZED Fantasy Village - Low Poly 3D Art/Materials/TRANSPARENT.mat","Assets/BornToDig/PrefabGallery/GalleryMaterials/TRANSPARENT_f15680df_Transparent.mat","TRANSPARENT","Universal Render Pipeline/2D/Mesh2D-Lit-Default","Universal Render Pipeline/Lit"
"gallery_copy_applied","urp_2d_shader_on_3d_renderer","Assets/Daniel Mistage/STYLIZED Low Poly Fantasy Bundle/STYLIZED Fantasy Village - Low Poly 3D Art/Prefabs/Buildings/Walls/Wooden/Windows/Glass/SFV_Window1_Wooden_M_002.prefab","Assets/Daniel Mistage/STYLIZED Low Poly Fantasy Bundle/STYLIZED Fantasy Village - Low Poly 3D Art/Materials/TRANSPARENT.mat","Assets/BornToDig/PrefabGallery/GalleryMaterials/TRANSPARENT_f15680df_Transparent.mat","TRANSPARENT","Universal Render Pipeline/2D/Mesh2D-Lit-Default","Universal Render Pipeline/Lit"
"gallery_copy_applied","urp_2d_shader_on_3d_renderer","Assets/Daniel Mistage/STYLIZED Low Poly Fantasy Bundle/STYLIZED Fantasy Village - Low Poly 3D Art/Prefabs/Buildings/Walls/Wooden/Windows/Glass/SFV_Window1_Wooden_M_002.prefab","Assets/Daniel Mistage/STYLIZED Low Poly Fantasy Bundle/STYLIZED Fantasy Village - Low Poly 3D Art/Materials/TRANSPARENT.mat","Assets/BornToDig/PrefabGallery/GalleryMaterials/TRANSPARENT_f15680df_Transparent.mat","TRANSPARENT","Universal Render Pipeline/2D/Mesh2D-Lit-Default","Universal Render Pipeline/Lit"
"gallery_copy_applied","urp_2d_shader_on_3d_renderer","Assets/Daniel Mistage/STYLIZED Low Poly Fantasy Bundle/STYLIZED Fantasy Village - Low Poly 3D Art/Prefabs/Buildings/Walls/Wooden/Windows/Glass/SFV_Window1_Wooden_M_003.prefab","Assets/Daniel Mistage/STYLIZED Low Poly Fantasy Bundle/STYLIZED Fantasy Village - Low Poly 3D Art/Materials/TRANSPARENT.mat","Assets/BornToDig/PrefabGallery/GalleryMaterials/TRANSPARENT_f15680df_Transparent.mat","TRANSPARENT","Universal Render Pipeline/2D/Mesh2D-Lit-Default","Universal Render Pipeline/Lit"
"gallery_copy_applied","urp_2d_shader_on_3d_renderer","Assets/Daniel Mistage/STYLIZED Low Poly Fantasy Bundle/STYLIZED Fantasy Village - Low Poly 3D Art/Prefabs/Buildings/Walls/Wooden/Windows/Glass/SFV_Window1_Wooden_M_003.prefab","Assets/Daniel Mistage/STYLIZED Low Poly Fantasy Bundle/STYLIZED Fantasy Village - Low Poly 3D Art/Materials/TRANSPARENT.mat","Assets/BornToDig/PrefabGallery/GalleryMaterials/TRANSPARENT_f15680df_Transparent.mat","TRANSPARENT","Universal Render Pipeline/2D/Mesh2D-Lit-Default","Universal Render Pipeline/Lit"
"gallery_copy_applied","urp_2d_shader_on_3d_renderer","Assets/Daniel Mistage/STYLIZED Low Poly Fantasy Bundle/STYLIZED Fantasy Village - Low Poly 3D Art/Prefabs/Buildings/Walls/Wooden/Windows/Glass/SFV_Window1_Wooden_M_004.prefab","Assets/Daniel Mistage/STYLIZED Low Poly Fantasy Bundle/STYLIZED Fantasy Village - Low Poly 3D Art/Materials/TRANSPARENT.mat","Assets/BornToDig/PrefabGallery/GalleryMaterials/TRANSPARENT_f15680df_Transparent.mat","TRANSPARENT","Universal Render Pipeline/2D/Mesh2D-Lit-Default","Universal Render Pipeline/Lit"
"gallery_copy_applied","urp_2d_shader_on_3d_renderer","Assets/Daniel Mistage/STYLIZED Low Poly Fantasy Bundle/STYLIZED Fantasy Village - Low Poly 3D Art/Prefabs/Buildings/Walls/Wooden/Windows/Glass/SFV_Window1_Wooden_M_004.prefab","Assets/Daniel Mistage/STYLIZED Low Poly Fantasy Bundle/STYLIZED Fantasy Village - Low Poly 3D Art/Materials/TRANSPARENT.mat","Assets/BornToDig/PrefabGallery/GalleryMaterials/TRANSPARENT_f15680df_Transparent.mat","TRANSPARENT","Universal Render Pipeline/2D/Mesh2D-Lit-Default","Universal Render Pipeline/Lit"
"gallery_copy_applied","urp_2d_shader_on_3d_renderer","Assets/Daniel Mistage/STYLIZED Low Poly Fantasy Bundle/STYLIZED Fantasy Village - Low Poly 3D Art/Prefabs/Buildings/Walls/Wooden/Windows/Glass/SFV_Window1_Wooden_M_005.prefab","Assets/Daniel Mistage/STYLIZED Low Poly Fantasy Bundle/STYLIZED Fantasy Village - Low Poly 3D Art/Materials/TRANSPARENT.mat","Assets/BornToDig/PrefabGallery/GalleryMaterials/TRANSPARENT_f15680df_Transparent.mat","TRANSPARENT","Universal Render Pipeline/2D/Mesh2D-Lit-Default","Universal Render Pipeline/Lit"
"gallery_copy_applied","urp_2d_shader_on_3d_renderer","Assets/Daniel Mistage/STYLIZED Low Poly Fantasy Bundle/STYLIZED Fantasy Village - Low Poly 3D Art/Prefabs/Buildings/Walls/Wooden/Windows/Glass/SFV_Window1_Wooden_M_005.prefab","Assets/Daniel Mistage/STYLIZED Low Poly Fantasy Bundle/STYLIZED Fantasy Village - Low Poly 3D Art/Materials/TRANSPARENT.mat","Assets/BornToDig/PrefabGallery/GalleryMaterials/TRANSPARENT_f15680df_Transparent.mat","TRANSPARENT","Universal Render Pipeline/2D/Mesh2D-Lit-Default","Universal Render Pipeline/Lit"
"gallery_copy_applied","urp_2d_shader_on_3d_renderer","Assets/Daniel Mistage/STYLIZED Low Poly Fantasy Bundle/STYLIZED Fantasy Village - Low Poly 3D Art/Prefabs/Buildings/Walls/Wooden/Windows/Glass/SFV_Window1_Wooden_M_006.prefab","Assets/Daniel Mistage/STYLIZED Low Poly Fantasy Bundle/STYLIZED Fantasy Village - Low Poly 3D Art/Materials/TRANSPARENT.mat","Assets/BornToDig/PrefabGallery/GalleryMaterials/TRANSPARENT_f15680df_Transparent.mat","TRANSPARENT","Universal Render Pipeline/2D/Mesh2D-Lit-Default","Universal Render Pipeline/Lit"
"gallery_copy_applied","urp_2d_shader_on_3d_renderer","Assets/Daniel Mistage/STYLIZED Low Poly Fantasy Bundle/STYLIZED Fantasy Village - Low Poly 3D Art/Prefabs/Buildings/Walls/Wooden/Windows/Glass/SFV_Window1_Wooden_M_006.prefab","Assets/Daniel Mistage/STYLIZED Low Poly Fantasy Bundle/STYLIZED Fantasy Village - Low Poly 3D Art/Materials/TRANSPARENT.mat","Assets/BornToDig/PrefabGallery/GalleryMaterials/TRANSPARENT_f15680df_Transparent.mat","TRANSPARENT","Universal Render Pipeline/2D/Mesh2D-Lit-Default","Universal Render Pipeline/Lit"
"gallery_copy_applied","urp_2d_shader_on_3d_renderer","Assets/Daniel Mistage/STYLIZED Low Poly Fantasy Bundle/STYLIZED Fantasy Village - Low Poly 3D Art/Prefabs/Buildings/Walls/Wooden/Windows/Glass/SFV_Window1_Wooden_M_007.prefab","Assets/Daniel Mistage/STYLIZED Low Poly Fantasy Bundle/STYLIZED Fantasy Village - Low Poly 3D Art/Materials/TRANSPARENT.mat","Assets/BornToDig/PrefabGallery/GalleryMaterials/TRANSPARENT_f15680df_Transparent.mat","TRANSPARENT","Universal Render Pipeline/2D/Mesh2D-Lit-Default","Universal Render Pipeline/Lit"
"gallery_copy_applied","urp_2d_shader_on_3d_renderer","Assets/Daniel Mistage/STYLIZED Low Poly Fantasy Bundle/STYLIZED Fantasy Village - Low Poly 3D Art/Prefabs/Buildings/Walls/Wooden/Windows/Glass/SFV_Window1_Wooden_M_007.prefab","Assets/Daniel Mistage/STYLIZED Low Poly Fantasy Bundle/STYLIZED Fantasy Village - Low Poly 3D Art/Materials/TRANSPARENT.mat","Assets/BornToDig/PrefabGallery/GalleryMaterials/TRANSPARENT_f15680df_Transparent.mat","TRANSPARENT","Universal Render Pipeline/2D/Mesh2D-Lit-Default","Universal Render Pipeline/Lit"
"gallery_copy_applied","urp_2d_shader_on_3d_renderer","Assets/Daniel Mistage/STYLIZED Low Poly Fantasy Bundle/STYLIZED Fantasy Village - Low Poly 3D Art/Prefabs/Buildings/Walls/Wooden/Windows/Glass/SFV_Window1_Wooden_S_001.prefab","Assets/Daniel Mistage/STYLIZED Low Poly Fantasy Bundle/STYLIZED Fantasy Village - Low Poly 3D Art/Materials/TRANSPARENT.mat","Assets/BornToDig/PrefabGallery/GalleryMaterials/TRANSPARENT_f15680df_Transparent.mat","TRANSPARENT","Universal Render Pipeline/2D/Mesh2D-Lit-Default","Universal Render Pipeline/Lit"
"gallery_copy_applied","urp_2d_shader_on_3d_renderer","Assets/Daniel Mistage/STYLIZED Low Poly Fantasy Bundle/STYLIZED Fantasy Village - Low Poly 3D Art/Prefabs/Buildings/Walls/Wooden/Windows/Glass/SFV_Window1_Wooden_S_001.prefab","Assets/Daniel Mistage/STYLIZED Low Poly Fantasy Bundle/STYLIZED Fantasy Village - Low Poly 3D Art/Materials/TRANSPARENT.mat","Assets/BornToDig/PrefabGallery/GalleryMaterials/TRANSPARENT_f15680df_Transparent.mat","TRANSPARENT","Universal Render Pipeline/2D/Mesh2D-Lit-Default","Universal Render Pipeline/Lit"
"gallery_copy_applied","urp_2d_shader_on_3d_renderer","Assets/Daniel Mistage/STYLIZED Low Poly Fantasy Bundle/STYLIZED Fantasy Village - Low Poly 3D Art/Prefabs/Buildings/Walls/Wooden/Windows/Glass/SFV_Window1_Wooden_S_002.prefab","Assets/Daniel Mistage/STYLIZED Low Poly Fantasy Bundle/STYLIZED Fantasy Village - Low Poly 3D Art/Materials/TRANSPARENT.mat","Assets/BornToDig/PrefabGallery/GalleryMaterials/TRANSPARENT_f15680df_Transparent.mat","TRANSPARENT","Universal Render Pipeline/2D/Mesh2D-Lit-Default","Universal Render Pipeline/Lit"
"gallery_copy_applied","urp_2d_shader_on_3d_renderer","Assets/Daniel Mistage/STYLIZED Low Poly Fantasy Bundle/STYLIZED Fantasy Village - Low Poly 3D Art/Prefabs/Buildings/Walls/Wooden/Windows/Glass/SFV_Window1_Wooden_S_002.prefab","Assets/Daniel Mistage/STYLIZED Low Poly Fantasy Bundle/STYLIZED Fantasy Village - Low Poly 3D Art/Materials/TRANSPARENT.mat","Assets/BornToDig/PrefabGallery/GalleryMaterials/TRANSPARENT_f15680df_Transparent.mat","TRANSPARENT","Universal Render Pipeline/2D/Mesh2D-Lit-Default","Universal Render Pipeline/Lit"
"gallery_copy_applied","urp_2d_shader_on_3d_renderer","Assets/Daniel Mistage/STYLIZED Low Poly Fantasy Bundle/STYLIZED Fantasy Village - Low Poly 3D Art/Prefabs/Buildings/Walls/Wooden/Windows/Glass/SFV_Window2_Wooden_M_001.prefab","Assets/Daniel Mistage/STYLIZED Low Poly Fantasy Bundle/STYLIZED Fantasy Village - Low Poly 3D Art/Materials/TRANSPARENT.mat","Assets/BornToDig/PrefabGallery/GalleryMaterials/TRANSPARENT_f15680df_Transparent.mat","TRANSPARENT","Universal Render Pipeline/2D/Mesh2D-Lit-Default","Universal Render Pipeline/Lit"
"gallery_copy_applied","urp_2d_shader_on_3d_renderer","Assets/Daniel Mistage/STYLIZED Low Poly Fantasy Bundle/STYLIZED Fantasy Village - Low Poly 3D Art/Prefabs/Buildings/Walls/Wooden/Windows/Glass/SFV_Window2_Wooden_M_001.prefab","Assets/Daniel Mistage/STYLIZED Low Poly Fantasy Bundle/STYLIZED Fantasy Village - Low Poly 3D Art/Materials/TRANSPARENT.mat","Assets/BornToDig/PrefabGallery/GalleryMaterials/TRANSPARENT_f15680df_Transparent.mat","TRANSPARENT","Universal Render Pipeline/2D/Mesh2D-Lit-Default","Universal Render Pipeline/Lit"
"gallery_copy_applied","urp_2d_shader_on_3d_renderer","Assets/Daniel Mistage/STYLIZED Low Poly Fantasy Bundle/STYLIZED Fantasy Village - Low Poly 3D Art/Prefabs/Buildings/Walls/Wooden/Windows/Glass/SFV_Window2_Wooden_M_002.prefab","Assets/Daniel Mistage/STYLIZED Low Poly Fantasy Bundle/STYLIZED Fantasy Village - Low Poly 3D Art/Materials/TRANSPARENT.mat","Assets/BornToDig/PrefabGallery/GalleryMaterials/TRANSPARENT_f15680df_Transparent.mat","TRANSPARENT","Universal Render Pipeline/2D/Mesh2D-Lit-Default","Universal Render Pipeline/Lit"
"gallery_copy_applied","urp_2d_shader_on_3d_renderer","Assets/Daniel Mistage/STYLIZED Low Poly Fantasy Bundle/STYLIZED Fantasy Village - Low Poly 3D Art/Prefabs/Buildings/Walls/Wooden/Windows/Glass/SFV_Window2_Wooden_M_002.prefab","Assets/Daniel Mistage/STYLIZED Low Poly Fantasy Bundle/STYLIZED Fantasy Village - Low Poly 3D Art/Materials/TRANSPARENT.mat","Assets/BornToDig/PrefabGallery/GalleryMaterials/TRANSPARENT_f15680df_Transparent.mat","TRANSPARENT","Universal Render Pipeline/2D/Mesh2D-Lit-Default","Universal Render Pipeline/Lit"
"gallery_copy_applied","urp_2d_shader_on_3d_renderer","Assets/Daniel Mistage/STYLIZED Low Poly Fantasy Bundle/STYLIZED Fantasy Village - Low Poly 3D Art/Prefabs/Buildings/Walls/Wooden/Windows/Glass/SFV_Window2_Wooden_M_003.prefab","Assets/Daniel Mistage/STYLIZED Low Poly Fantasy Bundle/STYLIZED Fantasy Village - Low Poly 3D Art/Materials/TRANSPARENT.mat","Assets/BornToDig/PrefabGallery/GalleryMaterials/TRANSPARENT_f15680df_Transparent.mat","TRANSPARENT","Universal Render Pipeline/2D/Mesh2D-Lit-Default","Universal Render Pipeline/Lit"
"gallery_copy_applied","urp_2d_shader_on_3d_renderer","Assets/Daniel Mistage/STYLIZED Low Poly Fantasy Bundle/STYLIZED Fantasy Village - Low Poly 3D Art/Prefabs/Buildings/Walls/Wooden/Windows/Glass/SFV_Window2_Wooden_M_003.prefab","Assets/Daniel Mistage/STYLIZED Low Poly Fantasy Bundle/STYLIZED Fantasy Village - Low Poly 3D Art/Materials/TRANSPARENT.mat","Assets/BornToDig/PrefabGallery/GalleryMaterials/TRANSPARENT_f15680df_Transparent.mat","TRANSPARENT","Universal Render Pipeline/2D/Mesh2D-Lit-Default","Universal Render Pipeline/Lit"
"gallery_copy_applied","urp_2d_shader_on_3d_renderer","Assets/Daniel Mistage/STYLIZED Low Poly Fantasy Bundle/STYLIZED Fantasy Village - Low Poly 3D Art/Prefabs/Buildings/Walls/Wooden/Windows/Glass/SFV_Window2_Wooden_M_004.prefab","Assets/Daniel Mistage/STYLIZED Low Poly Fantasy Bundle/STYLIZED Fantasy Village - Low Poly 3D Art/Materials/TRANSPARENT.mat","Assets/BornToDig/PrefabGallery/GalleryMaterials/TRANSPARENT_f15680df_Transparent.mat","TRANSPARENT","Universal Render Pipeline/2D/Mesh2D-Lit-Default","Universal Render Pipeline/Lit"
"gallery_copy_applied","urp_2d_shader_on_3d_renderer","Assets/Daniel Mistage/STYLIZED Low Poly Fantasy Bundle/STYLIZED Fantasy Village - Low Poly 3D Art/Prefabs/Buildings/Walls/Wooden/Windows/Glass/SFV_Window2_Wooden_M_004.prefab","Assets/Daniel Mistage/STYLIZED Low Poly Fantasy Bundle/STYLIZED Fantasy Village - Low Poly 3D Art/Materials/TRANSPARENT.mat","Assets/BornToDig/PrefabGallery/GalleryMaterials/TRANSPARENT_f15680df_Transparent.mat","TRANSPARENT","Universal Render Pipeline/2D/Mesh2D-Lit-Default","Universal Render Pipeline/Lit"
"gallery_copy_applied","urp_2d_shader_on_3d_renderer","Assets/Daniel Mistage/STYLIZED Low Poly Fantasy Bundle/STYLIZED Fantasy Village - Low Poly 3D Art/Prefabs/Buildings/Walls/Wooden/Windows/Glass/SFV_Window2_Wooden_M_005.prefab","Assets/Daniel Mistage/STYLIZED Low Poly Fantasy Bundle/STYLIZED Fantasy Village - Low Poly 3D Art/Materials/TRANSPARENT.mat","Assets/BornToDig/PrefabGallery/GalleryMaterials/TRANSPARENT_f15680df_Transparent.mat","TRANSPARENT","Universal Render Pipeline/2D/Mesh2D-Lit-Default","Universal Render Pipeline/Lit"
"gallery_copy_applied","urp_2d_shader_on_3d_renderer","Assets/Daniel Mistage/STYLIZED Low Poly Fantasy Bundle/STYLIZED Fantasy Village - Low Poly 3D Art/Prefabs/Buildings/Walls/Wooden/Windows/Glass/SFV_Window2_Wooden_M_005.prefab","Assets/Daniel Mistage/STYLIZED Low Poly Fantasy Bundle/STYLIZED Fantasy Village - Low Poly 3D Art/Materials/TRANSPARENT.mat","Assets/BornToDig/PrefabGallery/GalleryMaterials/TRANSPARENT_f15680df_Transparent.mat","TRANSPARENT","Universal Render Pipeline/2D/Mesh2D-Lit-Default","Universal Render Pipeline/Lit"
"gallery_copy_applied","urp_2d_shader_on_3d_renderer","Assets/Daniel Mistage/STYLIZED Low Poly Fantasy Bundle/STYLIZED Fantasy Village - Low Poly 3D Art/Prefabs/Buildings/Walls/Wooden/Windows/Glass/SFV_Window2_Wooden_M_006.prefab","Assets/Daniel Mistage/STYLIZED Low Poly Fantasy Bundle/STYLIZED Fantasy Village - Low Poly 3D Art/Materials/TRANSPARENT.mat","Assets/BornToDig/PrefabGallery/GalleryMaterials/TRANSPARENT_f15680df_Transparent.mat","TRANSPARENT","Universal Render Pipeline/2D/Mesh2D-Lit-Default","Universal Render Pipeline/Lit"
"gallery_copy_applied","urp_2d_shader_on_3d_renderer","Assets/Daniel Mistage/STYLIZED Low Poly Fantasy Bundle/STYLIZED Fantasy Village - Low Poly 3D Art/Prefabs/Buildings/Walls/Wooden/Windows/Glass/SFV_Window2_Wooden_M_006.prefab","Assets/Daniel Mistage/STYLIZED Low Poly Fantasy Bundle/STYLIZED Fantasy Village - Low Poly 3D Art/Materials/TRANSPARENT.mat","Assets/BornToDig/PrefabGallery/GalleryMaterials/TRANSPARENT_f15680df_Transparent.mat","TRANSPARENT","Universal Render Pipeline/2D/Mesh2D-Lit-Default","Universal Render Pipeline/Lit"
"gallery_copy_applied","urp_2d_shader_on_3d_renderer","Assets/Daniel Mistage/STYLIZED Low Poly Fantasy Bundle/STYLIZED Fantasy Village - Low Poly 3D Art/Prefabs/Buildings/Walls/Wooden/Windows/Glass/SFV_Window2_Wooden_M_007.prefab","Assets/Daniel Mistage/STYLIZED Low Poly Fantasy Bundle/STYLIZED Fantasy Village - Low Poly 3D Art/Materials/TRANSPARENT.mat","Assets/BornToDig/PrefabGallery/GalleryMaterials/TRANSPARENT_f15680df_Transparent.mat","TRANSPARENT","Universal Render Pipeline/2D/Mesh2D-Lit-Default","Universal Render Pipeline/Lit"
"gallery_copy_applied","urp_2d_shader_on_3d_renderer","Assets/Daniel Mistage/STYLIZED Low Poly Fantasy Bundle/STYLIZED Fantasy Village - Low Poly 3D Art/Prefabs/Buildings/Walls/Wooden/Windows/Glass/SFV_Window2_Wooden_M_007.prefab","Assets/Daniel Mistage/STYLIZED Low Poly Fantasy Bundle/STYLIZED Fantasy Village - Low Poly 3D Art/Materials/TRANSPARENT.mat","Assets/BornToDig/PrefabGallery/GalleryMaterials/TRANSPARENT_f15680df_Transparent.mat","TRANSPARENT","Universal Render Pipeline/2D/Mesh2D-Lit-Default","Universal Render Pipeline/Lit"
"gallery_copy_applied","urp_2d_shader_on_3d_renderer","Assets/Daniel Mistage/STYLIZED Low Poly Fantasy Bundle/STYLIZED Fantasy Village - Low Poly 3D Art/Prefabs/Buildings/Walls/Wooden/Windows/Glass/SFV_Window2_Wooden_S_001.prefab","Assets/Daniel Mistage/STYLIZED Low Poly Fantasy Bundle/STYLIZED Fantasy Village - Low Poly 3D Art/Materials/TRANSPARENT.mat","Assets/BornToDig/PrefabGallery/GalleryMaterials/TRANSPARENT_f15680df_Transparent.mat","TRANSPARENT","Universal Render Pipeline/2D/Mesh2D-Lit-Default","Universal Render Pipeline/Lit"
"gallery_copy_applied","urp_2d_shader_on_3d_renderer","Assets/Daniel Mistage/STYLIZED Low Poly Fantasy Bundle/STYLIZED Fantasy Village - Low Poly 3D Art/Prefabs/Buildings/Walls/Wooden/Windows/Glass/SFV_Window2_Wooden_S_001.prefab","Assets/Daniel Mistage/STYLIZED Low Poly Fantasy Bundle/STYLIZED Fantasy Village - Low Poly 3D Art/Materials/TRANSPARENT.mat","Assets/BornToDig/PrefabGallery/GalleryMaterials/TRANSPARENT_f15680df_Transparent.mat","TRANSPARENT","Universal Render Pipeline/2D/Mesh2D-Lit-Default","Universal Render Pipeline/Lit"
"gallery_copy_applied","urp_2d_shader_on_3d_renderer","Assets/Daniel Mistage/STYLIZED Low Poly Fantasy Bundle/STYLIZED Fantasy Village - Low Poly 3D Art/Prefabs/Buildings/Walls/Wooden/Windows/Glass/SFV_Window2_Wooden_S_002.prefab","Assets/Daniel Mistage/STYLIZED Low Poly Fantasy Bundle/STYLIZED Fantasy Village - Low Poly 3D Art/Materials/TRANSPARENT.mat","Assets/BornToDig/PrefabGallery/GalleryMaterials/TRANSPARENT_f15680df_Transparent.mat","TRANSPARENT","Universal Render Pipeline/2D/Mesh2D-Lit-Default","Universal Render Pipeline/Lit"
"gallery_copy_applied","urp_2d_shader_on_3d_renderer","Assets/Daniel Mistage/STYLIZED Low Poly Fantasy Bundle/STYLIZED Fantasy Village - Low Poly 3D Art/Prefabs/Buildings/Walls/Wooden/Windows/Glass/SFV_Window2_Wooden_S_002.prefab","Assets/Daniel Mistage/STYLIZED Low Poly Fantasy Bundle/STYLIZED Fantasy Village - Low Poly 3D Art/Materials/TRANSPARENT.mat","Assets/BornToDig/PrefabGallery/GalleryMaterials/TRANSPARENT_f15680df_Transparent.mat","TRANSPARENT","Universal Render Pipeline/2D/Mesh2D-Lit-Default","Universal Render Pipeline/Lit"
"gallery_copy_applied","urp_2d_shader_on_3d_renderer","Assets/Daniel Mistage/STYLIZED Low Poly Fantasy Bundle/STYLIZED Fantasy Village - Low Poly 3D Art/Prefabs/Buildings/Walls/Wooden/Windows/Glass/SFV_Window3_Wooden_M_001.prefab","Assets/Daniel Mistage/STYLIZED Low Poly Fantasy Bundle/STYLIZED Fantasy Village - Low Poly 3D Art/Materials/TRANSPARENT.mat","Assets/BornToDig/PrefabGallery/GalleryMaterials/TRANSPARENT_f15680df_Transparent.mat","TRANSPARENT","Universal Render Pipeline/2D/Mesh2D-Lit-Default","Universal Render Pipeline/Lit"
"gallery_copy_applied","urp_2d_shader_on_3d_renderer","Assets/Daniel Mistage/STYLIZED Low Poly Fantasy Bundle/STYLIZED Fantasy Village - Low Poly 3D Art/Prefabs/Buildings/Walls/Wooden/Windows/Glass/SFV_Window3_Wooden_M_001.prefab","Assets/Daniel Mistage/STYLIZED Low Poly Fantasy Bundle/STYLIZED Fantasy Village - Low Poly 3D Art/Materials/TRANSPARENT.mat","Assets/BornToDig/PrefabGallery/GalleryMaterials/TRANSPARENT_f15680df_Transparent.mat","TRANSPARENT","Universal Render Pipeline/2D/Mesh2D-Lit-Default","Universal Render Pipeline/Lit"
"gallery_copy_applied","urp_2d_shader_on_3d_renderer","Assets/Daniel Mistage/STYLIZED Low Poly Fantasy Bundle/STYLIZED Fantasy Village - Low Poly 3D Art/Prefabs/Buildings/Walls/Wooden/Windows/Glass/SFV_Window3_Wooden_M_002.prefab","Assets/Daniel Mistage/STYLIZED Low Poly Fantasy Bundle/STYLIZED Fantasy Village - Low Poly 3D Art/Materials/TRANSPARENT.mat","Assets/BornToDig/PrefabGallery/GalleryMaterials/TRANSPARENT_f15680df_Transparent.mat","TRANSPARENT","Universal Render Pipeline/2D/Mesh2D-Lit-Default","Universal Render Pipeline/Lit"
"gallery_copy_applied","urp_2d_shader_on_3d_renderer","Assets/Daniel Mistage/STYLIZED Low Poly Fantasy Bundle/STYLIZED Fantasy Village - Low Poly 3D Art/Prefabs/Buildings/Walls/Wooden/Windows/Glass/SFV_Window3_Wooden_M_002.prefab","Assets/Daniel Mistage/STYLIZED Low Poly Fantasy Bundle/STYLIZED Fantasy Village - Low Poly 3D Art/Materials/TRANSPARENT.mat","Assets/BornToDig/PrefabGallery/GalleryMaterials/TRANSPARENT_f15680df_Transparent.mat","TRANSPARENT","Universal Render Pipeline/2D/Mesh2D-Lit-Default","Universal Render Pipeline/Lit"
"gallery_copy_applied","urp_2d_shader_on_3d_renderer","Assets/Daniel Mistage/STYLIZED Low Poly Fantasy Bundle/STYLIZED Fantasy Village - Low Poly 3D Art/Prefabs/Buildings/Walls/Wooden/Windows/Glass/SFV_Window3_Wooden_M_003.prefab","Assets/Daniel Mistage/STYLIZED Low Poly Fantasy Bundle/STYLIZED Fantasy Village - Low Poly 3D Art/Materials/TRANSPARENT.mat","Assets/BornToDig/PrefabGallery/GalleryMaterials/TRANSPARENT_f15680df_Transparent.mat","TRANSPARENT","Universal Render Pipeline/2D/Mesh2D-Lit-Default","Universal Render Pipeline/Lit"
"gallery_copy_applied","urp_2d_shader_on_3d_renderer","Assets/Daniel Mistage/STYLIZED Low Poly Fantasy Bundle/STYLIZED Fantasy Village - Low Poly 3D Art/Prefabs/Buildings/Walls/Wooden/Windows/Glass/SFV_Window3_Wooden_M_003.prefab","Assets/Daniel Mistage/STYLIZED Low Poly Fantasy Bundle/STYLIZED Fantasy Village - Low Poly 3D Art/Materials/TRANSPARENT.mat","Assets/BornToDig/PrefabGallery/GalleryMaterials/TRANSPARENT_f15680df_Transparent.mat","TRANSPARENT","Universal Render Pipeline/2D/Mesh2D-Lit-Default","Universal Render Pipeline/Lit"
"gallery_copy_applied","urp_2d_shader_on_3d_renderer","Assets/Daniel Mistage/STYLIZED Low Poly Fantasy Bundle/STYLIZED Fantasy Village - Low Poly 3D Art/Prefabs/Buildings/Walls/Wooden/Windows/Glass/SFV_Window3_Wooden_M_004.prefab","Assets/Daniel Mistage/STYLIZED Low Poly Fantasy Bundle/STYLIZED Fantasy Village - Low Poly 3D Art/Materials/TRANSPARENT.mat","Assets/BornToDig/PrefabGallery/GalleryMaterials/TRANSPARENT_f15680df_Transparent.mat","TRANSPARENT","Universal Render Pipeline/2D/Mesh2D-Lit-Default","Universal Render Pipeline/Lit"
"gallery_copy_applied","urp_2d_shader_on_3d_renderer","Assets/Daniel Mistage/STYLIZED Low Poly Fantasy Bundle/STYLIZED Fantasy Village - Low Poly 3D Art/Prefabs/Buildings/Walls/Wooden/Windows/Glass/SFV_Window3_Wooden_M_004.prefab","Assets/Daniel Mistage/STYLIZED Low Poly Fantasy Bundle/STYLIZED Fantasy Village - Low Poly 3D Art/Materials/TRANSPARENT.mat","Assets/BornToDig/PrefabGallery/GalleryMaterials/TRANSPARENT_f15680df_Transparent.mat","TRANSPARENT","Universal Render Pipeline/2D/Mesh2D-Lit-Default","Universal Render Pipeline/Lit"
"gallery_copy_applied","urp_2d_shader_on_3d_renderer","Assets/Daniel Mistage/STYLIZED Low Poly Fantasy Bundle/STYLIZED Fantasy Village - Low Poly 3D Art/Prefabs/Buildings/Walls/Wooden/Windows/Glass/SFV_Window3_Wooden_M_005.prefab","Assets/Daniel Mistage/STYLIZED Low Poly Fantasy Bundle/STYLIZED Fantasy Village - Low Poly 3D Art/Materials/TRANSPARENT.mat","Assets/BornToDig/PrefabGallery/GalleryMaterials/TRANSPARENT_f15680df_Transparent.mat","TRANSPARENT","Universal Render Pipeline/2D/Mesh2D-Lit-Default","Universal Render Pipeline/Lit"
"gallery_copy_applied","urp_2d_shader_on_3d_renderer","Assets/Daniel Mistage/STYLIZED Low Poly Fantasy Bundle/STYLIZED Fantasy Village - Low Poly 3D Art/Prefabs/Buildings/Walls/Wooden/Windows/Glass/SFV_Window3_Wooden_M_005.prefab","Assets/Daniel Mistage/STYLIZED Low Poly Fantasy Bundle/STYLIZED Fantasy Village - Low Poly 3D Art/Materials/TRANSPARENT.mat","Assets/BornToDig/PrefabGallery/GalleryMaterials/TRANSPARENT_f15680df_Transparent.mat","TRANSPARENT","Universal Render Pipeline/2D/Mesh2D-Lit-Default","Universal Render Pipeline/Lit"
"gallery_copy_applied","urp_2d_shader_on_3d_renderer","Assets/Daniel Mistage/STYLIZED Low Poly Fantasy Bundle/STYLIZED Fantasy Village - Low Poly 3D Art/Prefabs/Buildings/Walls/Wooden/Windows/Glass/SFV_Window3_Wooden_M_006.prefab","Assets/Daniel Mistage/STYLIZED Low Poly Fantasy Bundle/STYLIZED Fantasy Village - Low Poly 3D Art/Materials/TRANSPARENT.mat","Assets/BornToDig/PrefabGallery/GalleryMaterials/TRANSPARENT_f15680df_Transparent.mat","TRANSPARENT","Universal Render Pipeline/2D/Mesh2D-Lit-Default","Universal Render Pipeline/Lit"
"gallery_copy_applied","urp_2d_shader_on_3d_renderer","Assets/Daniel Mistage/STYLIZED Low Poly Fantasy Bundle/STYLIZED Fantasy Village - Low Poly 3D Art/Prefabs/Buildings/Walls/Wooden/Windows/Glass/SFV_Window3_Wooden_M_006.prefab","Assets/Daniel Mistage/STYLIZED Low Poly Fantasy Bundle/STYLIZED Fantasy Village - Low Poly 3D Art/Materials/TRANSPARENT.mat","Assets/BornToDig/PrefabGallery/GalleryMaterials/TRANSPARENT_f15680df_Transparent.mat","TRANSPARENT","Universal Render Pipeline/2D/Mesh2D-Lit-Default","Universal Render Pipeline/Lit"
"gallery_copy_applied","urp_2d_shader_on_3d_renderer","Assets/Daniel Mistage/STYLIZED Low Poly Fantasy Bundle/STYLIZED Fantasy Village - Low Poly 3D Art/Prefabs/Buildings/Walls/Wooden/Windows/Glass/SFV_Window3_Wooden_M_007.prefab","Assets/Daniel Mistage/STYLIZED Low Poly Fantasy Bundle/STYLIZED Fantasy Village - Low Poly 3D Art/Materials/TRANSPARENT.mat","Assets/BornToDig/PrefabGallery/GalleryMaterials/TRANSPARENT_f15680df_Transparent.mat","TRANSPARENT","Universal Render Pipeline/2D/Mesh2D-Lit-Default","Universal Render Pipeline/Lit"
"gallery_copy_applied","urp_2d_shader_on_3d_renderer","Assets/Daniel Mistage/STYLIZED Low Poly Fantasy Bundle/STYLIZED Fantasy Village - Low Poly 3D Art/Prefabs/Buildings/Walls/Wooden/Windows/Glass/SFV_Window3_Wooden_M_007.prefab","Assets/Daniel Mistage/STYLIZED Low Poly Fantasy Bundle/STYLIZED Fantasy Village - Low Poly 3D Art/Materials/TRANSPARENT.mat","Assets/BornToDig/PrefabGallery/GalleryMaterials/TRANSPARENT_f15680df_Transparent.mat","TRANSPARENT","Universal Render Pipeline/2D/Mesh2D-Lit-Default","Universal Render Pipeline/Lit"
"gallery_copy_applied","urp_2d_shader_on_3d_renderer","Assets/Daniel Mistage/STYLIZED Low Poly Fantasy Bundle/STYLIZED Fantasy Village - Low Poly 3D Art/Prefabs/Buildings/Walls/Wooden/Windows/Glass/SFV_Window3_Wooden_S_001.prefab","Assets/Daniel Mistage/STYLIZED Low Poly Fantasy Bundle/STYLIZED Fantasy Village - Low Poly 3D Art/Materials/TRANSPARENT.mat","Assets/BornToDig/PrefabGallery/GalleryMaterials/TRANSPARENT_f15680df_Transparent.mat","TRANSPARENT","Universal Render Pipeline/2D/Mesh2D-Lit-Default","Universal Render Pipeline/Lit"
"gallery_copy_applied","urp_2d_shader_on_3d_renderer","Assets/Daniel Mistage/STYLIZED Low Poly Fantasy Bundle/STYLIZED Fantasy Village - Low Poly 3D Art/Prefabs/Buildings/Walls/Wooden/Windows/Glass/SFV_Window3_Wooden_S_001.prefab","Assets/Daniel Mistage/STYLIZED Low Poly Fantasy Bundle/STYLIZED Fantasy Village - Low Poly 3D Art/Materials/TRANSPARENT.mat","Assets/BornToDig/PrefabGallery/GalleryMaterials/TRANSPARENT_f15680df_Transparent.mat","TRANSPARENT","Universal Render Pipeline/2D/Mesh2D-Lit-Default","Universal Render Pipeline/Lit"
"gallery_copy_applied","urp_2d_shader_on_3d_renderer","Assets/Daniel Mistage/STYLIZED Low Poly Fantasy Bundle/STYLIZED Fantasy Village - Low Poly 3D Art/Prefabs/Buildings/Walls/Wooden/Windows/Glass/SFV_Window3_Wooden_S_002.prefab","Assets/Daniel Mistage/STYLIZED Low Poly Fantasy Bundle/STYLIZED Fantasy Village - Low Poly 3D Art/Materials/TRANSPARENT.mat","Assets/BornToDig/PrefabGallery/GalleryMaterials/TRANSPARENT_f15680df_Transparent.mat","TRANSPARENT","Universal Render Pipeline/2D/Mesh2D-Lit-Default","Universal Render Pipeline/Lit"
"gallery_copy_applied","urp_2d_shader_on_3d_renderer","Assets/Daniel Mistage/STYLIZED Low Poly Fantasy Bundle/STYLIZED Fantasy Village - Low Poly 3D Art/Prefabs/Buildings/Walls/Wooden/Windows/Glass/SFV_Window3_Wooden_S_002.prefab","Assets/Daniel Mistage/STYLIZED Low Poly Fantasy Bundle/STYLIZED Fantasy Village - Low Poly 3D Art/Materials/TRANSPARENT.mat","Assets/BornToDig/PrefabGallery/GalleryMaterials/TRANSPARENT_f15680df_Transparent.mat","TRANSPARENT","Universal Render Pipeline/2D/Mesh2D-Lit-Default","Universal Render Pipeline/Lit"
"gallery_copy_applied","urp_2d_shader_on_3d_renderer","Assets/Daniel Mistage/STYLIZED Low Poly Fantasy Bundle/STYLIZED Fantasy Village - Low Poly 3D Art/Prefabs/Buildings/Walls/Wooden/Windows/Glass/SFV_Window4_Wooden_M_001 1.prefab","Assets/Daniel Mistage/STYLIZED Low Poly Fantasy Bundle/STYLIZED Fantasy Village - Low Poly 3D Art/Materials/TRANSPARENT.mat","Assets/BornToDig/PrefabGallery/GalleryMaterials/TRANSPARENT_f15680df_Transparent.mat","TRANSPARENT","Universal Render Pipeline/2D/Mesh2D-Lit-Default","Universal Render Pipeline/Lit"
"gallery_copy_applied","urp_2d_shader_on_3d_renderer","Assets/Daniel Mistage/STYLIZED Low Poly Fantasy Bundle/STYLIZED Fantasy Village - Low Poly 3D Art/Prefabs/Buildings/Walls/Wooden/Windows/Glass/SFV_Window4_Wooden_M_001 1.prefab","Assets/Daniel Mistage/STYLIZED Low Poly Fantasy Bundle/STYLIZED Fantasy Village - Low Poly 3D Art/Materials/TRANSPARENT.mat","Assets/BornToDig/PrefabGallery/GalleryMaterials/TRANSPARENT_f15680df_Transparent.mat","TRANSPARENT","Universal Render Pipeline/2D/Mesh2D-Lit-Default","Universal Render Pipeline/Lit"
"gallery_copy_applied","urp_2d_shader_on_3d_renderer","Assets/Daniel Mistage/STYLIZED Low Poly Fantasy Bundle/STYLIZED Fantasy Village - Low Poly 3D Art/Prefabs/Buildings/Walls/Wooden/Windows/Glass/SFV_Window4_Wooden_M_001.prefab","Assets/Daniel Mistage/STYLIZED Low Poly Fantasy Bundle/STYLIZED Fantasy Village - Low Poly 3D Art/Materials/TRANSPARENT.mat","Assets/BornToDig/PrefabGallery/GalleryMaterials/TRANSPARENT_f15680df_Transparent.mat","TRANSPARENT","Universal Render Pipeline/2D/Mesh2D-Lit-Default","Universal Render Pipeline/Lit"
"gallery_copy_applied","urp_2d_shader_on_3d_renderer","Assets/Daniel Mistage/STYLIZED Low Poly Fantasy Bundle/STYLIZED Fantasy Village - Low Poly 3D Art/Prefabs/Buildings/Walls/Wooden/Windows/Glass/SFV_Window4_Wooden_M_001.prefab","Assets/Daniel Mistage/STYLIZED Low Poly Fantasy Bundle/STYLIZED Fantasy Village - Low Poly 3D Art/Materials/TRANSPARENT.mat","Assets/BornToDig/PrefabGallery/GalleryMaterials/TRANSPARENT_f15680df_Transparent.mat","TRANSPARENT","Universal Render Pipeline/2D/Mesh2D-Lit-Default","Universal Render Pipeline/Lit"
"gallery_copy_applied","urp_2d_shader_on_3d_renderer","Assets/Daniel Mistage/STYLIZED Low Poly Fantasy Bundle/STYLIZED Fantasy Village - Low Poly 3D Art/Prefabs/Buildings/Walls/Wooden/Windows/Glass/SFV_Window4_Wooden_M_002 1.prefab","Assets/Daniel Mistage/STYLIZED Low Poly Fantasy Bundle/STYLIZED Fantasy Village - Low Poly 3D Art/Materials/TRANSPARENT.mat","Assets/BornToDig/PrefabGallery/GalleryMaterials/TRANSPARENT_f15680df_Transparent.mat","TRANSPARENT","Universal Render Pipeline/2D/Mesh2D-Lit-Default","Universal Render Pipeline/Lit"
"gallery_copy_applied","urp_2d_shader_on_3d_renderer","Assets/Daniel Mistage/STYLIZED Low Poly Fantasy Bundle/STYLIZED Fantasy Village - Low Poly 3D Art/Prefabs/Buildings/Walls/Wooden/Windows/Glass/SFV_Window4_Wooden_M_002 1.prefab","Assets/Daniel Mistage/STYLIZED Low Poly Fantasy Bundle/STYLIZED Fantasy Village - Low Poly 3D Art/Materials/TRANSPARENT.mat","Assets/BornToDig/PrefabGallery/GalleryMaterials/TRANSPARENT_f15680df_Transparent.mat","TRANSPARENT","Universal Render Pipeline/2D/Mesh2D-Lit-Default","Universal Render Pipeline/Lit"
"gallery_copy_applied","urp_2d_shader_on_3d_renderer","Assets/Daniel Mistage/STYLIZED Low Poly Fantasy Bundle/STYLIZED Fantasy Village - Low Poly 3D Art/Prefabs/Buildings/Walls/Wooden/Windows/Glass/SFV_Window4_Wooden_M_002.prefab","Assets/Daniel Mistage/STYLIZED Low Poly Fantasy Bundle/STYLIZED Fantasy Village - Low Poly 3D Art/Materials/TRANSPARENT.mat","Assets/BornToDig/PrefabGallery/GalleryMaterials/TRANSPARENT_f15680df_Transparent.mat","TRANSPARENT","Universal Render Pipeline/2D/Mesh2D-Lit-Default","Universal Render Pipeline/Lit"
"gallery_copy_applied","urp_2d_shader_on_3d_renderer","Assets/Daniel Mistage/STYLIZED Low Poly Fantasy Bundle/STYLIZED Fantasy Village - Low Poly 3D Art/Prefabs/Buildings/Walls/Wooden/Windows/Glass/SFV_Window4_Wooden_M_002.prefab","Assets/Daniel Mistage/STYLIZED Low Poly Fantasy Bundle/STYLIZED Fantasy Village - Low Poly 3D Art/Materials/TRANSPARENT.mat","Assets/BornToDig/PrefabGallery/GalleryMaterials/TRANSPARENT_f15680df_Transparent.mat","TRANSPARENT","Universal Render Pipeline/2D/Mesh2D-Lit-Default","Universal Render Pipeline/Lit"
"gallery_copy_applied","urp_2d_shader_on_3d_renderer","Assets/Daniel Mistage/STYLIZED Low Poly Fantasy Bundle/STYLIZED Fantasy Village - Low Poly 3D Art/Prefabs/Buildings/Walls/Wooden/Windows/Glass/SFV_Window4_Wooden_M_003 1.prefab","Assets/Daniel Mistage/STYLIZED Low Poly Fantasy Bundle/STYLIZED Fantasy Village - Low Poly 3D Art/Materials/TRANSPARENT.mat","Assets/BornToDig/PrefabGallery/GalleryMaterials/TRANSPARENT_f15680df_Transparent.mat","TRANSPARENT","Universal Render Pipeline/2D/Mesh2D-Lit-Default","Universal Render Pipeline/Lit"
"gallery_copy_applied","urp_2d_shader_on_3d_renderer","Assets/Daniel Mistage/STYLIZED Low Poly Fantasy Bundle/STYLIZED Fantasy Village - Low Poly 3D Art/Prefabs/Buildings/Walls/Wooden/Windows/Glass/SFV_Window4_Wooden_M_003 1.prefab","Assets/Daniel Mistage/STYLIZED Low Poly Fantasy Bundle/STYLIZED Fantasy Village - Low Poly 3D Art/Materials/TRANSPARENT.mat","Assets/BornToDig/PrefabGallery/GalleryMaterials/TRANSPARENT_f15680df_Transparent.mat","TRANSPARENT","Universal Render Pipeline/2D/Mesh2D-Lit-Default","Universal Render Pipeline/Lit"
"gallery_copy_applied","urp_2d_shader_on_3d_renderer","Assets/Daniel Mistage/STYLIZED Low Poly Fantasy Bundle/STYLIZED Fantasy Village - Low Poly 3D Art/Prefabs/Buildings/Walls/Wooden/Windows/Glass/SFV_Window4_Wooden_M_003.prefab","Assets/Daniel Mistage/STYLIZED Low Poly Fantasy Bundle/STYLIZED Fantasy Village - Low Poly 3D Art/Materials/TRANSPARENT.mat","Assets/BornToDig/PrefabGallery/GalleryMaterials/TRANSPARENT_f15680df_Transparent.mat","TRANSPARENT","Universal Render Pipeline/2D/Mesh2D-Lit-Default","Universal Render Pipeline/Lit"
"gallery_copy_applied","urp_2d_shader_on_3d_renderer","Assets/Daniel Mistage/STYLIZED Low Poly Fantasy Bundle/STYLIZED Fantasy Village - Low Poly 3D Art/Prefabs/Buildings/Walls/Wooden/Windows/Glass/SFV_Window4_Wooden_M_003.prefab","Assets/Daniel Mistage/STYLIZED Low Poly Fantasy Bundle/STYLIZED Fantasy Village - Low Poly 3D Art/Materials/TRANSPARENT.mat","Assets/BornToDig/PrefabGallery/GalleryMaterials/TRANSPARENT_f15680df_Transparent.mat","TRANSPARENT","Universal Render Pipeline/2D/Mesh2D-Lit-Default","Universal Render Pipeline/Lit"
"gallery_copy_applied","urp_2d_shader_on_3d_renderer","Assets/Daniel Mistage/STYLIZED Low Poly Fantasy Bundle/STYLIZED Fantasy Village - Low Poly 3D Art/Prefabs/Buildings/Walls/Wooden/Windows/Glass/SFV_Window4_Wooden_M_004 1.prefab","Assets/Daniel Mistage/STYLIZED Low Poly Fantasy Bundle/STYLIZED Fantasy Village - Low Poly 3D Art/Materials/TRANSPARENT.mat","Assets/BornToDig/PrefabGallery/GalleryMaterials/TRANSPARENT_f15680df_Transparent.mat","TRANSPARENT","Universal Render Pipeline/2D/Mesh2D-Lit-Default","Universal Render Pipeline/Lit"
"gallery_copy_applied","urp_2d_shader_on_3d_renderer","Assets/Daniel Mistage/STYLIZED Low Poly Fantasy Bundle/STYLIZED Fantasy Village - Low Poly 3D Art/Prefabs/Buildings/Walls/Wooden/Windows/Glass/SFV_Window4_Wooden_M_004 1.prefab","Assets/Daniel Mistage/STYLIZED Low Poly Fantasy Bundle/STYLIZED Fantasy Village - Low Poly 3D Art/Materials/TRANSPARENT.mat","Assets/BornToDig/PrefabGallery/GalleryMaterials/TRANSPARENT_f15680df_Transparent.mat","TRANSPARENT","Universal Render Pipeline/2D/Mesh2D-Lit-Default","Universal Render Pipeline/Lit"
"gallery_copy_applied","urp_2d_shader_on_3d_renderer","Assets/Daniel Mistage/STYLIZED Low Poly Fantasy Bundle/STYLIZED Fantasy Village - Low Poly 3D Art/Prefabs/Buildings/Walls/Wooden/Windows/Glass/SFV_Window4_Wooden_M_004.prefab","Assets/Daniel Mistage/STYLIZED Low Poly Fantasy Bundle/STYLIZED Fantasy Village - Low Poly 3D Art/Materials/TRANSPARENT.mat","Assets/BornToDig/PrefabGallery/GalleryMaterials/TRANSPARENT_f15680df_Transparent.mat","TRANSPARENT","Universal Render Pipeline/2D/Mesh2D-Lit-Default","Universal Render Pipeline/Lit"
"gallery_copy_applied","urp_2d_shader_on_3d_renderer","Assets/Daniel Mistage/STYLIZED Low Poly Fantasy Bundle/STYLIZED Fantasy Village - Low Poly 3D Art/Prefabs/Buildings/Walls/Wooden/Windows/Glass/SFV_Window4_Wooden_M_004.prefab","Assets/Daniel Mistage/STYLIZED Low Poly Fantasy Bundle/STYLIZED Fantasy Village - Low Poly 3D Art/Materials/TRANSPARENT.mat","Assets/BornToDig/PrefabGallery/GalleryMaterials/TRANSPARENT_f15680df_Transparent.mat","TRANSPARENT","Universal Render Pipeline/2D/Mesh2D-Lit-Default","Universal Render Pipeline/Lit"
"gallery_copy_applied","urp_2d_shader_on_3d_renderer","Assets/Daniel Mistage/STYLIZED Low Poly Fantasy Bundle/STYLIZED Fantasy Village - Low Poly 3D Art/Prefabs/Buildings/Walls/Wooden/Windows/Glass/SFV_Window4_Wooden_M_005 1.prefab","Assets/Daniel Mistage/STYLIZED Low Poly Fantasy Bundle/STYLIZED Fantasy Village - Low Poly 3D Art/Materials/TRANSPARENT.mat","Assets/BornToDig/PrefabGallery/GalleryMaterials/TRANSPARENT_f15680df_Transparent.mat","TRANSPARENT","Universal Render Pipeline/2D/Mesh2D-Lit-Default","Universal Render Pipeline/Lit"
"gallery_copy_applied","urp_2d_shader_on_3d_renderer","Assets/Daniel Mistage/STYLIZED Low Poly Fantasy Bundle/STYLIZED Fantasy Village - Low Poly 3D Art/Prefabs/Buildings/Walls/Wooden/Windows/Glass/SFV_Window4_Wooden_M_005 1.prefab","Assets/Daniel Mistage/STYLIZED Low Poly Fantasy Bundle/STYLIZED Fantasy Village - Low Poly 3D Art/Materials/TRANSPARENT.mat","Assets/BornToDig/PrefabGallery/GalleryMaterials/TRANSPARENT_f15680df_Transparent.mat","TRANSPARENT","Universal Render Pipeline/2D/Mesh2D-Lit-Default","Universal Render Pipeline/Lit"
"gallery_copy_applied","urp_2d_shader_on_3d_renderer","Assets/Daniel Mistage/STYLIZED Low Poly Fantasy Bundle/STYLIZED Fantasy Village - Low Poly 3D Art/Prefabs/Buildings/Walls/Wooden/Windows/Glass/SFV_Window4_Wooden_M_005.prefab","Assets/Daniel Mistage/STYLIZED Low Poly Fantasy Bundle/STYLIZED Fantasy Village - Low Poly 3D Art/Materials/TRANSPARENT.mat","Assets/BornToDig/PrefabGallery/GalleryMaterials/TRANSPARENT_f15680df_Transparent.mat","TRANSPARENT","Universal Render Pipeline/2D/Mesh2D-Lit-Default","Universal Render Pipeline/Lit"
"gallery_copy_applied","urp_2d_shader_on_3d_renderer","Assets/Daniel Mistage/STYLIZED Low Poly Fantasy Bundle/STYLIZED Fantasy Village - Low Poly 3D Art/Prefabs/Buildings/Walls/Wooden/Windows/Glass/SFV_Window4_Wooden_M_005.prefab","Assets/Daniel Mistage/STYLIZED Low Poly Fantasy Bundle/STYLIZED Fantasy Village - Low Poly 3D Art/Materials/TRANSPARENT.mat","Assets/BornToDig/PrefabGallery/GalleryMaterials/TRANSPARENT_f15680df_Transparent.mat","TRANSPARENT","Universal Render Pipeline/2D/Mesh2D-Lit-Default","Universal Render Pipeline/Lit"
"gallery_copy_applied","urp_2d_shader_on_3d_renderer","Assets/Daniel Mistage/STYLIZED Low Poly Fantasy Bundle/STYLIZED Fantasy Village - Low Poly 3D Art/Prefabs/Buildings/Walls/Wooden/Windows/Glass/SFV_Window4_Wooden_M_006 1.prefab","Assets/Daniel Mistage/STYLIZED Low Poly Fantasy Bundle/STYLIZED Fantasy Village - Low Poly 3D Art/Materials/TRANSPARENT.mat","Assets/BornToDig/PrefabGallery/GalleryMaterials/TRANSPARENT_f15680df_Transparent.mat","TRANSPARENT","Universal Render Pipeline/2D/Mesh2D-Lit-Default","Universal Render Pipeline/Lit"
"gallery_copy_applied","urp_2d_shader_on_3d_renderer","Assets/Daniel Mistage/STYLIZED Low Poly Fantasy Bundle/STYLIZED Fantasy Village - Low Poly 3D Art/Prefabs/Buildings/Walls/Wooden/Windows/Glass/SFV_Window4_Wooden_M_006 1.prefab","Assets/Daniel Mistage/STYLIZED Low Poly Fantasy Bundle/STYLIZED Fantasy Village - Low Poly 3D Art/Materials/TRANSPARENT.mat","Assets/BornToDig/PrefabGallery/GalleryMaterials/TRANSPARENT_f15680df_Transparent.mat","TRANSPARENT","Universal Render Pipeline/2D/Mesh2D-Lit-Default","Universal Render Pipeline/Lit"
"gallery_copy_applied","urp_2d_shader_on_3d_renderer","Assets/Daniel Mistage/STYLIZED Low Poly Fantasy Bundle/STYLIZED Fantasy Village - Low Poly 3D Art/Prefabs/Buildings/Walls/Wooden/Windows/Glass/SFV_Window4_Wooden_M_006.prefab","Assets/Daniel Mistage/STYLIZED Low Poly Fantasy Bundle/STYLIZED Fantasy Village - Low Poly 3D Art/Materials/TRANSPARENT.mat","Assets/BornToDig/PrefabGallery/GalleryMaterials/TRANSPARENT_f15680df_Transparent.mat","TRANSPARENT","Universal Render Pipeline/2D/Mesh2D-Lit-Default","Universal Render Pipeline/Lit"
"gallery_copy_applied","urp_2d_shader_on_3d_renderer","Assets/Daniel Mistage/STYLIZED Low Poly Fantasy Bundle/STYLIZED Fantasy Village - Low Poly 3D Art/Prefabs/Buildings/Walls/Wooden/Windows/Glass/SFV_Window4_Wooden_M_006.prefab","Assets/Daniel Mistage/STYLIZED Low Poly Fantasy Bundle/STYLIZED Fantasy Village - Low Poly 3D Art/Materials/TRANSPARENT.mat","Assets/BornToDig/PrefabGallery/GalleryMaterials/TRANSPARENT_f15680df_Transparent.mat","TRANSPARENT","Universal Render Pipeline/2D/Mesh2D-Lit-Default","Universal Render Pipeline/Lit"
"gallery_copy_applied","urp_2d_shader_on_3d_renderer","Assets/Daniel Mistage/STYLIZED Low Poly Fantasy Bundle/STYLIZED Fantasy Village - Low Poly 3D Art/Prefabs/VFX/Wind_Effect_1.prefab","Assets/Daniel Mistage/STYLIZED Low Poly Fantasy Bundle/STYLIZED Fantasy Village - Low Poly 3D Art/Materials/WIND_TRAIL.mat","Assets/BornToDig/PrefabGallery/GalleryMaterials/WIND_TRAIL_99a2ab5b_Particle_Transparent.mat","WIND_TRAIL","Universal Render Pipeline/2D/Mesh2D-Lit-Default","Universal Render Pipeline/Particles/Unlit"
"gallery_copy_applied","urp_2d_shader_on_3d_renderer","Assets/Daniel Mistage/STYLIZED Low Poly Fantasy Bundle/STYLIZED Fantasy Village - Low Poly 3D Art/Prefabs/VFX/Wind_Effect_2.prefab","Assets/Daniel Mistage/STYLIZED Low Poly Fantasy Bundle/STYLIZED Fantasy Village - Low Poly 3D Art/Materials/WIND_TRAIL.mat","Assets/BornToDig/PrefabGallery/GalleryMaterials/WIND_TRAIL_99a2ab5b_Particle_Transparent.mat","WIND_TRAIL","Universal Render Pipeline/2D/Mesh2D-Lit-Default","Universal Render Pipeline/Particles/Unlit"
"gallery_copy_applied","urp_2d_shader_on_3d_renderer","Assets/Daniel Mistage/STYLIZED Low Poly Fantasy Bundle/STYLIZED The Alchemist's Workshop - Low Poly 3D Art/Prefabs/Props/Alchemy Props/Beaker/AWS_Beaker (1).prefab","Assets/Daniel Mistage/STYLIZED Low Poly Fantasy Bundle/STYLIZED The Alchemist's Workshop - Low Poly 3D Art/Materials/GLOW_BLUE.mat","Assets/BornToDig/PrefabGallery/GalleryMaterials/GLOW_BLUE_714f79ab_Transparent.mat","GLOW_BLUE","Universal Render Pipeline/2D/Mesh2D-Lit-Default","Universal Render Pipeline/Lit"
"gallery_copy_applied","urp_2d_shader_on_3d_renderer","Assets/Daniel Mistage/STYLIZED Low Poly Fantasy Bundle/STYLIZED The Alchemist's Workshop - Low Poly 3D Art/Prefabs/Props/Alchemy Props/Books/Stylized Books/AWS_Stylized_Book_002.prefab","Assets/Daniel Mistage/STYLIZED Low Poly Fantasy Bundle/STYLIZED The Alchemist's Workshop - Low Poly 3D Art/Materials/GLOW_BLUE.mat","Assets/BornToDig/PrefabGallery/GalleryMaterials/GLOW_BLUE_714f79ab_Transparent.mat","GLOW_BLUE","Universal Render Pipeline/2D/Mesh2D-Lit-Default","Universal Render Pipeline/Lit"
"gallery_copy_applied","urp_2d_shader_on_3d_renderer","Assets/Daniel Mistage/STYLIZED Low Poly Fantasy Bundle/STYLIZED The Alchemist's Workshop - Low Poly 3D Art/Prefabs/Props/Alchemy Props/Books/Stylized Books/AWS_Stylized_Book_009.prefab","Assets/Daniel Mistage/STYLIZED Low Poly Fantasy Bundle/STYLIZED The Alchemist's Workshop - Low Poly 3D Art/Materials/GLOW_BLUE.mat","Assets/BornToDig/PrefabGallery/GalleryMaterials/GLOW_BLUE_714f79ab_Transparent.mat","GLOW_BLUE","Universal Render Pipeline/2D/Mesh2D-Lit-Default","Universal Render Pipeline/Lit"
"gallery_copy_applied","urp_2d_shader_on_3d_renderer","Assets/Daniel Mistage/STYLIZED Low Poly Fantasy Bundle/STYLIZED The Alchemist's Workshop - Low Poly 3D Art/Prefabs/Props/Alchemy Props/Books/Stylized Books/AWS_Stylized_Book_013.prefab","Assets/Daniel Mistage/STYLIZED Low Poly Fantasy Bundle/STYLIZED The Alchemist's Workshop - Low Poly 3D Art/Materials/GLOW_BLUE.mat","Assets/BornToDig/PrefabGallery/GalleryMaterials/GLOW_BLUE_714f79ab_Transparent.mat","GLOW_BLUE","Universal Render Pipeline/2D/Mesh2D-Lit-Default","Universal Render Pipeline/Lit"
"gallery_copy_applied","urp_2d_shader_on_3d_renderer","Assets/Daniel Mistage/STYLIZED Low Poly Fantasy Bundle/STYLIZED The Alchemist's Workshop - Low Poly 3D Art/Prefabs/Props/Alchemy Props/Cauldron/Cauldron Campfire/AWS_Cauldron_Campfire - Copy (6).prefab","Assets/Daniel Mistage/STYLIZED Low Poly Fantasy Bundle/STYLIZED The Alchemist's Workshop - Low Poly 3D Art/Materials/GLOW_BLUE.mat","Assets/BornToDig/PrefabGallery/GalleryMaterials/GLOW_BLUE_714f79ab_Transparent.mat","GLOW_BLUE","Universal Render Pipeline/2D/Mesh2D-Lit-Default","Universal Render Pipeline/Lit"
"gallery_copy_applied","urp_2d_shader_on_3d_renderer","Assets/Daniel Mistage/STYLIZED Low Poly Fantasy Bundle/STYLIZED The Alchemist's Workshop - Low Poly 3D Art/Prefabs/Props/Alchemy Props/Cauldron/Cauldron Liquid/AWS_Cauldron_Liquid (1).prefab","Assets/Daniel Mistage/STYLIZED Low Poly Fantasy Bundle/STYLIZED The Alchemist's Workshop - Low Poly 3D Art/Materials/GLOW_BLUE.mat","Assets/BornToDig/PrefabGallery/GalleryMaterials/GLOW_BLUE_714f79ab_Transparent.mat","GLOW_BLUE","Universal Render Pipeline/2D/Mesh2D-Lit-Default","Universal Render Pipeline/Lit"
"gallery_copy_applied","urp_2d_shader_on_3d_renderer","Assets/Daniel Mistage/STYLIZED Low Poly Fantasy Bundle/STYLIZED The Alchemist's Workshop - Low Poly 3D Art/Prefabs/Props/Alchemy Props/Cauldron/Simple Cauldrons/Cauldron + Liquid/Blue/AWS_Cauldron_Simple_001 1 1.prefab","Assets/Daniel Mistage/STYLIZED Low Poly Fantasy Bundle/STYLIZED The Alchemist's Workshop - Low Poly 3D Art/Materials/GLOW_BLUE.mat","Assets/BornToDig/PrefabGallery/GalleryMaterials/GLOW_BLUE_714f79ab_Transparent.mat","GLOW_BLUE","Universal Render Pipeline/2D/Mesh2D-Lit-Default","Universal Render Pipeline/Lit"
"gallery_copy_applied","urp_2d_shader_on_3d_renderer","Assets/Daniel Mistage/STYLIZED Low Poly Fantasy Bundle/STYLIZED The Alchemist's Workshop - Low Poly 3D Art/Prefabs/Props/Alchemy Props/Cauldron/Simple Cauldrons/Cauldron + Liquid/Blue/AWS_Cauldron_Simple_002 1.prefab","Assets/Daniel Mistage/STYLIZED Low Poly Fantasy Bundle/STYLIZED The Alchemist's Workshop - Low Poly 3D Art/Materials/GLOW_BLUE.mat","Assets/BornToDig/PrefabGallery/GalleryMaterials/GLOW_BLUE_714f79ab_Transparent.mat","GLOW_BLUE","Universal Render Pipeline/2D/Mesh2D-Lit-Default","Universal Render Pipeline/Lit"
"gallery_copy_applied","urp_2d_shader_on_3d_renderer","Assets/Daniel Mistage/STYLIZED Low Poly Fantasy Bundle/STYLIZED The Alchemist's Workshop - Low Poly 3D Art/Prefabs/Props/Alchemy Props/Cauldron/Simple Cauldrons/Cauldron + Liquid/Blue/AWS_Cauldron_Simple_003 1.prefab","Assets/Daniel Mistage/STYLIZED Low Poly Fantasy Bundle/STYLIZED The Alchemist's Workshop - Low Poly 3D Art/Materials/GLOW_BLUE.mat","Assets/BornToDig/PrefabGallery/GalleryMaterials/GLOW_BLUE_714f79ab_Transparent.mat","GLOW_BLUE","Universal Render Pipeline/2D/Mesh2D-Lit-Default","Universal Render Pipeline/Lit"
"gallery_copy_applied","urp_2d_shader_on_3d_renderer","Assets/Daniel Mistage/STYLIZED Low Poly Fantasy Bundle/STYLIZED The Alchemist's Workshop - Low Poly 3D Art/Prefabs/Props/Alchemy Props/Cauldron/Simple Cauldrons/Cauldron + Liquid/Blue/AWS_Cauldron_Simple_004 1.prefab","Assets/Daniel Mistage/STYLIZED Low Poly Fantasy Bundle/STYLIZED The Alchemist's Workshop - Low Poly 3D Art/Materials/GLOW_BLUE.mat","Assets/BornToDig/PrefabGallery/GalleryMaterials/GLOW_BLUE_714f79ab_Transparent.mat","GLOW_BLUE","Universal Render Pipeline/2D/Mesh2D-Lit-Default","Universal Render Pipeline/Lit"
"gallery_copy_applied","urp_2d_shader_on_3d_renderer","Assets/Daniel Mistage/STYLIZED Low Poly Fantasy Bundle/STYLIZED The Alchemist's Workshop - Low Poly 3D Art/Prefabs/Props/Alchemy Props/Cauldron/Simple Cauldrons/Cauldron + Liquid/Blue/AWS_Cauldron_Simple_005 1.prefab","Assets/Daniel Mistage/STYLIZED Low Poly Fantasy Bundle/STYLIZED The Alchemist's Workshop - Low Poly 3D Art/Materials/GLOW_BLUE.mat","Assets/BornToDig/PrefabGallery/GalleryMaterials/GLOW_BLUE_714f79ab_Transparent.mat","GLOW_BLUE","Universal Render Pipeline/2D/Mesh2D-Lit-Default","Universal Render Pipeline/Lit"
"gallery_copy_applied","urp_2d_shader_on_3d_renderer","Assets/Daniel Mistage/STYLIZED Low Poly Fantasy Bundle/STYLIZED The Alchemist's Workshop - Low Poly 3D Art/Prefabs/Props/Alchemy Props/Cauldron/Simple Cauldrons/Cauldron + Liquid/Blue/AWS_Cauldron_Simple_006 1.prefab","Assets/Daniel Mistage/STYLIZED Low Poly Fantasy Bundle/STYLIZED The Alchemist's Workshop - Low Poly 3D Art/Materials/GLOW_BLUE.mat","Assets/BornToDig/PrefabGallery/GalleryMaterials/GLOW_BLUE_714f79ab_Transparent.mat","GLOW_BLUE","Universal Render Pipeline/2D/Mesh2D-Lit-Default","Universal Render Pipeline/Lit"
"gallery_copy_applied","urp_2d_shader_on_3d_renderer","Assets/Daniel Mistage/STYLIZED Low Poly Fantasy Bundle/STYLIZED The Alchemist's Workshop - Low Poly 3D Art/Prefabs/Props/Alchemy Props/Cauldron/Simple Cauldrons/Cauldron + Liquid/Blue/AWS_Cauldron_Simple_007 1.prefab","Assets/Daniel Mistage/STYLIZED Low Poly Fantasy Bundle/STYLIZED The Alchemist's Workshop - Low Poly 3D Art/Materials/GLOW_BLUE.mat","Assets/BornToDig/PrefabGallery/GalleryMaterials/GLOW_BLUE_714f79ab_Transparent.mat","GLOW_BLUE","Universal Render Pipeline/2D/Mesh2D-Lit-Default","Universal Render Pipeline/Lit"
"gallery_copy_applied","urp_2d_shader_on_3d_renderer","Assets/Daniel Mistage/STYLIZED Low Poly Fantasy Bundle/STYLIZED The Alchemist's Workshop - Low Poly 3D Art/Prefabs/Props/Alchemy Props/Cauldron/Simple Cauldrons/Cauldron + Liquid/Blue/AWS_Cauldron_Simple_008 1 1.prefab","Assets/Daniel Mistage/STYLIZED Low Poly Fantasy Bundle/STYLIZED The Alchemist's Workshop - Low Poly 3D Art/Materials/GLOW_BLUE.mat","Assets/BornToDig/PrefabGallery/GalleryMaterials/GLOW_BLUE_714f79ab_Transparent.mat","GLOW_BLUE","Universal Render Pipeline/2D/Mesh2D-Lit-Default","Universal Render Pipeline/Lit"
"gallery_copy_applied","urp_2d_shader_on_3d_renderer","Assets/Daniel Mistage/STYLIZED Low Poly Fantasy Bundle/STYLIZED The Alchemist's Workshop - Low Poly 3D Art/Prefabs/Props/Alchemy Props/Cauldron/Simple Cauldrons/Cauldron + Liquid/Blue/AWS_Cauldron_Simple_009 1.prefab","Assets/Daniel Mistage/STYLIZED Low Poly Fantasy Bundle/STYLIZED The Alchemist's Workshop - Low Poly 3D Art/Materials/GLOW_BLUE.mat","Assets/BornToDig/PrefabGallery/GalleryMaterials/GLOW_BLUE_714f79ab_Transparent.mat","GLOW_BLUE","Universal Render Pipeline/2D/Mesh2D-Lit-Default","Universal Render Pipeline/Lit"
"gallery_copy_applied","urp_2d_shader_on_3d_renderer","Assets/Daniel Mistage/STYLIZED Low Poly Fantasy Bundle/STYLIZED The Alchemist's Workshop - Low Poly 3D Art/Prefabs/Props/Alchemy Props/Cauldron/Stylized Cauldron/AWS_Cauldron_Prop 1 (1).prefab","Assets/Daniel Mistage/STYLIZED Low Poly Fantasy Bundle/STYLIZED The Alchemist's Workshop - Low Poly 3D Art/Materials/GLOW_BLUE.mat","Assets/BornToDig/PrefabGallery/GalleryMaterials/GLOW_BLUE_714f79ab_Transparent.mat","GLOW_BLUE","Universal Render Pipeline/2D/Mesh2D-Lit-Default","Universal Render Pipeline/Lit"
"gallery_copy_applied","urp_2d_shader_on_3d_renderer","Assets/Daniel Mistage/STYLIZED Low Poly Fantasy Bundle/STYLIZED The Alchemist's Workshop - Low Poly 3D Art/Prefabs/Props/Alchemy Props/Laboratory Props/AWS_Alchemy_Prop_002 (1).prefab","Assets/Daniel Mistage/STYLIZED Low Poly Fantasy Bundle/STYLIZED The Alchemist's Workshop - Low Poly 3D Art/Materials/GLOW_BLUE.mat","Assets/BornToDig/PrefabGallery/GalleryMaterials/GLOW_BLUE_714f79ab_Transparent.mat","GLOW_BLUE","Universal Render Pipeline/2D/Mesh2D-Lit-Default","Universal Render Pipeline/Lit"
"gallery_copy_applied","urp_2d_shader_on_3d_renderer","Assets/Daniel Mistage/STYLIZED Low Poly Fantasy Bundle/STYLIZED The Alchemist's Workshop - Low Poly 3D Art/Prefabs/Props/Alchemy Props/Laboratory Props/AWS_Alchemy_Prop_002.prefab","Assets/Daniel Mistage/STYLIZED Low Poly Fantasy Bundle/STYLIZED The Alchemist's Workshop - Low Poly 3D Art/Materials/GLOW_BLUE.mat","Assets/BornToDig/PrefabGallery/GalleryMaterials/GLOW_BLUE_714f79ab_Transparent.mat","GLOW_BLUE","Universal Render Pipeline/2D/Mesh2D-Lit-Default","Universal Render Pipeline/Lit"
"gallery_copy_applied","urp_2d_shader_on_3d_renderer","Assets/Daniel Mistage/STYLIZED Low Poly Fantasy Bundle/STYLIZED The Alchemist's Workshop - Low Poly 3D Art/Prefabs/Props/Alchemy Props/Laboratory Props/AWS_Alchemy_Prop_007.prefab","Assets/Daniel Mistage/STYLIZED Low Poly Fantasy Bundle/STYLIZED The Alchemist's Workshop - Low Poly 3D Art/Materials/GLOW_BLUE.mat","Assets/BornToDig/PrefabGallery/GalleryMaterials/GLOW_BLUE_714f79ab_Transparent.mat","GLOW_BLUE","Universal Render Pipeline/2D/Mesh2D-Lit-Default","Universal Render Pipeline/Lit"
"gallery_copy_applied","urp_2d_shader_on_3d_renderer","Assets/Daniel Mistage/STYLIZED Low Poly Fantasy Bundle/STYLIZED The Alchemist's Workshop - Low Poly 3D Art/Prefabs/Props/Alchemy Props/Laboratory Props/AWS_Alchemy_Prop_008 (1).prefab","Assets/Daniel Mistage/STYLIZED Low Poly Fantasy Bundle/STYLIZED The Alchemist's Workshop - Low Poly 3D Art/Materials/GLOW_BLUE.mat","Assets/BornToDig/PrefabGallery/GalleryMaterials/GLOW_BLUE_714f79ab_Transparent.mat","GLOW_BLUE","Universal Render Pipeline/2D/Mesh2D-Lit-Default","Universal Render Pipeline/Lit"
"gallery_copy_applied","urp_2d_shader_on_3d_renderer","Assets/Daniel Mistage/STYLIZED Low Poly Fantasy Bundle/STYLIZED The Alchemist's Workshop - Low Poly 3D Art/Prefabs/Props/Alchemy Props/Laboratory Props/AWS_Alchemy_Prop_009 (1).prefab","Assets/Daniel Mistage/STYLIZED Low Poly Fantasy Bundle/STYLIZED The Alchemist's Workshop - Low Poly 3D Art/Materials/GLOW_BLUE.mat","Assets/BornToDig/PrefabGallery/GalleryMaterials/GLOW_BLUE_714f79ab_Transparent.mat","GLOW_BLUE","Universal Render Pipeline/2D/Mesh2D-Lit-Default","Universal Render Pipeline/Lit"
"gallery_copy_applied","urp_2d_shader_on_3d_renderer","Assets/Daniel Mistage/STYLIZED Low Poly Fantasy Bundle/STYLIZED The Alchemist's Workshop - Low Poly 3D Art/Prefabs/Props/Alchemy Props/Laboratory Props/AWS_Alchemy_Prop_017 (1).prefab","Assets/Daniel Mistage/STYLIZED Low Poly Fantasy Bundle/STYLIZED The Alchemist's Workshop - Low Poly 3D Art/Materials/GLOW_BLUE.mat","Assets/BornToDig/PrefabGallery/GalleryMaterials/GLOW_BLUE_714f79ab_Transparent.mat","GLOW_BLUE","Universal Render Pipeline/2D/Mesh2D-Lit-Default","Universal Render Pipeline/Lit"
"gallery_copy_applied","urp_2d_shader_on_3d_renderer","Assets/Daniel Mistage/STYLIZED Low Poly Fantasy Bundle/STYLIZED The Alchemist's Workshop - Low Poly 3D Art/Prefabs/Props/Alchemy Props/Laboratory Props/AWS_Alchemy_Prop_018 (1).prefab","Assets/Daniel Mistage/STYLIZED Low Poly Fantasy Bundle/STYLIZED The Alchemist's Workshop - Low Poly 3D Art/Materials/GLOW_BLUE.mat","Assets/BornToDig/PrefabGallery/GalleryMaterials/GLOW_BLUE_714f79ab_Transparent.mat","GLOW_BLUE","Universal Render Pipeline/2D/Mesh2D-Lit-Default","Universal Render Pipeline/Lit"
"gallery_copy_applied","urp_2d_shader_on_3d_renderer","Assets/Daniel Mistage/STYLIZED Low Poly Fantasy Bundle/STYLIZED The Alchemist's Workshop - Low Poly 3D Art/Prefabs/Props/Alchemy Props/Laboratory Props/AWS_Alchemy_Prop_020.prefab","Assets/Daniel Mistage/STYLIZED Low Poly Fantasy Bundle/STYLIZED The Alchemist's Workshop - Low Poly 3D Art/Materials/GLOW_BLUE.mat","Assets/BornToDig/PrefabGallery/GalleryMaterials/GLOW_BLUE_714f79ab_Transparent.mat","GLOW_BLUE","Universal Render Pipeline/2D/Mesh2D-Lit-Default","Universal Render Pipeline/Lit"
"gallery_copy_applied","urp_2d_shader_on_3d_renderer","Assets/Daniel Mistage/STYLIZED Low Poly Fantasy Bundle/STYLIZED The Alchemist's Workshop - Low Poly 3D Art/Prefabs/Props/Alchemy Props/Laboratory Props/AWS_Alchemy_Prop_020.prefab","Assets/Daniel Mistage/STYLIZED Low Poly Fantasy Bundle/STYLIZED The Alchemist's Workshop - Low Poly 3D Art/Materials/GLOW_BLUE.mat","Assets/BornToDig/PrefabGallery/GalleryMaterials/GLOW_BLUE_714f79ab_Transparent.mat","GLOW_BLUE","Universal Render Pipeline/2D/Mesh2D-Lit-Default","Universal Render Pipeline/Lit"
"gallery_copy_applied","urp_2d_shader_on_3d_renderer","Assets/Daniel Mistage/STYLIZED Low Poly Fantasy Bundle/STYLIZED The Alchemist's Workshop - Low Poly 3D Art/Prefabs/Props/Alchemy Props/Magic Ball/AWS_Magic_Ball.prefab","Assets/Daniel Mistage/STYLIZED Low Poly Fantasy Bundle/STYLIZED The Alchemist's Workshop - Low Poly 3D Art/Materials/GLOW_BLUE.mat","Assets/BornToDig/PrefabGallery/GalleryMaterials/GLOW_BLUE_714f79ab_Transparent.mat","GLOW_BLUE","Universal Render Pipeline/2D/Mesh2D-Lit-Default","Universal Render Pipeline/Lit"
"gallery_copy_applied","urp_2d_shader_on_3d_renderer","Assets/Daniel Mistage/STYLIZED Low Poly Fantasy Bundle/STYLIZED The Alchemist's Workshop - Low Poly 3D Art/Prefabs/Props/Alchemy Props/Magical Stone/Blue/AWS_Magical_Stone_001 1.prefab","Assets/Daniel Mistage/STYLIZED Low Poly Fantasy Bundle/STYLIZED The Alchemist's Workshop - Low Poly 3D Art/Materials/GLOW_BLUE.mat","Assets/BornToDig/PrefabGallery/GalleryMaterials/GLOW_BLUE_714f79ab_Transparent.mat","GLOW_BLUE","Universal Render Pipeline/2D/Mesh2D-Lit-Default","Universal Render Pipeline/Lit"
"gallery_copy_applied","urp_2d_shader_on_3d_renderer","Assets/Daniel Mistage/STYLIZED Low Poly Fantasy Bundle/STYLIZED The Alchemist's Workshop - Low Poly 3D Art/Prefabs/Props/Alchemy Props/Magical Stone/Blue/AWS_Magical_Stone_002 1.prefab","Assets/Daniel Mistage/STYLIZED Low Poly Fantasy Bundle/STYLIZED The Alchemist's Workshop - Low Poly 3D Art/Materials/GLOW_BLUE.mat","Assets/BornToDig/PrefabGallery/GalleryMaterials/GLOW_BLUE_714f79ab_Transparent.mat","GLOW_BLUE","Universal Render Pipeline/2D/Mesh2D-Lit-Default","Universal Render Pipeline/Lit"
"gallery_copy_applied","urp_2d_shader_on_3d_renderer","Assets/Daniel Mistage/STYLIZED Low Poly Fantasy Bundle/STYLIZED The Alchemist's Workshop - Low Poly 3D Art/Prefabs/Props/Alchemy Props/Magical Stone/Blue/AWS_Magical_Stone_003 1.prefab","Assets/Daniel Mistage/STYLIZED Low Poly Fantasy Bundle/STYLIZED The Alchemist's Workshop - Low Poly 3D Art/Materials/GLOW_BLUE.mat","Assets/BornToDig/PrefabGallery/GalleryMaterials/GLOW_BLUE_714f79ab_Transparent.mat","GLOW_BLUE","Universal Render Pipeline/2D/Mesh2D-Lit-Default","Universal Render Pipeline/Lit"
"gallery_copy_applied","urp_2d_shader_on_3d_renderer","Assets/Daniel Mistage/STYLIZED Low Poly Fantasy Bundle/STYLIZED The Alchemist's Workshop - Low Poly 3D Art/Prefabs/Props/Alchemy Props/Potions/Haging Potion/Blue/AWS_Hanging_Potion_001 1.prefab","Assets/Daniel Mistage/STYLIZED Low Poly Fantasy Bundle/STYLIZED The Alchemist's Workshop - Low Poly 3D Art/Materials/GLOW_BLUE.mat","Assets/BornToDig/PrefabGallery/GalleryMaterials/GLOW_BLUE_714f79ab_Transparent.mat","GLOW_BLUE","Universal Render Pipeline/2D/Mesh2D-Lit-Default","Universal Render Pipeline/Lit"
"gallery_copy_applied","urp_2d_shader_on_3d_renderer","Assets/Daniel Mistage/STYLIZED Low Poly Fantasy Bundle/STYLIZED The Alchemist's Workshop - Low Poly 3D Art/Prefabs/Props/Alchemy Props/Potions/Haging Potion/Blue/AWS_Hanging_Potion_002.prefab","Assets/Daniel Mistage/STYLIZED Low Poly Fantasy Bundle/STYLIZED The Alchemist's Workshop - Low Poly 3D Art/Materials/GLOW_BLUE.mat","Assets/BornToDig/PrefabGallery/GalleryMaterials/GLOW_BLUE_714f79ab_Transparent.mat","GLOW_BLUE","Universal Render Pipeline/2D/Mesh2D-Lit-Default","Universal Render Pipeline/Lit"
"gallery_copy_applied","urp_2d_shader_on_3d_renderer","Assets/Daniel Mistage/STYLIZED Low Poly Fantasy Bundle/STYLIZED The Alchemist's Workshop - Low Poly 3D Art/Prefabs/Props/Alchemy Props/Potions/Jar/Blue/AWS_Jar_001 3.prefab","Assets/Daniel Mistage/STYLIZED Low Poly Fantasy Bundle/STYLIZED The Alchemist's Workshop - Low Poly 3D Art/Materials/GLOW_BLUE.mat","Assets/BornToDig/PrefabGallery/GalleryMaterials/GLOW_BLUE_714f79ab_Transparent.mat","GLOW_BLUE","Universal Render Pipeline/2D/Mesh2D-Lit-Default","Universal Render Pipeline/Lit"
"gallery_copy_applied","urp_2d_shader_on_3d_renderer","Assets/Daniel Mistage/STYLIZED Low Poly Fantasy Bundle/STYLIZED The Alchemist's Workshop - Low Poly 3D Art/Prefabs/Props/Alchemy Props/Potions/Jar/Blue/AWS_Jar_002 3.prefab","Assets/Daniel Mistage/STYLIZED Low Poly Fantasy Bundle/STYLIZED The Alchemist's Workshop - Low Poly 3D Art/Materials/GLOW_BLUE.mat","Assets/BornToDig/PrefabGallery/GalleryMaterials/GLOW_BLUE_714f79ab_Transparent.mat","GLOW_BLUE","Universal Render Pipeline/2D/Mesh2D-Lit-Default","Universal Render Pipeline/Lit"
"gallery_copy_applied","urp_2d_shader_on_3d_renderer","Assets/Daniel Mistage/STYLIZED Low Poly Fantasy Bundle/STYLIZED The Alchemist's Workshop - Low Poly 3D Art/Prefabs/Props/Alchemy Props/Potions/Stylized Potions/AWS_Ice_Potion.prefab","Assets/Daniel Mistage/STYLIZED Low Poly Fantasy Bundle/STYLIZED The Alchemist's Workshop - Low Poly 3D Art/Materials/GLOW_BLUE.mat","Assets/BornToDig/PrefabGallery/GalleryMaterials/GLOW_BLUE_714f79ab_Transparent.mat","GLOW_BLUE","Universal Render Pipeline/2D/Mesh2D-Lit-Default","Universal Render Pipeline/Lit"
"gallery_copy_applied","urp_2d_shader_on_3d_renderer","Assets/Daniel Mistage/STYLIZED Low Poly Fantasy Bundle/STYLIZED The Alchemist's Workshop - Low Poly 3D Art/Prefabs/Props/Alchemy Props/Potions/Stylized Potions/AWS_Stylized_Potions_003.prefab","Assets/Daniel Mistage/STYLIZED Low Poly Fantasy Bundle/STYLIZED The Alchemist's Workshop - Low Poly 3D Art/Materials/GLOW_BLUE.mat","Assets/BornToDig/PrefabGallery/GalleryMaterials/GLOW_BLUE_714f79ab_Transparent.mat","GLOW_BLUE","Universal Render Pipeline/2D/Mesh2D-Lit-Default","Universal Render Pipeline/Lit"
"gallery_copy_applied","urp_2d_shader_on_3d_renderer","Assets/Daniel Mistage/STYLIZED Low Poly Fantasy Bundle/STYLIZED The Alchemist's Workshop - Low Poly 3D Art/Prefabs/Props/Alchemy Props/Potions/Stylized Potions/AWS_Stylized_Potions_005.prefab","Assets/Daniel Mistage/STYLIZED Low Poly Fantasy Bundle/STYLIZED The Alchemist's Workshop - Low Poly 3D Art/Materials/GLOW_BLUE.mat","Assets/BornToDig/PrefabGallery/GalleryMaterials/GLOW_BLUE_714f79ab_Transparent.mat","GLOW_BLUE","Universal Render Pipeline/2D/Mesh2D-Lit-Default","Universal Render Pipeline/Lit"
"gallery_copy_applied","urp_2d_shader_on_3d_renderer","Assets/Daniel Mistage/STYLIZED Low Poly Fantasy Bundle/STYLIZED The Alchemist's Workshop - Low Poly 3D Art/Prefabs/Props/Alchemy Props/Potions/Transparent/Glow/Blue/AWS_Potion_Glow_001.prefab","Assets/Daniel Mistage/STYLIZED Low Poly Fantasy Bundle/STYLIZED The Alchemist's Workshop - Low Poly 3D Art/Materials/GLOW_BLUE.mat","Assets/BornToDig/PrefabGallery/GalleryMaterials/GLOW_BLUE_714f79ab_Transparent.mat","GLOW_BLUE","Universal Render Pipeline/2D/Mesh2D-Lit-Default","Universal Render Pipeline/Lit"
"gallery_copy_applied","urp_2d_shader_on_3d_renderer","Assets/Daniel Mistage/STYLIZED Low Poly Fantasy Bundle/STYLIZED The Alchemist's Workshop - Low Poly 3D Art/Prefabs/Props/Alchemy Props/Potions/Transparent/Glow/Blue/AWS_Potion_Glow_002.prefab","Assets/Daniel Mistage/STYLIZED Low Poly Fantasy Bundle/STYLIZED The Alchemist's Workshop - Low Poly 3D Art/Materials/GLOW_BLUE.mat","Assets/BornToDig/PrefabGallery/GalleryMaterials/GLOW_BLUE_714f79ab_Transparent.mat","GLOW_BLUE","Universal Render Pipeline/2D/Mesh2D-Lit-Default","Universal Render Pipeline/Lit"
"gallery_copy_applied","urp_2d_shader_on_3d_renderer","Assets/Daniel Mistage/STYLIZED Low Poly Fantasy Bundle/STYLIZED The Alchemist's Workshop - Low Poly 3D Art/Prefabs/Props/Alchemy Props/Potions/Transparent/Glow/Blue/AWS_Potion_Glow_003.prefab","Assets/Daniel Mistage/STYLIZED Low Poly Fantasy Bundle/STYLIZED The Alchemist's Workshop - Low Poly 3D Art/Materials/GLOW_BLUE.mat","Assets/BornToDig/PrefabGallery/GalleryMaterials/GLOW_BLUE_714f79ab_Transparent.mat","GLOW_BLUE","Universal Render Pipeline/2D/Mesh2D-Lit-Default","Universal Render Pipeline/Lit"
"gallery_copy_applied","urp_2d_shader_on_3d_renderer","Assets/Daniel Mistage/STYLIZED Low Poly Fantasy Bundle/STYLIZED The Alchemist's Workshop - Low Poly 3D Art/Prefabs/Props/Alchemy Props/Potions/Transparent/Glow/Blue/AWS_Potion_Glow_004.prefab","Assets/Daniel Mistage/STYLIZED Low Poly Fantasy Bundle/STYLIZED The Alchemist's Workshop - Low Poly 3D Art/Materials/GLOW_BLUE.mat","Assets/BornToDig/PrefabGallery/GalleryMaterials/GLOW_BLUE_714f79ab_Transparent.mat","GLOW_BLUE","Universal Render Pipeline/2D/Mesh2D-Lit-Default","Universal Render Pipeline/Lit"
"gallery_copy_applied","urp_2d_shader_on_3d_renderer","Assets/Daniel Mistage/STYLIZED Low Poly Fantasy Bundle/STYLIZED The Alchemist's Workshop - Low Poly 3D Art/Prefabs/Props/Alchemy Props/Potions/Transparent/Glow/Blue/AWS_Potion_Glow_005.prefab","Assets/Daniel Mistage/STYLIZED Low Poly Fantasy Bundle/STYLIZED The Alchemist's Workshop - Low Poly 3D Art/Materials/GLOW_BLUE.mat","Assets/BornToDig/PrefabGallery/GalleryMaterials/GLOW_BLUE_714f79ab_Transparent.mat","GLOW_BLUE","Universal Render Pipeline/2D/Mesh2D-Lit-Default","Universal Render Pipeline/Lit"
"gallery_copy_applied","urp_2d_shader_on_3d_renderer","Assets/Daniel Mistage/STYLIZED Low Poly Fantasy Bundle/STYLIZED The Alchemist's Workshop - Low Poly 3D Art/Prefabs/Props/Alchemy Props/Potions/Transparent/Glow/Blue/AWS_Potion_Glow_006.prefab","Assets/Daniel Mistage/STYLIZED Low Poly Fantasy Bundle/STYLIZED The Alchemist's Workshop - Low Poly 3D Art/Materials/GLOW_BLUE.mat","Assets/BornToDig/PrefabGallery/GalleryMaterials/GLOW_BLUE_714f79ab_Transparent.mat","GLOW_BLUE","Universal Render Pipeline/2D/Mesh2D-Lit-Default","Universal Render Pipeline/Lit"
"gallery_copy_applied","urp_2d_shader_on_3d_renderer","Assets/Daniel Mistage/STYLIZED Low Poly Fantasy Bundle/STYLIZED The Alchemist's Workshop - Low Poly 3D Art/Prefabs/Props/Alchemy Props/Potions/Transparent/Glow/Blue/AWS_Potion_Glow_007.prefab","Assets/Daniel Mistage/STYLIZED Low Poly Fantasy Bundle/STYLIZED The Alchemist's Workshop - Low Poly 3D Art/Materials/GLOW_BLUE.mat","Assets/BornToDig/PrefabGallery/GalleryMaterials/GLOW_BLUE_714f79ab_Transparent.mat","GLOW_BLUE","Universal Render Pipeline/2D/Mesh2D-Lit-Default","Universal Render Pipeline/Lit"
"gallery_copy_applied","urp_2d_shader_on_3d_renderer","Assets/Daniel Mistage/STYLIZED Low Poly Fantasy Bundle/STYLIZED The Alchemist's Workshop - Low Poly 3D Art/Prefabs/Props/Alchemy Props/Potions/Transparent/Glow/Blue/AWS_Potion_Glow_008.prefab","Assets/Daniel Mistage/STYLIZED Low Poly Fantasy Bundle/STYLIZED The Alchemist's Workshop - Low Poly 3D Art/Materials/GLOW_BLUE.mat","Assets/BornToDig/PrefabGallery/GalleryMaterials/GLOW_BLUE_714f79ab_Transparent.mat","GLOW_BLUE","Universal Render Pipeline/2D/Mesh2D-Lit-Default","Universal Render Pipeline/Lit"
"gallery_copy_applied","urp_2d_shader_on_3d_renderer","Assets/Daniel Mistage/STYLIZED Low Poly Fantasy Bundle/STYLIZED The Alchemist's Workshop - Low Poly 3D Art/Prefabs/Props/Alchemy Props/Potions/Transparent/Glow/Blue/AWS_Potion_Glow_009.prefab","Assets/Daniel Mistage/STYLIZED Low Poly Fantasy Bundle/STYLIZED The Alchemist's Workshop - Low Poly 3D Art/Materials/GLOW_BLUE.mat","Assets/BornToDig/PrefabGallery/GalleryMaterials/GLOW_BLUE_714f79ab_Transparent.mat","GLOW_BLUE","Universal Render Pipeline/2D/Mesh2D-Lit-Default","Universal Render Pipeline/Lit"
"gallery_copy_applied","urp_2d_shader_on_3d_renderer","Assets/Daniel Mistage/STYLIZED Low Poly Fantasy Bundle/STYLIZED The Alchemist's Workshop - Low Poly 3D Art/Prefabs/Props/Alchemy Props/Potions/Transparent/Glow/Blue/AWS_Potion_Glow_010.prefab","Assets/Daniel Mistage/STYLIZED Low Poly Fantasy Bundle/STYLIZED The Alchemist's Workshop - Low Poly 3D Art/Materials/GLOW_BLUE.mat","Assets/BornToDig/PrefabGallery/GalleryMaterials/GLOW_BLUE_714f79ab_Transparent.mat","GLOW_BLUE","Universal Render Pipeline/2D/Mesh2D-Lit-Default","Universal Render Pipeline/Lit"
"gallery_copy_applied","urp_2d_shader_on_3d_renderer","Assets/Daniel Mistage/STYLIZED Low Poly Fantasy Bundle/STYLIZED The Alchemist's Workshop - Low Poly 3D Art/Prefabs/Props/Alchemy Props/Potions/Transparent/Glow/Blue/AWS_Potion_Glow_011.prefab","Assets/Daniel Mistage/STYLIZED Low Poly Fantasy Bundle/STYLIZED The Alchemist's Workshop - Low Poly 3D Art/Materials/GLOW_BLUE.mat","Assets/BornToDig/PrefabGallery/GalleryMaterials/GLOW_BLUE_714f79ab_Transparent.mat","GLOW_BLUE","Universal Render Pipeline/2D/Mesh2D-Lit-Default","Universal Render Pipeline/Lit"
"gallery_copy_applied","urp_2d_shader_on_3d_renderer","Assets/Daniel Mistage/STYLIZED Low Poly Fantasy Bundle/STYLIZED The Alchemist's Workshop - Low Poly 3D Art/Prefabs/Props/Alchemy Props/Potions/Transparent/Glow/Blue/AWS_Potion_Glow_012.prefab","Assets/Daniel Mistage/STYLIZED Low Poly Fantasy Bundle/STYLIZED The Alchemist's Workshop - Low Poly 3D Art/Materials/GLOW_BLUE.mat","Assets/BornToDig/PrefabGallery/GalleryMaterials/GLOW_BLUE_714f79ab_Transparent.mat","GLOW_BLUE","Universal Render Pipeline/2D/Mesh2D-Lit-Default","Universal Render Pipeline/Lit"
"gallery_copy_applied","urp_2d_shader_on_3d_renderer","Assets/Daniel Mistage/STYLIZED Low Poly Fantasy Bundle/STYLIZED The Alchemist's Workshop - Low Poly 3D Art/Prefabs/Props/Decorative Props/Dreamcatcher/AWS_Dreamcatcher.prefab","Assets/Daniel Mistage/STYLIZED Low Poly Fantasy Bundle/STYLIZED The Alchemist's Workshop - Low Poly 3D Art/Materials/GLOW_BLUE.mat","Assets/BornToDig/PrefabGallery/GalleryMaterials/GLOW_BLUE_714f79ab_Transparent.mat","GLOW_BLUE","Universal Render Pipeline/2D/Mesh2D-Lit-Default","Universal Render Pipeline/Lit"
"gallery_copy_applied","urp_2d_shader_on_3d_renderer","Assets/Daniel Mistage/STYLIZED Low Poly Fantasy Bundle/STYLIZED The Alchemist's Workshop - Low Poly 3D Art/Prefabs/Props/Decorative Props/Dreamcatcher/AWS_String 1.prefab","Assets/Daniel Mistage/STYLIZED Low Poly Fantasy Bundle/STYLIZED The Alchemist's Workshop - Low Poly 3D Art/Materials/GLOW_BLUE.mat","Assets/BornToDig/PrefabGallery/GalleryMaterials/GLOW_BLUE_714f79ab_Transparent.mat","GLOW_BLUE","Universal Render Pipeline/2D/Mesh2D-Lit-Default","Universal Render Pipeline/Lit"
"gallery_copy_applied","urp_2d_shader_on_3d_renderer","Assets/Daniel Mistage/STYLIZED Low Poly Fantasy Bundle/STYLIZED The Alchemist's Workshop - Low Poly 3D Art/Prefabs/Props/Decorative Props/Scene Prefabs/AWS_Umbrella_Stand - Copy.prefab","Assets/Daniel Mistage/STYLIZED Low Poly Fantasy Bundle/STYLIZED The Alchemist's Workshop - Low Poly 3D Art/Materials/GLOW_BLUE.mat","Assets/BornToDig/PrefabGallery/GalleryMaterials/GLOW_BLUE_714f79ab_Transparent.mat","GLOW_BLUE","Universal Render Pipeline/2D/Mesh2D-Lit-Default","Universal Render Pipeline/Lit"
"gallery_copy_applied","urp_2d_shader_on_3d_renderer","Assets/Daniel Mistage/STYLIZED Low Poly Fantasy Bundle/STYLIZED The Alchemist's Workshop - Low Poly 3D Art/Prefabs/Props/Decorative Props/Scene Prefabs/Scene_Prefab_16.prefab","Assets/Daniel Mistage/STYLIZED Low Poly Fantasy Bundle/STYLIZED The Alchemist's Workshop - Low Poly 3D Art/Materials/GLOW_BLUE.mat","Assets/BornToDig/PrefabGallery/GalleryMaterials/GLOW_BLUE_714f79ab_Transparent.mat","GLOW_BLUE","Universal Render Pipeline/2D/Mesh2D-Lit-Default","Universal Render Pipeline/Lit"
"gallery_copy_applied","urp_2d_shader_on_3d_renderer","Assets/Daniel Mistage/STYLIZED Low Poly Fantasy Bundle/STYLIZED The Alchemist's Workshop - Low Poly 3D Art/Prefabs/Props/Decorative Props/Scene Prefabs/Scene_Prefab_2.prefab","Assets/Daniel Mistage/STYLIZED Low Poly Fantasy Bundle/STYLIZED The Alchemist's Workshop - Low Poly 3D Art/Materials/GLOW_BLUE.mat","Assets/BornToDig/PrefabGallery/GalleryMaterials/GLOW_BLUE_714f79ab_Transparent.mat","GLOW_BLUE","Universal Render Pipeline/2D/Mesh2D-Lit-Default","Universal Render Pipeline/Lit"
"gallery_copy_applied","urp_2d_shader_on_3d_renderer","Assets/Daniel Mistage/STYLIZED Low Poly Fantasy Bundle/STYLIZED The Alchemist's Workshop - Low Poly 3D Art/Prefabs/Props/Decorative Props/Scene Prefabs/Scene_Prefab_2.prefab","Assets/Daniel Mistage/STYLIZED Low Poly Fantasy Bundle/STYLIZED The Alchemist's Workshop - Low Poly 3D Art/Materials/GLOW_BLUE.mat","Assets/BornToDig/PrefabGallery/GalleryMaterials/GLOW_BLUE_714f79ab_Transparent.mat","GLOW_BLUE","Universal Render Pipeline/2D/Mesh2D-Lit-Default","Universal Render Pipeline/Lit"
"gallery_copy_applied","urp_2d_shader_on_3d_renderer","Assets/Daniel Mistage/STYLIZED Low Poly Fantasy Bundle/STYLIZED The Alchemist's Workshop - Low Poly 3D Art/Prefabs/Props/Decorative Props/Scene Prefabs/Scene_Prefab_2.prefab","Assets/Daniel Mistage/STYLIZED Low Poly Fantasy Bundle/STYLIZED The Alchemist's Workshop - Low Poly 3D Art/Materials/GLOW_BLUE.mat","Assets/BornToDig/PrefabGallery/GalleryMaterials/GLOW_BLUE_714f79ab_Transparent.mat","GLOW_BLUE","Universal Render Pipeline/2D/Mesh2D-Lit-Default","Universal Render Pipeline/Lit"
"gallery_copy_applied","urp_2d_shader_on_3d_renderer","Assets/Daniel Mistage/STYLIZED Low Poly Fantasy Bundle/STYLIZED The Alchemist's Workshop - Low Poly 3D Art/Prefabs/Props/Decorative Props/Scene Prefabs/Scene_Prefab_2.prefab","Assets/Daniel Mistage/STYLIZED Low Poly Fantasy Bundle/STYLIZED The Alchemist's Workshop - Low Poly 3D Art/Materials/GLOW_BLUE.mat","Assets/BornToDig/PrefabGallery/GalleryMaterials/GLOW_BLUE_714f79ab_Transparent.mat","GLOW_BLUE","Universal Render Pipeline/2D/Mesh2D-Lit-Default","Universal Render Pipeline/Lit"
"gallery_copy_applied","urp_2d_shader_on_3d_renderer","Assets/Daniel Mistage/STYLIZED Low Poly Fantasy Bundle/STYLIZED The Alchemist's Workshop - Low Poly 3D Art/Prefabs/Props/Decorative Props/Scene Prefabs/Scene_Prefab_5.prefab","Assets/Daniel Mistage/STYLIZED Low Poly Fantasy Bundle/STYLIZED The Alchemist's Workshop - Low Poly 3D Art/Materials/GLOW_BLUE.mat","Assets/BornToDig/PrefabGallery/GalleryMaterials/GLOW_BLUE_714f79ab_Transparent.mat","GLOW_BLUE","Universal Render Pipeline/2D/Mesh2D-Lit-Default","Universal Render Pipeline/Lit"
"gallery_copy_applied","urp_2d_shader_on_3d_renderer","Assets/Daniel Mistage/STYLIZED Low Poly Fantasy Bundle/STYLIZED The Alchemist's Workshop - Low Poly 3D Art/Prefabs/Props/Decorative Props/Scene Prefabs/Scene_Prefab_5.prefab","Assets/Daniel Mistage/STYLIZED Low Poly Fantasy Bundle/STYLIZED The Alchemist's Workshop - Low Poly 3D Art/Materials/GLOW_BLUE.mat","Assets/BornToDig/PrefabGallery/GalleryMaterials/GLOW_BLUE_714f79ab_Transparent.mat","GLOW_BLUE","Universal Render Pipeline/2D/Mesh2D-Lit-Default","Universal Render Pipeline/Lit"
"gallery_copy_applied","urp_2d_shader_on_3d_renderer","Assets/Daniel Mistage/STYLIZED Low Poly Fantasy Bundle/STYLIZED The Alchemist's Workshop - Low Poly 3D Art/Prefabs/Props/Decorative Props/Scene Prefabs/Scene_Prefab_5.prefab","Assets/Daniel Mistage/STYLIZED Low Poly Fantasy Bundle/STYLIZED The Alchemist's Workshop - Low Poly 3D Art/Materials/GLOW_BLUE.mat","Assets/BornToDig/PrefabGallery/GalleryMaterials/GLOW_BLUE_714f79ab_Transparent.mat","GLOW_BLUE","Universal Render Pipeline/2D/Mesh2D-Lit-Default","Universal Render Pipeline/Lit"
"gallery_copy_applied","urp_2d_shader_on_3d_renderer","Assets/Daniel Mistage/STYLIZED Low Poly Fantasy Bundle/STYLIZED The Alchemist's Workshop - Low Poly 3D Art/Prefabs/Props/Decorative Props/Scene Prefabs/Scene_Prefab_5.prefab","Assets/Daniel Mistage/STYLIZED Low Poly Fantasy Bundle/STYLIZED The Alchemist's Workshop - Low Poly 3D Art/Materials/GLOW_BLUE.mat","Assets/BornToDig/PrefabGallery/GalleryMaterials/GLOW_BLUE_714f79ab_Transparent.mat","GLOW_BLUE","Universal Render Pipeline/2D/Mesh2D-Lit-Default","Universal Render Pipeline/Lit"
"gallery_copy_applied","urp_2d_shader_on_3d_renderer","Assets/Daniel Mistage/STYLIZED Low Poly Fantasy Bundle/STYLIZED The Alchemist's Workshop - Low Poly 3D Art/Prefabs/Props/Decorative Props/Scene Prefabs/Scene_Prefab_6.prefab","Assets/Daniel Mistage/STYLIZED Low Poly Fantasy Bundle/STYLIZED The Alchemist's Workshop - Low Poly 3D Art/Materials/GLOW_BLUE.mat","Assets/BornToDig/PrefabGallery/GalleryMaterials/GLOW_BLUE_714f79ab_Transparent.mat","GLOW_BLUE","Universal Render Pipeline/2D/Mesh2D-Lit-Default","Universal Render Pipeline/Lit"
"gallery_copy_applied","urp_2d_shader_on_3d_renderer","Assets/Daniel Mistage/STYLIZED Low Poly Fantasy Bundle/STYLIZED The Alchemist's Workshop - Low Poly 3D Art/Prefabs/Props/Decorative Props/Scene Prefabs/Scene_Prefab_6.prefab","Assets/Daniel Mistage/STYLIZED Low Poly Fantasy Bundle/STYLIZED The Alchemist's Workshop - Low Poly 3D Art/Materials/GLOW_BLUE.mat","Assets/BornToDig/PrefabGallery/GalleryMaterials/GLOW_BLUE_714f79ab_Transparent.mat","GLOW_BLUE","Universal Render Pipeline/2D/Mesh2D-Lit-Default","Universal Render Pipeline/Lit"
"gallery_copy_applied","urp_2d_shader_on_3d_renderer","Assets/Daniel Mistage/STYLIZED Low Poly Fantasy Bundle/STYLIZED The Alchemist's Workshop - Low Poly 3D Art/Prefabs/Props/Decorative Props/Scene Prefabs/Scene_Prefab_8.prefab","Assets/Daniel Mistage/STYLIZED Low Poly Fantasy Bundle/STYLIZED The Alchemist's Workshop - Low Poly 3D Art/Materials/GLOW_BLUE.mat","Assets/BornToDig/PrefabGallery/GalleryMaterials/GLOW_BLUE_714f79ab_Transparent.mat","GLOW_BLUE","Universal Render Pipeline/2D/Mesh2D-Lit-Default","Universal Render Pipeline/Lit"
"gallery_copy_applied","urp_2d_shader_on_3d_renderer","Assets/Daniel Mistage/STYLIZED Low Poly Fantasy Bundle/STYLIZED The Alchemist's Workshop - Low Poly 3D Art/Prefabs/Props/Decorative Props/Scene Prefabs/Scene_Prefab_8.prefab","Assets/Daniel Mistage/STYLIZED Low Poly Fantasy Bundle/STYLIZED The Alchemist's Workshop - Low Poly 3D Art/Materials/GLOW_BLUE.mat","Assets/BornToDig/PrefabGallery/GalleryMaterials/GLOW_BLUE_714f79ab_Transparent.mat","GLOW_BLUE","Universal Render Pipeline/2D/Mesh2D-Lit-Default","Universal Render Pipeline/Lit"
"gallery_copy_applied","urp_2d_shader_on_3d_renderer","Assets/Daniel Mistage/STYLIZED Low Poly Fantasy Bundle/STYLIZED The Alchemist's Workshop - Low Poly 3D Art/Prefabs/Props/Tools and Weapons/Axe/AWS_Axe.prefab","Assets/Daniel Mistage/STYLIZED Low Poly Fantasy Bundle/STYLIZED The Alchemist's Workshop - Low Poly 3D Art/Materials/GLOW_BLUE.mat","Assets/BornToDig/PrefabGallery/GalleryMaterials/GLOW_BLUE_714f79ab_Transparent.mat","GLOW_BLUE","Universal Render Pipeline/2D/Mesh2D-Lit-Default","Universal Render Pipeline/Lit"
"gallery_copy_applied","urp_2d_shader_on_3d_renderer","Assets/Daniel Mistage/STYLIZED Low Poly Fantasy Bundle/STYLIZED The Alchemist's Workshop - Low Poly 3D Art/Prefabs/Props/Tools and Weapons/Crosiers/AWS_Crosier_001.prefab","Assets/Daniel Mistage/STYLIZED Low Poly Fantasy Bundle/STYLIZED The Alchemist's Workshop - Low Poly 3D Art/Materials/GLOW_BLUE.mat","Assets/BornToDig/PrefabGallery/GalleryMaterials/GLOW_BLUE_714f79ab_Transparent.mat","GLOW_BLUE","Universal Render Pipeline/2D/Mesh2D-Lit-Default","Universal Render Pipeline/Lit"
"gallery_copy_applied","urp_2d_shader_on_3d_renderer","Assets/Daniel Mistage/STYLIZED Low Poly Fantasy Bundle/STYLIZED The Alchemist's Workshop - Low Poly 3D Art/Prefabs/Props/Tools and Weapons/Crosiers/AWS_Crosier_003.prefab","Assets/Daniel Mistage/STYLIZED Low Poly Fantasy Bundle/STYLIZED The Alchemist's Workshop - Low Poly 3D Art/Materials/GLOW_BLUE.mat","Assets/BornToDig/PrefabGallery/GalleryMaterials/GLOW_BLUE_714f79ab_Transparent.mat","GLOW_BLUE","Universal Render Pipeline/2D/Mesh2D-Lit-Default","Universal Render Pipeline/Lit"
"gallery_copy_applied","urp_2d_shader_on_3d_renderer","Assets/Daniel Mistage/STYLIZED Low Poly Fantasy Bundle/STYLIZED The Alchemist's Workshop - Low Poly 3D Art/Prefabs/Props/Tools and Weapons/Crosiers/AWS_Crosier_004.prefab","Assets/Daniel Mistage/STYLIZED Low Poly Fantasy Bundle/STYLIZED The Alchemist's Workshop - Low Poly 3D Art/Materials/GLOW_BLUE.mat","Assets/BornToDig/PrefabGallery/GalleryMaterials/GLOW_BLUE_714f79ab_Transparent.mat","GLOW_BLUE","Universal Render Pipeline/2D/Mesh2D-Lit-Default","Universal Render Pipeline/Lit"
"gallery_copy_applied","urp_2d_shader_on_3d_renderer","Assets/Daniel Mistage/STYLIZED Low Poly Fantasy Bundle/STYLIZED The Alchemist's Workshop - Low Poly 3D Art/Prefabs/Props/Alchemy Props/Beaker/AWS_Beaker (3).prefab","Assets/Daniel Mistage/STYLIZED Low Poly Fantasy Bundle/STYLIZED The Alchemist's Workshop - Low Poly 3D Art/Materials/GLOW_GREEN.mat","Assets/BornToDig/PrefabGallery/GalleryMaterials/GLOW_GREEN_6827e989_Transparent.mat","GLOW_GREEN","Universal Render Pipeline/2D/Mesh2D-Lit-Default","Universal Render Pipeline/Lit"
"gallery_copy_applied","urp_2d_shader_on_3d_renderer","Assets/Daniel Mistage/STYLIZED Low Poly Fantasy Bundle/STYLIZED The Alchemist's Workshop - Low Poly 3D Art/Prefabs/Props/Alchemy Props/Books/Stylized Books/AWS_Stylized_Book_008.prefab","Assets/Daniel Mistage/STYLIZED Low Poly Fantasy Bundle/STYLIZED The Alchemist's Workshop - Low Poly 3D Art/Materials/GLOW_GREEN.mat","Assets/BornToDig/PrefabGallery/GalleryMaterials/GLOW_GREEN_6827e989_Transparent.mat","GLOW_GREEN","Universal Render Pipeline/2D/Mesh2D-Lit-Default","Universal Render Pipeline/Lit"
"gallery_copy_applied","urp_2d_shader_on_3d_renderer","Assets/Daniel Mistage/STYLIZED Low Poly Fantasy Bundle/STYLIZED The Alchemist's Workshop - Low Poly 3D Art/Prefabs/Props/Alchemy Props/Cauldron/Cauldron Campfire/AWS_Cauldron_Campfire - Copy (4).prefab","Assets/Daniel Mistage/STYLIZED Low Poly Fantasy Bundle/STYLIZED The Alchemist's Workshop - Low Poly 3D Art/Materials/GLOW_GREEN.mat","Assets/BornToDig/PrefabGallery/GalleryMaterials/GLOW_GREEN_6827e989_Transparent.mat","GLOW_GREEN","Universal Render Pipeline/2D/Mesh2D-Lit-Default","Universal Render Pipeline/Lit"
"gallery_copy_applied","urp_2d_shader_on_3d_renderer","Assets/Daniel Mistage/STYLIZED Low Poly Fantasy Bundle/STYLIZED The Alchemist's Workshop - Low Poly 3D Art/Prefabs/Props/Alchemy Props/Cauldron/Cauldron Liquid/AWS_Cauldron_Liquid 1.prefab","Assets/Daniel Mistage/STYLIZED Low Poly Fantasy Bundle/STYLIZED The Alchemist's Workshop - Low Poly 3D Art/Materials/GLOW_GREEN.mat","Assets/BornToDig/PrefabGallery/GalleryMaterials/GLOW_GREEN_6827e989_Transparent.mat","GLOW_GREEN","Universal Render Pipeline/2D/Mesh2D-Lit-Default","Universal Render Pipeline/Lit"
"gallery_copy_applied","urp_2d_shader_on_3d_renderer","Assets/Daniel Mistage/STYLIZED Low Poly Fantasy Bundle/STYLIZED The Alchemist's Workshop - Low Poly 3D Art/Prefabs/Props/Alchemy Props/Cauldron/Simple Cauldrons/Cauldron + Liquid/Green/AWS_Cauldron_Simple_001 1.prefab","Assets/Daniel Mistage/STYLIZED Low Poly Fantasy Bundle/STYLIZED The Alchemist's Workshop - Low Poly 3D Art/Materials/GLOW_GREEN.mat","Assets/BornToDig/PrefabGallery/GalleryMaterials/GLOW_GREEN_6827e989_Transparent.mat","GLOW_GREEN","Universal Render Pipeline/2D/Mesh2D-Lit-Default","Universal Render Pipeline/Lit"
"gallery_copy_applied","urp_2d_shader_on_3d_renderer","Assets/Daniel Mistage/STYLIZED Low Poly Fantasy Bundle/STYLIZED The Alchemist's Workshop - Low Poly 3D Art/Prefabs/Props/Alchemy Props/Cauldron/Simple Cauldrons/Cauldron + Liquid/Green/AWS_Cauldron_Simple_002.prefab","Assets/Daniel Mistage/STYLIZED Low Poly Fantasy Bundle/STYLIZED The Alchemist's Workshop - Low Poly 3D Art/Materials/GLOW_GREEN.mat","Assets/BornToDig/PrefabGallery/GalleryMaterials/GLOW_GREEN_6827e989_Transparent.mat","GLOW_GREEN","Universal Render Pipeline/2D/Mesh2D-Lit-Default","Universal Render Pipeline/Lit"
"gallery_copy_applied","urp_2d_shader_on_3d_renderer","Assets/Daniel Mistage/STYLIZED Low Poly Fantasy Bundle/STYLIZED The Alchemist's Workshop - Low Poly 3D Art/Prefabs/Props/Alchemy Props/Cauldron/Simple Cauldrons/Cauldron + Liquid/Green/AWS_Cauldron_Simple_003.prefab","Assets/Daniel Mistage/STYLIZED Low Poly Fantasy Bundle/STYLIZED The Alchemist's Workshop - Low Poly 3D Art/Materials/GLOW_GREEN.mat","Assets/BornToDig/PrefabGallery/GalleryMaterials/GLOW_GREEN_6827e989_Transparent.mat","GLOW_GREEN","Universal Render Pipeline/2D/Mesh2D-Lit-Default","Universal Render Pipeline/Lit"
"gallery_copy_applied","urp_2d_shader_on_3d_renderer","Assets/Daniel Mistage/STYLIZED Low Poly Fantasy Bundle/STYLIZED The Alchemist's Workshop - Low Poly 3D Art/Prefabs/Props/Alchemy Props/Cauldron/Simple Cauldrons/Cauldron + Liquid/Green/AWS_Cauldron_Simple_004.prefab","Assets/Daniel Mistage/STYLIZED Low Poly Fantasy Bundle/STYLIZED The Alchemist's Workshop - Low Poly 3D Art/Materials/GLOW_GREEN.mat","Assets/BornToDig/PrefabGallery/GalleryMaterials/GLOW_GREEN_6827e989_Transparent.mat","GLOW_GREEN","Universal Render Pipeline/2D/Mesh2D-Lit-Default","Universal Render Pipeline/Lit"
"gallery_copy_applied","urp_2d_shader_on_3d_renderer","Assets/Daniel Mistage/STYLIZED Low Poly Fantasy Bundle/STYLIZED The Alchemist's Workshop - Low Poly 3D Art/Prefabs/Props/Alchemy Props/Cauldron/Simple Cauldrons/Cauldron + Liquid/Green/AWS_Cauldron_Simple_005.prefab","Assets/Daniel Mistage/STYLIZED Low Poly Fantasy Bundle/STYLIZED The Alchemist's Workshop - Low Poly 3D Art/Materials/GLOW_GREEN.mat","Assets/BornToDig/PrefabGallery/GalleryMaterials/GLOW_GREEN_6827e989_Transparent.mat","GLOW_GREEN","Universal Render Pipeline/2D/Mesh2D-Lit-Default","Universal Render Pipeline/Lit"
"gallery_copy_applied","urp_2d_shader_on_3d_renderer","Assets/Daniel Mistage/STYLIZED Low Poly Fantasy Bundle/STYLIZED The Alchemist's Workshop - Low Poly 3D Art/Prefabs/Props/Alchemy Props/Cauldron/Simple Cauldrons/Cauldron + Liquid/Green/AWS_Cauldron_Simple_006.prefab","Assets/Daniel Mistage/STYLIZED Low Poly Fantasy Bundle/STYLIZED The Alchemist's Workshop - Low Poly 3D Art/Materials/GLOW_GREEN.mat","Assets/BornToDig/PrefabGallery/GalleryMaterials/GLOW_GREEN_6827e989_Transparent.mat","GLOW_GREEN","Universal Render Pipeline/2D/Mesh2D-Lit-Default","Universal Render Pipeline/Lit"
"gallery_copy_applied","urp_2d_shader_on_3d_renderer","Assets/Daniel Mistage/STYLIZED Low Poly Fantasy Bundle/STYLIZED The Alchemist's Workshop - Low Poly 3D Art/Prefabs/Props/Alchemy Props/Cauldron/Simple Cauldrons/Cauldron + Liquid/Green/AWS_Cauldron_Simple_007.prefab","Assets/Daniel Mistage/STYLIZED Low Poly Fantasy Bundle/STYLIZED The Alchemist's Workshop - Low Poly 3D Art/Materials/GLOW_GREEN.mat","Assets/BornToDig/PrefabGallery/GalleryMaterials/GLOW_GREEN_6827e989_Transparent.mat","GLOW_GREEN","Universal Render Pipeline/2D/Mesh2D-Lit-Default","Universal Render Pipeline/Lit"
"gallery_copy_applied","urp_2d_shader_on_3d_renderer","Assets/Daniel Mistage/STYLIZED Low Poly Fantasy Bundle/STYLIZED The Alchemist's Workshop - Low Poly 3D Art/Prefabs/Props/Alchemy Props/Cauldron/Simple Cauldrons/Cauldron + Liquid/Green/AWS_Cauldron_Simple_008 1.prefab","Assets/Daniel Mistage/STYLIZED Low Poly Fantasy Bundle/STYLIZED The Alchemist's Workshop - Low Poly 3D Art/Materials/GLOW_GREEN.mat","Assets/BornToDig/PrefabGallery/GalleryMaterials/GLOW_GREEN_6827e989_Transparent.mat","GLOW_GREEN","Universal Render Pipeline/2D/Mesh2D-Lit-Default","Universal Render Pipeline/Lit"
"gallery_copy_applied","urp_2d_shader_on_3d_renderer","Assets/Daniel Mistage/STYLIZED Low Poly Fantasy Bundle/STYLIZED The Alchemist's Workshop - Low Poly 3D Art/Prefabs/Props/Alchemy Props/Cauldron/Simple Cauldrons/Cauldron + Liquid/Green/AWS_Cauldron_Simple_009.prefab","Assets/Daniel Mistage/STYLIZED Low Poly Fantasy Bundle/STYLIZED The Alchemist's Workshop - Low Poly 3D Art/Materials/GLOW_GREEN.mat","Assets/BornToDig/PrefabGallery/GalleryMaterials/GLOW_GREEN_6827e989_Transparent.mat","GLOW_GREEN","Universal Render Pipeline/2D/Mesh2D-Lit-Default","Universal Render Pipeline/Lit"
"gallery_copy_applied","urp_2d_shader_on_3d_renderer","Assets/Daniel Mistage/STYLIZED Low Poly Fantasy Bundle/STYLIZED The Alchemist's Workshop - Low Poly 3D Art/Prefabs/Props/Alchemy Props/Cauldron/Stylized Cauldron/AWS_Cauldron_Prop 1 (3).prefab","Assets/Daniel Mistage/STYLIZED Low Poly Fantasy Bundle/STYLIZED The Alchemist's Workshop - Low Poly 3D Art/Materials/GLOW_GREEN.mat","Assets/BornToDig/PrefabGallery/GalleryMaterials/GLOW_GREEN_6827e989_Transparent.mat","GLOW_GREEN","Universal Render Pipeline/2D/Mesh2D-Lit-Default","Universal Render Pipeline/Lit"
"gallery_copy_applied","urp_2d_shader_on_3d_renderer","Assets/Daniel Mistage/STYLIZED Low Poly Fantasy Bundle/STYLIZED The Alchemist's Workshop - Low Poly 3D Art/Prefabs/Props/Alchemy Props/Laboratory Props/AWS_Alchemy_Prop_002.prefab","Assets/Daniel Mistage/STYLIZED Low Poly Fantasy Bundle/STYLIZED The Alchemist's Workshop - Low Poly 3D Art/Materials/GLOW_GREEN.mat","Assets/BornToDig/PrefabGallery/GalleryMaterials/GLOW_GREEN_6827e989_Transparent.mat","GLOW_GREEN","Universal Render Pipeline/2D/Mesh2D-Lit-Default","Universal Render Pipeline/Lit"
"gallery_copy_applied","urp_2d_shader_on_3d_renderer","Assets/Daniel Mistage/STYLIZED Low Poly Fantasy Bundle/STYLIZED The Alchemist's Workshop - Low Poly 3D Art/Prefabs/Props/Alchemy Props/Laboratory Props/AWS_Alchemy_Prop_008 (3).prefab","Assets/Daniel Mistage/STYLIZED Low Poly Fantasy Bundle/STYLIZED The Alchemist's Workshop - Low Poly 3D Art/Materials/GLOW_GREEN.mat","Assets/BornToDig/PrefabGallery/GalleryMaterials/GLOW_GREEN_6827e989_Transparent.mat","GLOW_GREEN","Universal Render Pipeline/2D/Mesh2D-Lit-Default","Universal Render Pipeline/Lit"
"gallery_copy_applied","urp_2d_shader_on_3d_renderer","Assets/Daniel Mistage/STYLIZED Low Poly Fantasy Bundle/STYLIZED The Alchemist's Workshop - Low Poly 3D Art/Prefabs/Props/Alchemy Props/Laboratory Props/AWS_Alchemy_Prop_009 (4).prefab","Assets/Daniel Mistage/STYLIZED Low Poly Fantasy Bundle/STYLIZED The Alchemist's Workshop - Low Poly 3D Art/Materials/GLOW_GREEN.mat","Assets/BornToDig/PrefabGallery/GalleryMaterials/GLOW_GREEN_6827e989_Transparent.mat","GLOW_GREEN","Universal Render Pipeline/2D/Mesh2D-Lit-Default","Universal Render Pipeline/Lit"
"gallery_copy_applied","urp_2d_shader_on_3d_renderer","Assets/Daniel Mistage/STYLIZED Low Poly Fantasy Bundle/STYLIZED The Alchemist's Workshop - Low Poly 3D Art/Prefabs/Props/Alchemy Props/Laboratory Props/AWS_Alchemy_Prop_017 (3).prefab","Assets/Daniel Mistage/STYLIZED Low Poly Fantasy Bundle/STYLIZED The Alchemist's Workshop - Low Poly 3D Art/Materials/GLOW_GREEN.mat","Assets/BornToDig/PrefabGallery/GalleryMaterials/GLOW_GREEN_6827e989_Transparent.mat","GLOW_GREEN","Universal Render Pipeline/2D/Mesh2D-Lit-Default","Universal Render Pipeline/Lit"
"gallery_copy_applied","urp_2d_shader_on_3d_renderer","Assets/Daniel Mistage/STYLIZED Low Poly Fantasy Bundle/STYLIZED The Alchemist's Workshop - Low Poly 3D Art/Prefabs/Props/Alchemy Props/Laboratory Props/AWS_Alchemy_Prop_018 (3).prefab","Assets/Daniel Mistage/STYLIZED Low Poly Fantasy Bundle/STYLIZED The Alchemist's Workshop - Low Poly 3D Art/Materials/GLOW_GREEN.mat","Assets/BornToDig/PrefabGallery/GalleryMaterials/GLOW_GREEN_6827e989_Transparent.mat","GLOW_GREEN","Universal Render Pipeline/2D/Mesh2D-Lit-Default","Universal Render Pipeline/Lit"
"gallery_copy_applied","urp_2d_shader_on_3d_renderer","Assets/Daniel Mistage/STYLIZED Low Poly Fantasy Bundle/STYLIZED The Alchemist's Workshop - Low Poly 3D Art/Prefabs/Props/Alchemy Props/Laboratory Props/AWS_Alchemy_Prop_020 (1).prefab","Assets/Daniel Mistage/STYLIZED Low Poly Fantasy Bundle/STYLIZED The Alchemist's Workshop - Low Poly 3D Art/Materials/GLOW_GREEN.mat","Assets/BornToDig/PrefabGallery/GalleryMaterials/GLOW_GREEN_6827e989_Transparent.mat","GLOW_GREEN","Universal Render Pipeline/2D/Mesh2D-Lit-Default","Universal Render Pipeline/Lit"
"gallery_copy_applied","urp_2d_shader_on_3d_renderer","Assets/Daniel Mistage/STYLIZED Low Poly Fantasy Bundle/STYLIZED The Alchemist's Workshop - Low Poly 3D Art/Prefabs/Props/Alchemy Props/Laboratory Props/AWS_Alchemy_Prop_020.prefab","Assets/Daniel Mistage/STYLIZED Low Poly Fantasy Bundle/STYLIZED The Alchemist's Workshop - Low Poly 3D Art/Materials/GLOW_GREEN.mat","Assets/BornToDig/PrefabGallery/GalleryMaterials/GLOW_GREEN_6827e989_Transparent.mat","GLOW_GREEN","Universal Render Pipeline/2D/Mesh2D-Lit-Default","Universal Render Pipeline/Lit"
"gallery_copy_applied","urp_2d_shader_on_3d_renderer","Assets/Daniel Mistage/STYLIZED Low Poly Fantasy Bundle/STYLIZED The Alchemist's Workshop - Low Poly 3D Art/Prefabs/Props/Alchemy Props/Laboratory Props/AWS_Alchemy_Prop_020.prefab","Assets/Daniel Mistage/STYLIZED Low Poly Fantasy Bundle/STYLIZED The Alchemist's Workshop - Low Poly 3D Art/Materials/GLOW_GREEN.mat","Assets/BornToDig/PrefabGallery/GalleryMaterials/GLOW_GREEN_6827e989_Transparent.mat","GLOW_GREEN","Universal Render Pipeline/2D/Mesh2D-Lit-Default","Universal Render Pipeline/Lit"
"gallery_copy_applied","urp_2d_shader_on_3d_renderer","Assets/Daniel Mistage/STYLIZED Low Poly Fantasy Bundle/STYLIZED The Alchemist's Workshop - Low Poly 3D Art/Prefabs/Props/Alchemy Props/Magical Stone/Green/AWS_Magical_Stone_001.prefab","Assets/Daniel Mistage/STYLIZED Low Poly Fantasy Bundle/STYLIZED The Alchemist's Workshop - Low Poly 3D Art/Materials/GLOW_GREEN.mat","Assets/BornToDig/PrefabGallery/GalleryMaterials/GLOW_GREEN_6827e989_Transparent.mat","GLOW_GREEN","Universal Render Pipeline/2D/Mesh2D-Lit-Default","Universal Render Pipeline/Lit"
"gallery_copy_applied","urp_2d_shader_on_3d_renderer","Assets/Daniel Mistage/STYLIZED Low Poly Fantasy Bundle/STYLIZED The Alchemist's Workshop - Low Poly 3D Art/Prefabs/Props/Alchemy Props/Magical Stone/Green/AWS_Magical_Stone_002.prefab","Assets/Daniel Mistage/STYLIZED Low Poly Fantasy Bundle/STYLIZED The Alchemist's Workshop - Low Poly 3D Art/Materials/GLOW_GREEN.mat","Assets/BornToDig/PrefabGallery/GalleryMaterials/GLOW_GREEN_6827e989_Transparent.mat","GLOW_GREEN","Universal Render Pipeline/2D/Mesh2D-Lit-Default","Universal Render Pipeline/Lit"
"gallery_copy_applied","urp_2d_shader_on_3d_renderer","Assets/Daniel Mistage/STYLIZED Low Poly Fantasy Bundle/STYLIZED The Alchemist's Workshop - Low Poly 3D Art/Prefabs/Props/Alchemy Props/Magical Stone/Green/AWS_Magical_Stone_003.prefab","Assets/Daniel Mistage/STYLIZED Low Poly Fantasy Bundle/STYLIZED The Alchemist's Workshop - Low Poly 3D Art/Materials/GLOW_GREEN.mat","Assets/BornToDig/PrefabGallery/GalleryMaterials/GLOW_GREEN_6827e989_Transparent.mat","GLOW_GREEN","Universal Render Pipeline/2D/Mesh2D-Lit-Default","Universal Render Pipeline/Lit"
"gallery_copy_applied","urp_2d_shader_on_3d_renderer","Assets/Daniel Mistage/STYLIZED Low Poly Fantasy Bundle/STYLIZED The Alchemist's Workshop - Low Poly 3D Art/Prefabs/Props/Alchemy Props/Magical Stone/Individual Props/AWS_Magical_Stone_001.prefab","Assets/Daniel Mistage/STYLIZED Low Poly Fantasy Bundle/STYLIZED The Alchemist's Workshop - Low Poly 3D Art/Materials/GLOW_GREEN.mat","Assets/BornToDig/PrefabGallery/GalleryMaterials/GLOW_GREEN_6827e989_Transparent.mat","GLOW_GREEN","Universal Render Pipeline/2D/Mesh2D-Lit-Default","Universal Render Pipeline/Lit"
"gallery_copy_applied","urp_2d_shader_on_3d_renderer","Assets/Daniel Mistage/STYLIZED Low Poly Fantasy Bundle/STYLIZED The Alchemist's Workshop - Low Poly 3D Art/Prefabs/Props/Alchemy Props/Magical Stone/Individual Props/AWS_Magical_Stone_002.prefab","Assets/Daniel Mistage/STYLIZED Low Poly Fantasy Bundle/STYLIZED The Alchemist's Workshop - Low Poly 3D Art/Materials/GLOW_GREEN.mat","Assets/BornToDig/PrefabGallery/GalleryMaterials/GLOW_GREEN_6827e989_Transparent.mat","GLOW_GREEN","Universal Render Pipeline/2D/Mesh2D-Lit-Default","Universal Render Pipeline/Lit"
"gallery_copy_applied","urp_2d_shader_on_3d_renderer","Assets/Daniel Mistage/STYLIZED Low Poly Fantasy Bundle/STYLIZED The Alchemist's Workshop - Low Poly 3D Art/Prefabs/Props/Alchemy Props/Magical Stone/Individual Props/AWS_Magical_Stone_003.prefab","Assets/Daniel Mistage/STYLIZED Low Poly Fantasy Bundle/STYLIZED The Alchemist's Workshop - Low Poly 3D Art/Materials/GLOW_GREEN.mat","Assets/BornToDig/PrefabGallery/GalleryMaterials/GLOW_GREEN_6827e989_Transparent.mat","GLOW_GREEN","Universal Render Pipeline/2D/Mesh2D-Lit-Default","Universal Render Pipeline/Lit"
"gallery_copy_applied","urp_2d_shader_on_3d_renderer","Assets/Daniel Mistage/STYLIZED Low Poly Fantasy Bundle/STYLIZED The Alchemist's Workshop - Low Poly 3D Art/Prefabs/Props/Alchemy Props/Potions/Haging Potion/Green/AWS_Hanging_Potion_001 1.prefab","Assets/Daniel Mistage/STYLIZED Low Poly Fantasy Bundle/STYLIZED The Alchemist's Workshop - Low Poly 3D Art/Materials/GLOW_GREEN.mat","Assets/BornToDig/PrefabGallery/GalleryMaterials/GLOW_GREEN_6827e989_Transparent.mat","GLOW_GREEN","Universal Render Pipeline/2D/Mesh2D-Lit-Default","Universal Render Pipeline/Lit"
"gallery_copy_applied","urp_2d_shader_on_3d_renderer","Assets/Daniel Mistage/STYLIZED Low Poly Fantasy Bundle/STYLIZED The Alchemist's Workshop - Low Poly 3D Art/Prefabs/Props/Alchemy Props/Potions/Haging Potion/Green/AWS_Hanging_Potion_002.prefab","Assets/Daniel Mistage/STYLIZED Low Poly Fantasy Bundle/STYLIZED The Alchemist's Workshop - Low Poly 3D Art/Materials/GLOW_GREEN.mat","Assets/BornToDig/PrefabGallery/GalleryMaterials/GLOW_GREEN_6827e989_Transparent.mat","GLOW_GREEN","Universal Render Pipeline/2D/Mesh2D-Lit-Default","Universal Render Pipeline/Lit"
"gallery_copy_applied","urp_2d_shader_on_3d_renderer","Assets/Daniel Mistage/STYLIZED Low Poly Fantasy Bundle/STYLIZED The Alchemist's Workshop - Low Poly 3D Art/Prefabs/Props/Alchemy Props/Potions/Jar/Green/AWS_Jar_001.prefab","Assets/Daniel Mistage/STYLIZED Low Poly Fantasy Bundle/STYLIZED The Alchemist's Workshop - Low Poly 3D Art/Materials/GLOW_GREEN.mat","Assets/BornToDig/PrefabGallery/GalleryMaterials/GLOW_GREEN_6827e989_Transparent.mat","GLOW_GREEN","Universal Render Pipeline/2D/Mesh2D-Lit-Default","Universal Render Pipeline/Lit"
"gallery_copy_applied","urp_2d_shader_on_3d_renderer","Assets/Daniel Mistage/STYLIZED Low Poly Fantasy Bundle/STYLIZED The Alchemist's Workshop - Low Poly 3D Art/Prefabs/Props/Alchemy Props/Potions/Jar/Green/AWS_Jar_002.prefab","Assets/Daniel Mistage/STYLIZED Low Poly Fantasy Bundle/STYLIZED The Alchemist's Workshop - Low Poly 3D Art/Materials/GLOW_GREEN.mat","Assets/BornToDig/PrefabGallery/GalleryMaterials/GLOW_GREEN_6827e989_Transparent.mat","GLOW_GREEN","Universal Render Pipeline/2D/Mesh2D-Lit-Default","Universal Render Pipeline/Lit"
"gallery_copy_applied","urp_2d_shader_on_3d_renderer","Assets/Daniel Mistage/STYLIZED Low Poly Fantasy Bundle/STYLIZED The Alchemist's Workshop - Low Poly 3D Art/Prefabs/Props/Alchemy Props/Potions/Stylized Potions/AWS_Health_Potion.prefab","Assets/Daniel Mistage/STYLIZED Low Poly Fantasy Bundle/STYLIZED The Alchemist's Workshop - Low Poly 3D Art/Materials/GLOW_GREEN.mat","Assets/BornToDig/PrefabGallery/GalleryMaterials/GLOW_GREEN_6827e989_Transparent.mat","GLOW_GREEN","Universal Render Pipeline/2D/Mesh2D-Lit-Default","Universal Render Pipeline/Lit"
"gallery_copy_applied","urp_2d_shader_on_3d_renderer","Assets/Daniel Mistage/STYLIZED Low Poly Fantasy Bundle/STYLIZED The Alchemist's Workshop - Low Poly 3D Art/Prefabs/Props/Alchemy Props/Potions/Stylized Potions/AWS_Stylized_Potions_002.prefab","Assets/Daniel Mistage/STYLIZED Low Poly Fantasy Bundle/STYLIZED The Alchemist's Workshop - Low Poly 3D Art/Materials/GLOW_GREEN.mat","Assets/BornToDig/PrefabGallery/GalleryMaterials/GLOW_GREEN_6827e989_Transparent.mat","GLOW_GREEN","Universal Render Pipeline/2D/Mesh2D-Lit-Default","Universal Render Pipeline/Lit"
"gallery_copy_applied","urp_2d_shader_on_3d_renderer","Assets/Daniel Mistage/STYLIZED Low Poly Fantasy Bundle/STYLIZED The Alchemist's Workshop - Low Poly 3D Art/Prefabs/Props/Alchemy Props/Potions/Transparent/Glow/Green/AWS_Potion_Glow_001.prefab","Assets/Daniel Mistage/STYLIZED Low Poly Fantasy Bundle/STYLIZED The Alchemist's Workshop - Low Poly 3D Art/Materials/GLOW_GREEN.mat","Assets/BornToDig/PrefabGallery/GalleryMaterials/GLOW_GREEN_6827e989_Transparent.mat","GLOW_GREEN","Universal Render Pipeline/2D/Mesh2D-Lit-Default","Universal Render Pipeline/Lit"
"gallery_copy_applied","urp_2d_shader_on_3d_renderer","Assets/Daniel Mistage/STYLIZED Low Poly Fantasy Bundle/STYLIZED The Alchemist's Workshop - Low Poly 3D Art/Prefabs/Props/Alchemy Props/Potions/Transparent/Glow/Green/AWS_Potion_Glow_002.prefab","Assets/Daniel Mistage/STYLIZED Low Poly Fantasy Bundle/STYLIZED The Alchemist's Workshop - Low Poly 3D Art/Materials/GLOW_GREEN.mat","Assets/BornToDig/PrefabGallery/GalleryMaterials/GLOW_GREEN_6827e989_Transparent.mat","GLOW_GREEN","Universal Render Pipeline/2D/Mesh2D-Lit-Default","Universal Render Pipeline/Lit"
"gallery_copy_applied","urp_2d_shader_on_3d_renderer","Assets/Daniel Mistage/STYLIZED Low Poly Fantasy Bundle/STYLIZED The Alchemist's Workshop - Low Poly 3D Art/Prefabs/Props/Alchemy Props/Potions/Transparent/Glow/Green/AWS_Potion_Glow_003.prefab","Assets/Daniel Mistage/STYLIZED Low Poly Fantasy Bundle/STYLIZED The Alchemist's Workshop - Low Poly 3D Art/Materials/GLOW_GREEN.mat","Assets/BornToDig/PrefabGallery/GalleryMaterials/GLOW_GREEN_6827e989_Transparent.mat","GLOW_GREEN","Universal Render Pipeline/2D/Mesh2D-Lit-Default","Universal Render Pipeline/Lit"
"gallery_copy_applied","urp_2d_shader_on_3d_renderer","Assets/Daniel Mistage/STYLIZED Low Poly Fantasy Bundle/STYLIZED The Alchemist's Workshop - Low Poly 3D Art/Prefabs/Props/Alchemy Props/Potions/Transparent/Glow/Green/AWS_Potion_Glow_004.prefab","Assets/Daniel Mistage/STYLIZED Low Poly Fantasy Bundle/STYLIZED The Alchemist's Workshop - Low Poly 3D Art/Materials/GLOW_GREEN.mat","Assets/BornToDig/PrefabGallery/GalleryMaterials/GLOW_GREEN_6827e989_Transparent.mat","GLOW_GREEN","Universal Render Pipeline/2D/Mesh2D-Lit-Default","Universal Render Pipeline/Lit"
"gallery_copy_applied","urp_2d_shader_on_3d_renderer","Assets/Daniel Mistage/STYLIZED Low Poly Fantasy Bundle/STYLIZED The Alchemist's Workshop - Low Poly 3D Art/Prefabs/Props/Alchemy Props/Potions/Transparent/Glow/Green/AWS_Potion_Glow_005.prefab","Assets/Daniel Mistage/STYLIZED Low Poly Fantasy Bundle/STYLIZED The Alchemist's Workshop - Low Poly 3D Art/Materials/GLOW_GREEN.mat","Assets/BornToDig/PrefabGallery/GalleryMaterials/GLOW_GREEN_6827e989_Transparent.mat","GLOW_GREEN","Universal Render Pipeline/2D/Mesh2D-Lit-Default","Universal Render Pipeline/Lit"
"gallery_copy_applied","urp_2d_shader_on_3d_renderer","Assets/Daniel Mistage/STYLIZED Low Poly Fantasy Bundle/STYLIZED The Alchemist's Workshop - Low Poly 3D Art/Prefabs/Props/Alchemy Props/Potions/Transparent/Glow/Green/AWS_Potion_Glow_006.prefab","Assets/Daniel Mistage/STYLIZED Low Poly Fantasy Bundle/STYLIZED The Alchemist's Workshop - Low Poly 3D Art/Materials/GLOW_GREEN.mat","Assets/BornToDig/PrefabGallery/GalleryMaterials/GLOW_GREEN_6827e989_Transparent.mat","GLOW_GREEN","Universal Render Pipeline/2D/Mesh2D-Lit-Default","Universal Render Pipeline/Lit"
"gallery_copy_applied","urp_2d_shader_on_3d_renderer","Assets/Daniel Mistage/STYLIZED Low Poly Fantasy Bundle/STYLIZED The Alchemist's Workshop - Low Poly 3D Art/Prefabs/Props/Alchemy Props/Potions/Transparent/Glow/Green/AWS_Potion_Glow_007.prefab","Assets/Daniel Mistage/STYLIZED Low Poly Fantasy Bundle/STYLIZED The Alchemist's Workshop - Low Poly 3D Art/Materials/GLOW_GREEN.mat","Assets/BornToDig/PrefabGallery/GalleryMaterials/GLOW_GREEN_6827e989_Transparent.mat","GLOW_GREEN","Universal Render Pipeline/2D/Mesh2D-Lit-Default","Universal Render Pipeline/Lit"
"gallery_copy_applied","urp_2d_shader_on_3d_renderer","Assets/Daniel Mistage/STYLIZED Low Poly Fantasy Bundle/STYLIZED The Alchemist's Workshop - Low Poly 3D Art/Prefabs/Props/Alchemy Props/Potions/Transparent/Glow/Green/AWS_Potion_Glow_008.prefab","Assets/Daniel Mistage/STYLIZED Low Poly Fantasy Bundle/STYLIZED The Alchemist's Workshop - Low Poly 3D Art/Materials/GLOW_GREEN.mat","Assets/BornToDig/PrefabGallery/GalleryMaterials/GLOW_GREEN_6827e989_Transparent.mat","GLOW_GREEN","Universal Render Pipeline/2D/Mesh2D-Lit-Default","Universal Render Pipeline/Lit"
"gallery_copy_applied","urp_2d_shader_on_3d_renderer","Assets/Daniel Mistage/STYLIZED Low Poly Fantasy Bundle/STYLIZED The Alchemist's Workshop - Low Poly 3D Art/Prefabs/Props/Alchemy Props/Potions/Transparent/Glow/Green/AWS_Potion_Glow_009.prefab","Assets/Daniel Mistage/STYLIZED Low Poly Fantasy Bundle/STYLIZED The Alchemist's Workshop - Low Poly 3D Art/Materials/GLOW_GREEN.mat","Assets/BornToDig/PrefabGallery/GalleryMaterials/GLOW_GREEN_6827e989_Transparent.mat","GLOW_GREEN","Universal Render Pipeline/2D/Mesh2D-Lit-Default","Universal Render Pipeline/Lit"
"gallery_copy_applied","urp_2d_shader_on_3d_renderer","Assets/Daniel Mistage/STYLIZED Low Poly Fantasy Bundle/STYLIZED The Alchemist's Workshop - Low Poly 3D Art/Prefabs/Props/Alchemy Props/Potions/Transparent/Glow/Green/AWS_Potion_Glow_010.prefab","Assets/Daniel Mistage/STYLIZED Low Poly Fantasy Bundle/STYLIZED The Alchemist's Workshop - Low Poly 3D Art/Materials/GLOW_GREEN.mat","Assets/BornToDig/PrefabGallery/GalleryMaterials/GLOW_GREEN_6827e989_Transparent.mat","GLOW_GREEN","Universal Render Pipeline/2D/Mesh2D-Lit-Default","Universal Render Pipeline/Lit"
"gallery_copy_applied","urp_2d_shader_on_3d_renderer","Assets/Daniel Mistage/STYLIZED Low Poly Fantasy Bundle/STYLIZED The Alchemist's Workshop - Low Poly 3D Art/Prefabs/Props/Alchemy Props/Potions/Transparent/Glow/Green/AWS_Potion_Glow_011.prefab","Assets/Daniel Mistage/STYLIZED Low Poly Fantasy Bundle/STYLIZED The Alchemist's Workshop - Low Poly 3D Art/Materials/GLOW_GREEN.mat","Assets/BornToDig/PrefabGallery/GalleryMaterials/GLOW_GREEN_6827e989_Transparent.mat","GLOW_GREEN","Universal Render Pipeline/2D/Mesh2D-Lit-Default","Universal Render Pipeline/Lit"
"gallery_copy_applied","urp_2d_shader_on_3d_renderer","Assets/Daniel Mistage/STYLIZED Low Poly Fantasy Bundle/STYLIZED The Alchemist's Workshop - Low Poly 3D Art/Prefabs/Props/Alchemy Props/Potions/Transparent/Glow/Green/AWS_Potion_Glow_012 (1).prefab","Assets/Daniel Mistage/STYLIZED Low Poly Fantasy Bundle/STYLIZED The Alchemist's Workshop - Low Poly 3D Art/Materials/GLOW_GREEN.mat","Assets/BornToDig/PrefabGallery/GalleryMaterials/GLOW_GREEN_6827e989_Transparent.mat","GLOW_GREEN","Universal Render Pipeline/2D/Mesh2D-Lit-Default","Universal Render Pipeline/Lit"
"gallery_copy_applied","urp_2d_shader_on_3d_renderer","Assets/Daniel Mistage/STYLIZED Low Poly Fantasy Bundle/STYLIZED The Alchemist's Workshop - Low Poly 3D Art/Prefabs/Props/Alchemy Props/Scroll/AWS_Scroll_002.prefab","Assets/Daniel Mistage/STYLIZED Low Poly Fantasy Bundle/STYLIZED The Alchemist's Workshop - Low Poly 3D Art/Materials/GLOW_GREEN.mat","Assets/BornToDig/PrefabGallery/GalleryMaterials/GLOW_GREEN_6827e989_Transparent.mat","GLOW_GREEN","Universal Render Pipeline/2D/Mesh2D-Lit-Default","Universal Render Pipeline/Lit"
"gallery_copy_applied","urp_2d_shader_on_3d_renderer","Assets/Daniel Mistage/STYLIZED Low Poly Fantasy Bundle/STYLIZED The Alchemist's Workshop - Low Poly 3D Art/Prefabs/Props/Alchemy Props/Scroll/AWS_Scroll_003.prefab","Assets/Daniel Mistage/STYLIZED Low Poly Fantasy Bundle/STYLIZED The Alchemist's Workshop - Low Poly 3D Art/Materials/GLOW_GREEN.mat","Assets/BornToDig/PrefabGallery/GalleryMaterials/GLOW_GREEN_6827e989_Transparent.mat","GLOW_GREEN","Universal Render Pipeline/2D/Mesh2D-Lit-Default","Universal Render Pipeline/Lit"
"gallery_copy_applied","urp_2d_shader_on_3d_renderer","Assets/Daniel Mistage/STYLIZED Low Poly Fantasy Bundle/STYLIZED The Alchemist's Workshop - Low Poly 3D Art/Prefabs/Props/Decorative Props/Cash Register/AWS_Cash_Register_002.prefab","Assets/Daniel Mistage/STYLIZED Low Poly Fantasy Bundle/STYLIZED The Alchemist's Workshop - Low Poly 3D Art/Materials/GLOW_GREEN.mat","Assets/BornToDig/PrefabGallery/GalleryMaterials/GLOW_GREEN_6827e989_Transparent.mat","GLOW_GREEN","Universal Render Pipeline/2D/Mesh2D-Lit-Default","Universal Render Pipeline/Lit"
"gallery_copy_applied","urp_2d_shader_on_3d_renderer","Assets/Daniel Mistage/STYLIZED Low Poly Fantasy Bundle/STYLIZED The Alchemist's Workshop - Low Poly 3D Art/Prefabs/Props/Decorative Props/Cash Register/Individual Props/AWS_Cash_Register_002.prefab","Assets/Daniel Mistage/STYLIZED Low Poly Fantasy Bundle/STYLIZED The Alchemist's Workshop - Low Poly 3D Art/Materials/GLOW_GREEN.mat","Assets/BornToDig/PrefabGallery/GalleryMaterials/GLOW_GREEN_6827e989_Transparent.mat","GLOW_GREEN","Universal Render Pipeline/2D/Mesh2D-Lit-Default","Universal Render Pipeline/Lit"
"gallery_copy_applied","urp_2d_shader_on_3d_renderer","Assets/Daniel Mistage/STYLIZED Low Poly Fantasy Bundle/STYLIZED The Alchemist's Workshop - Low Poly 3D Art/Prefabs/Props/Decorative Props/Money Bag/AWS_Money_Bag.prefab","Assets/Daniel Mistage/STYLIZED Low Poly Fantasy Bundle/STYLIZED The Alchemist's Workshop - Low Poly 3D Art/Materials/GLOW_GREEN.mat","Assets/BornToDig/PrefabGallery/GalleryMaterials/GLOW_GREEN_6827e989_Transparent.mat","GLOW_GREEN","Universal Render Pipeline/2D/Mesh2D-Lit-Default","Universal Render Pipeline/Lit"
"gallery_copy_applied","urp_2d_shader_on_3d_renderer","Assets/Daniel Mistage/STYLIZED Low Poly Fantasy Bundle/STYLIZED The Alchemist's Workshop - Low Poly 3D Art/Prefabs/Props/Decorative Props/Scene Prefabs/Scene_Prefab_10.prefab","Assets/Daniel Mistage/STYLIZED Low Poly Fantasy Bundle/STYLIZED The Alchemist's Workshop - Low Poly 3D Art/Materials/GLOW_GREEN.mat","Assets/BornToDig/PrefabGallery/GalleryMaterials/GLOW_GREEN_6827e989_Transparent.mat","GLOW_GREEN","Universal Render Pipeline/2D/Mesh2D-Lit-Default","Universal Render Pipeline/Lit"
"gallery_copy_applied","urp_2d_shader_on_3d_renderer","Assets/Daniel Mistage/STYLIZED Low Poly Fantasy Bundle/STYLIZED The Alchemist's Workshop - Low Poly 3D Art/Prefabs/Props/Decorative Props/Scene Prefabs/Scene_Prefab_11.prefab","Assets/Daniel Mistage/STYLIZED Low Poly Fantasy Bundle/STYLIZED The Alchemist's Workshop - Low Poly 3D Art/Materials/GLOW_GREEN.mat","Assets/BornToDig/PrefabGallery/GalleryMaterials/GLOW_GREEN_6827e989_Transparent.mat","GLOW_GREEN","Universal Render Pipeline/2D/Mesh2D-Lit-Default","Universal Render Pipeline/Lit"
"gallery_copy_applied","urp_2d_shader_on_3d_renderer","Assets/Daniel Mistage/STYLIZED Low Poly Fantasy Bundle/STYLIZED The Alchemist's Workshop - Low Poly 3D Art/Prefabs/Props/Decorative Props/Scene Prefabs/Scene_Prefab_12.prefab","Assets/Daniel Mistage/STYLIZED Low Poly Fantasy Bundle/STYLIZED The Alchemist's Workshop - Low Poly 3D Art/Materials/GLOW_GREEN.mat","Assets/BornToDig/PrefabGallery/GalleryMaterials/GLOW_GREEN_6827e989_Transparent.mat","GLOW_GREEN","Universal Render Pipeline/2D/Mesh2D-Lit-Default","Universal Render Pipeline/Lit"
"gallery_copy_applied","urp_2d_shader_on_3d_renderer","Assets/Daniel Mistage/STYLIZED Low Poly Fantasy Bundle/STYLIZED The Alchemist's Workshop - Low Poly 3D Art/Prefabs/Props/Decorative Props/Scene Prefabs/Scene_Prefab_13.prefab","Assets/Daniel Mistage/STYLIZED Low Poly Fantasy Bundle/STYLIZED The Alchemist's Workshop - Low Poly 3D Art/Materials/GLOW_GREEN.mat","Assets/BornToDig/PrefabGallery/GalleryMaterials/GLOW_GREEN_6827e989_Transparent.mat","GLOW_GREEN","Universal Render Pipeline/2D/Mesh2D-Lit-Default","Universal Render Pipeline/Lit"
"gallery_copy_applied","urp_2d_shader_on_3d_renderer","Assets/Daniel Mistage/STYLIZED Low Poly Fantasy Bundle/STYLIZED The Alchemist's Workshop - Low Poly 3D Art/Prefabs/Props/Decorative Props/Scene Prefabs/Scene_Prefab_13.prefab","Assets/Daniel Mistage/STYLIZED Low Poly Fantasy Bundle/STYLIZED The Alchemist's Workshop - Low Poly 3D Art/Materials/GLOW_GREEN.mat","Assets/BornToDig/PrefabGallery/GalleryMaterials/GLOW_GREEN_6827e989_Transparent.mat","GLOW_GREEN","Universal Render Pipeline/2D/Mesh2D-Lit-Default","Universal Render Pipeline/Lit"
"gallery_copy_applied","urp_2d_shader_on_3d_renderer","Assets/Daniel Mistage/STYLIZED Low Poly Fantasy Bundle/STYLIZED The Alchemist's Workshop - Low Poly 3D Art/Prefabs/Props/Decorative Props/Scene Prefabs/Scene_Prefab_16.prefab","Assets/Daniel Mistage/STYLIZED Low Poly Fantasy Bundle/STYLIZED The Alchemist's Workshop - Low Poly 3D Art/Materials/GLOW_GREEN.mat","Assets/BornToDig/PrefabGallery/GalleryMaterials/GLOW_GREEN_6827e989_Transparent.mat","GLOW_GREEN","Universal Render Pipeline/2D/Mesh2D-Lit-Default","Universal Render Pipeline/Lit"
"gallery_copy_applied","urp_2d_shader_on_3d_renderer","Assets/Daniel Mistage/STYLIZED Low Poly Fantasy Bundle/STYLIZED The Alchemist's Workshop - Low Poly 3D Art/Prefabs/Props/Decorative Props/Scene Prefabs/Scene_Prefab_2.prefab","Assets/Daniel Mistage/STYLIZED Low Poly Fantasy Bundle/STYLIZED The Alchemist's Workshop - Low Poly 3D Art/Materials/GLOW_GREEN.mat","Assets/BornToDig/PrefabGallery/GalleryMaterials/GLOW_GREEN_6827e989_Transparent.mat","GLOW_GREEN","Universal Render Pipeline/2D/Mesh2D-Lit-Default","Universal Render Pipeline/Lit"
"gallery_copy_applied","urp_2d_shader_on_3d_renderer","Assets/Daniel Mistage/STYLIZED Low Poly Fantasy Bundle/STYLIZED The Alchemist's Workshop - Low Poly 3D Art/Prefabs/Props/Decorative Props/Scene Prefabs/Scene_Prefab_2.prefab","Assets/Daniel Mistage/STYLIZED Low Poly Fantasy Bundle/STYLIZED The Alchemist's Workshop - Low Poly 3D Art/Materials/GLOW_GREEN.mat","Assets/BornToDig/PrefabGallery/GalleryMaterials/GLOW_GREEN_6827e989_Transparent.mat","GLOW_GREEN","Universal Render Pipeline/2D/Mesh2D-Lit-Default","Universal Render Pipeline/Lit"
"gallery_copy_applied","urp_2d_shader_on_3d_renderer","Assets/Daniel Mistage/STYLIZED Low Poly Fantasy Bundle/STYLIZED The Alchemist's Workshop - Low Poly 3D Art/Prefabs/Props/Decorative Props/Scene Prefabs/Scene_Prefab_2.prefab","Assets/Daniel Mistage/STYLIZED Low Poly Fantasy Bundle/STYLIZED The Alchemist's Workshop - Low Poly 3D Art/Materials/GLOW_GREEN.mat","Assets/BornToDig/PrefabGallery/GalleryMaterials/GLOW_GREEN_6827e989_Transparent.mat","GLOW_GREEN","Universal Render Pipeline/2D/Mesh2D-Lit-Default","Universal Render Pipeline/Lit"
"gallery_copy_applied","urp_2d_shader_on_3d_renderer","Assets/Daniel Mistage/STYLIZED Low Poly Fantasy Bundle/STYLIZED The Alchemist's Workshop - Low Poly 3D Art/Prefabs/Props/Decorative Props/Scene Prefabs/Scene_Prefab_2.prefab","Assets/Daniel Mistage/STYLIZED Low Poly Fantasy Bundle/STYLIZED The Alchemist's Workshop - Low Poly 3D Art/Materials/GLOW_GREEN.mat","Assets/BornToDig/PrefabGallery/GalleryMaterials/GLOW_GREEN_6827e989_Transparent.mat","GLOW_GREEN","Universal Render Pipeline/2D/Mesh2D-Lit-Default","Universal Render Pipeline/Lit"
"gallery_copy_applied","urp_2d_shader_on_3d_renderer","Assets/Daniel Mistage/STYLIZED Low Poly Fantasy Bundle/STYLIZED The Alchemist's Workshop - Low Poly 3D Art/Prefabs/Props/Decorative Props/Scene Prefabs/Scene_Prefab_2.prefab","Assets/Daniel Mistage/STYLIZED Low Poly Fantasy Bundle/STYLIZED The Alchemist's Workshop - Low Poly 3D Art/Materials/GLOW_GREEN.mat","Assets/BornToDig/PrefabGallery/GalleryMaterials/GLOW_GREEN_6827e989_Transparent.mat","GLOW_GREEN","Universal Render Pipeline/2D/Mesh2D-Lit-Default","Universal Render Pipeline/Lit"
"gallery_copy_applied","urp_2d_shader_on_3d_renderer","Assets/Daniel Mistage/STYLIZED Low Poly Fantasy Bundle/STYLIZED The Alchemist's Workshop - Low Poly 3D Art/Prefabs/Props/Decorative Props/Scene Prefabs/Scene_Prefab_2.prefab","Assets/Daniel Mistage/STYLIZED Low Poly Fantasy Bundle/STYLIZED The Alchemist's Workshop - Low Poly 3D Art/Materials/GLOW_GREEN.mat","Assets/BornToDig/PrefabGallery/GalleryMaterials/GLOW_GREEN_6827e989_Transparent.mat","GLOW_GREEN","Universal Render Pipeline/2D/Mesh2D-Lit-Default","Universal Render Pipeline/Lit"
"gallery_copy_applied","urp_2d_shader_on_3d_renderer","Assets/Daniel Mistage/STYLIZED Low Poly Fantasy Bundle/STYLIZED The Alchemist's Workshop - Low Poly 3D Art/Prefabs/Props/Decorative Props/Scene Prefabs/Scene_Prefab_2.prefab","Assets/Daniel Mistage/STYLIZED Low Poly Fantasy Bundle/STYLIZED The Alchemist's Workshop - Low Poly 3D Art/Materials/GLOW_GREEN.mat","Assets/BornToDig/PrefabGallery/GalleryMaterials/GLOW_GREEN_6827e989_Transparent.mat","GLOW_GREEN","Universal Render Pipeline/2D/Mesh2D-Lit-Default","Universal Render Pipeline/Lit"
"gallery_copy_applied","urp_2d_shader_on_3d_renderer","Assets/Daniel Mistage/STYLIZED Low Poly Fantasy Bundle/STYLIZED The Alchemist's Workshop - Low Poly 3D Art/Prefabs/Props/Decorative Props/Scene Prefabs/Scene_Prefab_2.prefab","Assets/Daniel Mistage/STYLIZED Low Poly Fantasy Bundle/STYLIZED The Alchemist's Workshop - Low Poly 3D Art/Materials/GLOW_GREEN.mat","Assets/BornToDig/PrefabGallery/GalleryMaterials/GLOW_GREEN_6827e989_Transparent.mat","GLOW_GREEN","Universal Render Pipeline/2D/Mesh2D-Lit-Default","Universal Render Pipeline/Lit"
"gallery_copy_applied","urp_2d_shader_on_3d_renderer","Assets/Daniel Mistage/STYLIZED Low Poly Fantasy Bundle/STYLIZED The Alchemist's Workshop - Low Poly 3D Art/Prefabs/Props/Decorative Props/Scene Prefabs/Scene_Prefab_2.prefab","Assets/Daniel Mistage/STYLIZED Low Poly Fantasy Bundle/STYLIZED The Alchemist's Workshop - Low Poly 3D Art/Materials/GLOW_GREEN.mat","Assets/BornToDig/PrefabGallery/GalleryMaterials/GLOW_GREEN_6827e989_Transparent.mat","GLOW_GREEN","Universal Render Pipeline/2D/Mesh2D-Lit-Default","Universal Render Pipeline/Lit"
"gallery_copy_applied","urp_2d_shader_on_3d_renderer","Assets/Daniel Mistage/STYLIZED Low Poly Fantasy Bundle/STYLIZED The Alchemist's Workshop - Low Poly 3D Art/Prefabs/Props/Decorative Props/Scene Prefabs/Scene_Prefab_5.prefab","Assets/Daniel Mistage/STYLIZED Low Poly Fantasy Bundle/STYLIZED The Alchemist's Workshop - Low Poly 3D Art/Materials/GLOW_GREEN.mat","Assets/BornToDig/PrefabGallery/GalleryMaterials/GLOW_GREEN_6827e989_Transparent.mat","GLOW_GREEN","Universal Render Pipeline/2D/Mesh2D-Lit-Default","Universal Render Pipeline/Lit"
"gallery_copy_applied","urp_2d_shader_on_3d_renderer","Assets/Daniel Mistage/STYLIZED Low Poly Fantasy Bundle/STYLIZED The Alchemist's Workshop - Low Poly 3D Art/Prefabs/Props/Decorative Props/Scene Prefabs/Scene_Prefab_5.prefab","Assets/Daniel Mistage/STYLIZED Low Poly Fantasy Bundle/STYLIZED The Alchemist's Workshop - Low Poly 3D Art/Materials/GLOW_GREEN.mat","Assets/BornToDig/PrefabGallery/GalleryMaterials/GLOW_GREEN_6827e989_Transparent.mat","GLOW_GREEN","Universal Render Pipeline/2D/Mesh2D-Lit-Default","Universal Render Pipeline/Lit"
"gallery_copy_applied","urp_2d_shader_on_3d_renderer","Assets/Daniel Mistage/STYLIZED Low Poly Fantasy Bundle/STYLIZED The Alchemist's Workshop - Low Poly 3D Art/Prefabs/Props/Decorative Props/Scene Prefabs/Scene_Prefab_5.prefab","Assets/Daniel Mistage/STYLIZED Low Poly Fantasy Bundle/STYLIZED The Alchemist's Workshop - Low Poly 3D Art/Materials/GLOW_GREEN.mat","Assets/BornToDig/PrefabGallery/GalleryMaterials/GLOW_GREEN_6827e989_Transparent.mat","GLOW_GREEN","Universal Render Pipeline/2D/Mesh2D-Lit-Default","Universal Render Pipeline/Lit"
"gallery_copy_applied","urp_2d_shader_on_3d_renderer","Assets/Daniel Mistage/STYLIZED Low Poly Fantasy Bundle/STYLIZED The Alchemist's Workshop - Low Poly 3D Art/Prefabs/Props/Decorative Props/Scene Prefabs/Scene_Prefab_5.prefab","Assets/Daniel Mistage/STYLIZED Low Poly Fantasy Bundle/STYLIZED The Alchemist's Workshop - Low Poly 3D Art/Materials/GLOW_GREEN.mat","Assets/BornToDig/PrefabGallery/GalleryMaterials/GLOW_GREEN_6827e989_Transparent.mat","GLOW_GREEN","Universal Render Pipeline/2D/Mesh2D-Lit-Default","Universal Render Pipeline/Lit"
"gallery_copy_applied","urp_2d_shader_on_3d_renderer","Assets/Daniel Mistage/STYLIZED Low Poly Fantasy Bundle/STYLIZED The Alchemist's Workshop - Low Poly 3D Art/Prefabs/Props/Decorative Props/Scene Prefabs/Scene_Prefab_5.prefab","Assets/Daniel Mistage/STYLIZED Low Poly Fantasy Bundle/STYLIZED The Alchemist's Workshop - Low Poly 3D Art/Materials/GLOW_GREEN.mat","Assets/BornToDig/PrefabGallery/GalleryMaterials/GLOW_GREEN_6827e989_Transparent.mat","GLOW_GREEN","Universal Render Pipeline/2D/Mesh2D-Lit-Default","Universal Render Pipeline/Lit"
"gallery_copy_applied","urp_2d_shader_on_3d_renderer","Assets/Daniel Mistage/STYLIZED Low Poly Fantasy Bundle/STYLIZED The Alchemist's Workshop - Low Poly 3D Art/Prefabs/Props/Decorative Props/Scene Prefabs/Scene_Prefab_6.prefab","Assets/Daniel Mistage/STYLIZED Low Poly Fantasy Bundle/STYLIZED The Alchemist's Workshop - Low Poly 3D Art/Materials/GLOW_GREEN.mat","Assets/BornToDig/PrefabGallery/GalleryMaterials/GLOW_GREEN_6827e989_Transparent.mat","GLOW_GREEN","Universal Render Pipeline/2D/Mesh2D-Lit-Default","Universal Render Pipeline/Lit"
"gallery_copy_applied","urp_2d_shader_on_3d_renderer","Assets/Daniel Mistage/STYLIZED Low Poly Fantasy Bundle/STYLIZED The Alchemist's Workshop - Low Poly 3D Art/Prefabs/Props/Decorative Props/Scene Prefabs/Scene_Prefab_6.prefab","Assets/Daniel Mistage/STYLIZED Low Poly Fantasy Bundle/STYLIZED The Alchemist's Workshop - Low Poly 3D Art/Materials/GLOW_GREEN.mat","Assets/BornToDig/PrefabGallery/GalleryMaterials/GLOW_GREEN_6827e989_Transparent.mat","GLOW_GREEN","Universal Render Pipeline/2D/Mesh2D-Lit-Default","Universal Render Pipeline/Lit"
"gallery_copy_applied","urp_2d_shader_on_3d_renderer","Assets/Daniel Mistage/STYLIZED Low Poly Fantasy Bundle/STYLIZED The Alchemist's Workshop - Low Poly 3D Art/Prefabs/Props/Decorative Props/Scene Prefabs/Scene_Prefab_6.prefab","Assets/Daniel Mistage/STYLIZED Low Poly Fantasy Bundle/STYLIZED The Alchemist's Workshop - Low Poly 3D Art/Materials/GLOW_GREEN.mat","Assets/BornToDig/PrefabGallery/GalleryMaterials/GLOW_GREEN_6827e989_Transparent.mat","GLOW_GREEN","Universal Render Pipeline/2D/Mesh2D-Lit-Default","Universal Render Pipeline/Lit"
"gallery_copy_applied","urp_2d_shader_on_3d_renderer","Assets/Daniel Mistage/STYLIZED Low Poly Fantasy Bundle/STYLIZED The Alchemist's Workshop - Low Poly 3D Art/Prefabs/Props/Decorative Props/Scene Prefabs/Scene_Prefab_6.prefab","Assets/Daniel Mistage/STYLIZED Low Poly Fantasy Bundle/STYLIZED The Alchemist's Workshop - Low Poly 3D Art/Materials/GLOW_GREEN.mat","Assets/BornToDig/PrefabGallery/GalleryMaterials/GLOW_GREEN_6827e989_Transparent.mat","GLOW_GREEN","Universal Render Pipeline/2D/Mesh2D-Lit-Default","Universal Render Pipeline/Lit"
"gallery_copy_applied","urp_2d_shader_on_3d_renderer","Assets/Daniel Mistage/STYLIZED Low Poly Fantasy Bundle/STYLIZED The Alchemist's Workshop - Low Poly 3D Art/Prefabs/Props/Decorative Props/Scene Prefabs/Scene_Prefab_6.prefab","Assets/Daniel Mistage/STYLIZED Low Poly Fantasy Bundle/STYLIZED The Alchemist's Workshop - Low Poly 3D Art/Materials/GLOW_GREEN.mat","Assets/BornToDig/PrefabGallery/GalleryMaterials/GLOW_GREEN_6827e989_Transparent.mat","GLOW_GREEN","Universal Render Pipeline/2D/Mesh2D-Lit-Default","Universal Render Pipeline/Lit"
"gallery_copy_applied","urp_2d_shader_on_3d_renderer","Assets/Daniel Mistage/STYLIZED Low Poly Fantasy Bundle/STYLIZED The Alchemist's Workshop - Low Poly 3D Art/Prefabs/Props/Decorative Props/Scene Prefabs/Scene_Prefab_6.prefab","Assets/Daniel Mistage/STYLIZED Low Poly Fantasy Bundle/STYLIZED The Alchemist's Workshop - Low Poly 3D Art/Materials/GLOW_GREEN.mat","Assets/BornToDig/PrefabGallery/GalleryMaterials/GLOW_GREEN_6827e989_Transparent.mat","GLOW_GREEN","Universal Render Pipeline/2D/Mesh2D-Lit-Default","Universal Render Pipeline/Lit"
"gallery_copy_applied","urp_2d_shader_on_3d_renderer","Assets/Daniel Mistage/STYLIZED Low Poly Fantasy Bundle/STYLIZED The Alchemist's Workshop - Low Poly 3D Art/Prefabs/Props/Decorative Props/Scene Prefabs/Scene_Prefab_6.prefab","Assets/Daniel Mistage/STYLIZED Low Poly Fantasy Bundle/STYLIZED The Alchemist's Workshop - Low Poly 3D Art/Materials/GLOW_GREEN.mat","Assets/BornToDig/PrefabGallery/GalleryMaterials/GLOW_GREEN_6827e989_Transparent.mat","GLOW_GREEN","Universal Render Pipeline/2D/Mesh2D-Lit-Default","Universal Render Pipeline/Lit"
"gallery_copy_applied","urp_2d_shader_on_3d_renderer","Assets/Daniel Mistage/STYLIZED Low Poly Fantasy Bundle/STYLIZED The Alchemist's Workshop - Low Poly 3D Art/Prefabs/Props/Decorative Props/Scene Prefabs/Scene_Prefab_6.prefab","Assets/Daniel Mistage/STYLIZED Low Poly Fantasy Bundle/STYLIZED The Alchemist's Workshop - Low Poly 3D Art/Materials/GLOW_GREEN.mat","Assets/BornToDig/PrefabGallery/GalleryMaterials/GLOW_GREEN_6827e989_Transparent.mat","GLOW_GREEN","Universal Render Pipeline/2D/Mesh2D-Lit-Default","Universal Render Pipeline/Lit"
"gallery_copy_applied","urp_2d_shader_on_3d_renderer","Assets/Daniel Mistage/STYLIZED Low Poly Fantasy Bundle/STYLIZED The Alchemist's Workshop - Low Poly 3D Art/Prefabs/Props/Tools and Weapons/Wand/AWS_Wand.prefab","Assets/Daniel Mistage/STYLIZED Low Poly Fantasy Bundle/STYLIZED The Alchemist's Workshop - Low Poly 3D Art/Materials/GLOW_GREEN.mat","Assets/BornToDig/PrefabGallery/GalleryMaterials/GLOW_GREEN_6827e989_Transparent.mat","GLOW_GREEN","Universal Render Pipeline/2D/Mesh2D-Lit-Default","Universal Render Pipeline/Lit"
"gallery_copy_applied","urp_2d_shader_on_3d_renderer","Assets/Daniel Mistage/STYLIZED Low Poly Fantasy Bundle/STYLIZED The Alchemist's Workshop - Low Poly 3D Art/Prefabs/Building/BD_AlchemistWS 1 2 1.prefab","Assets/Daniel Mistage/STYLIZED Low Poly Fantasy Bundle/STYLIZED The Alchemist's Workshop - Low Poly 3D Art/Materials/GLOW_PINK.mat","Assets/BornToDig/PrefabGallery/GalleryMaterials/GLOW_PINK_41237648_Transparent.mat","GLOW_PINK","Universal Render Pipeline/2D/Mesh2D-Lit-Default","Universal Render Pipeline/Lit"
"gallery_copy_applied","urp_2d_shader_on_3d_renderer","Assets/Daniel Mistage/STYLIZED Low Poly Fantasy Bundle/STYLIZED The Alchemist's Workshop - Low Poly 3D Art/Prefabs/Building/Fake Building/AWS_BD_AlchemistWS_FakeBuilding 2.prefab","Assets/Daniel Mistage/STYLIZED Low Poly Fantasy Bundle/STYLIZED The Alchemist's Workshop - Low Poly 3D Art/Materials/GLOW_PINK.mat","Assets/BornToDig/PrefabGallery/GalleryMaterials/GLOW_PINK_41237648_Transparent.mat","GLOW_PINK","Universal Render Pipeline/2D/Mesh2D-Lit-Default","Universal Render Pipeline/Lit"
"gallery_copy_applied","urp_2d_shader_on_3d_renderer","Assets/Daniel Mistage/STYLIZED Low Poly Fantasy Bundle/STYLIZED The Alchemist's Workshop - Low Poly 3D Art/Prefabs/Building/Sign/BD_AlchemistWS_ASignSupport.prefab","Assets/Daniel Mistage/STYLIZED Low Poly Fantasy Bundle/STYLIZED The Alchemist's Workshop - Low Poly 3D Art/Materials/GLOW_PINK.mat","Assets/BornToDig/PrefabGallery/GalleryMaterials/GLOW_PINK_41237648_Transparent.mat","GLOW_PINK","Universal Render Pipeline/2D/Mesh2D-Lit-Default","Universal Render Pipeline/Lit"
"gallery_copy_applied","urp_2d_shader_on_3d_renderer","Assets/Daniel Mistage/STYLIZED Low Poly Fantasy Bundle/STYLIZED The Alchemist's Workshop - Low Poly 3D Art/Prefabs/Building/Sign/Individual Props/BD_AlchemistWS_SignA.prefab","Assets/Daniel Mistage/STYLIZED Low Poly Fantasy Bundle/STYLIZED The Alchemist's Workshop - Low Poly 3D Art/Materials/GLOW_PINK.mat","Assets/BornToDig/PrefabGallery/GalleryMaterials/GLOW_PINK_41237648_Transparent.mat","GLOW_PINK","Universal Render Pipeline/2D/Mesh2D-Lit-Default","Universal Render Pipeline/Lit"
"gallery_copy_applied","urp_2d_shader_on_3d_renderer","Assets/Daniel Mistage/STYLIZED Low Poly Fantasy Bundle/STYLIZED The Alchemist's Workshop - Low Poly 3D Art/Prefabs/Props/Alchemy Props/Beaker/AWS_Beaker (4).prefab","Assets/Daniel Mistage/STYLIZED Low Poly Fantasy Bundle/STYLIZED The Alchemist's Workshop - Low Poly 3D Art/Materials/GLOW_PINK.mat","Assets/BornToDig/PrefabGallery/GalleryMaterials/GLOW_PINK_41237648_Transparent.mat","GLOW_PINK","Universal Render Pipeline/2D/Mesh2D-Lit-Default","Universal Render Pipeline/Lit"
"gallery_copy_applied","urp_2d_shader_on_3d_renderer","Assets/Daniel Mistage/STYLIZED Low Poly Fantasy Bundle/STYLIZED The Alchemist's Workshop - Low Poly 3D Art/Prefabs/Props/Alchemy Props/Books/Stylized Books/AWS_Stylized_Book_005.prefab","Assets/Daniel Mistage/STYLIZED Low Poly Fantasy Bundle/STYLIZED The Alchemist's Workshop - Low Poly 3D Art/Materials/GLOW_PINK.mat","Assets/BornToDig/PrefabGallery/GalleryMaterials/GLOW_PINK_41237648_Transparent.mat","GLOW_PINK","Universal Render Pipeline/2D/Mesh2D-Lit-Default","Universal Render Pipeline/Lit"
"gallery_copy_applied","urp_2d_shader_on_3d_renderer","Assets/Daniel Mistage/STYLIZED Low Poly Fantasy Bundle/STYLIZED The Alchemist's Workshop - Low Poly 3D Art/Prefabs/Props/Alchemy Props/Cauldron/Cauldron Campfire/AWS_Cauldron_Campfire - Copy (3).prefab","Assets/Daniel Mistage/STYLIZED Low Poly Fantasy Bundle/STYLIZED The Alchemist's Workshop - Low Poly 3D Art/Materials/GLOW_PINK.mat","Assets/BornToDig/PrefabGallery/GalleryMaterials/GLOW_PINK_41237648_Transparent.mat","GLOW_PINK","Universal Render Pipeline/2D/Mesh2D-Lit-Default","Universal Render Pipeline/Lit"
"gallery_copy_applied","urp_2d_shader_on_3d_renderer","Assets/Daniel Mistage/STYLIZED Low Poly Fantasy Bundle/STYLIZED The Alchemist's Workshop - Low Poly 3D Art/Prefabs/Props/Alchemy Props/Cauldron/Cauldron Liquid/AWS_Cauldron_Liquid.prefab","Assets/Daniel Mistage/STYLIZED Low Poly Fantasy Bundle/STYLIZED The Alchemist's Workshop - Low Poly 3D Art/Materials/GLOW_PINK.mat","Assets/BornToDig/PrefabGallery/GalleryMaterials/GLOW_PINK_41237648_Transparent.mat","GLOW_PINK","Universal Render Pipeline/2D/Mesh2D-Lit-Default","Universal Render Pipeline/Lit"
"gallery_copy_applied","urp_2d_shader_on_3d_renderer","Assets/Daniel Mistage/STYLIZED Low Poly Fantasy Bundle/STYLIZED The Alchemist's Workshop - Low Poly 3D Art/Prefabs/Props/Alchemy Props/Cauldron/Simple Cauldrons/Cauldron + Liquid/Pink/AWS_Cauldron_Simple_001 1.prefab","Assets/Daniel Mistage/STYLIZED Low Poly Fantasy Bundle/STYLIZED The Alchemist's Workshop - Low Poly 3D Art/Materials/GLOW_PINK.mat","Assets/BornToDig/PrefabGallery/GalleryMaterials/GLOW_PINK_41237648_Transparent.mat","GLOW_PINK","Universal Render Pipeline/2D/Mesh2D-Lit-Default","Universal Render Pipeline/Lit"
"gallery_copy_applied","urp_2d_shader_on_3d_renderer","Assets/Daniel Mistage/STYLIZED Low Poly Fantasy Bundle/STYLIZED The Alchemist's Workshop - Low Poly 3D Art/Prefabs/Props/Alchemy Props/Cauldron/Simple Cauldrons/Cauldron + Liquid/Pink/AWS_Cauldron_Simple_002.prefab","Assets/Daniel Mistage/STYLIZED Low Poly Fantasy Bundle/STYLIZED The Alchemist's Workshop - Low Poly 3D Art/Materials/GLOW_PINK.mat","Assets/BornToDig/PrefabGallery/GalleryMaterials/GLOW_PINK_41237648_Transparent.mat","GLOW_PINK","Universal Render Pipeline/2D/Mesh2D-Lit-Default","Universal Render Pipeline/Lit"
"gallery_copy_applied","urp_2d_shader_on_3d_renderer","Assets/Daniel Mistage/STYLIZED Low Poly Fantasy Bundle/STYLIZED The Alchemist's Workshop - Low Poly 3D Art/Prefabs/Props/Alchemy Props/Cauldron/Simple Cauldrons/Cauldron + Liquid/Pink/AWS_Cauldron_Simple_003.prefab","Assets/Daniel Mistage/STYLIZED Low Poly Fantasy Bundle/STYLIZED The Alchemist's Workshop - Low Poly 3D Art/Materials/GLOW_PINK.mat","Assets/BornToDig/PrefabGallery/GalleryMaterials/GLOW_PINK_41237648_Transparent.mat","GLOW_PINK","Universal Render Pipeline/2D/Mesh2D-Lit-Default","Universal Render Pipeline/Lit"
"gallery_copy_applied","urp_2d_shader_on_3d_renderer","Assets/Daniel Mistage/STYLIZED Low Poly Fantasy Bundle/STYLIZED The Alchemist's Workshop - Low Poly 3D Art/Prefabs/Props/Alchemy Props/Cauldron/Simple Cauldrons/Cauldron + Liquid/Pink/AWS_Cauldron_Simple_004.prefab","Assets/Daniel Mistage/STYLIZED Low Poly Fantasy Bundle/STYLIZED The Alchemist's Workshop - Low Poly 3D Art/Materials/GLOW_PINK.mat","Assets/BornToDig/PrefabGallery/GalleryMaterials/GLOW_PINK_41237648_Transparent.mat","GLOW_PINK","Universal Render Pipeline/2D/Mesh2D-Lit-Default","Universal Render Pipeline/Lit"
"gallery_copy_applied","urp_2d_shader_on_3d_renderer","Assets/Daniel Mistage/STYLIZED Low Poly Fantasy Bundle/STYLIZED The Alchemist's Workshop - Low Poly 3D Art/Prefabs/Props/Alchemy Props/Cauldron/Simple Cauldrons/Cauldron + Liquid/Pink/AWS_Cauldron_Simple_005.prefab","Assets/Daniel Mistage/STYLIZED Low Poly Fantasy Bundle/STYLIZED The Alchemist's Workshop - Low Poly 3D Art/Materials/GLOW_PINK.mat","Assets/BornToDig/PrefabGallery/GalleryMaterials/GLOW_PINK_41237648_Transparent.mat","GLOW_PINK","Universal Render Pipeline/2D/Mesh2D-Lit-Default","Universal Render Pipeline/Lit"
"gallery_copy_applied","urp_2d_shader_on_3d_renderer","Assets/Daniel Mistage/STYLIZED Low Poly Fantasy Bundle/STYLIZED The Alchemist's Workshop - Low Poly 3D Art/Prefabs/Props/Alchemy Props/Cauldron/Simple Cauldrons/Cauldron + Liquid/Pink/AWS_Cauldron_Simple_006.prefab","Assets/Daniel Mistage/STYLIZED Low Poly Fantasy Bundle/STYLIZED The Alchemist's Workshop - Low Poly 3D Art/Materials/GLOW_PINK.mat","Assets/BornToDig/PrefabGallery/GalleryMaterials/GLOW_PINK_41237648_Transparent.mat","GLOW_PINK","Universal Render Pipeline/2D/Mesh2D-Lit-Default","Universal Render Pipeline/Lit"
"gallery_copy_applied","urp_2d_shader_on_3d_renderer","Assets/Daniel Mistage/STYLIZED Low Poly Fantasy Bundle/STYLIZED The Alchemist's Workshop - Low Poly 3D Art/Prefabs/Props/Alchemy Props/Cauldron/Simple Cauldrons/Cauldron + Liquid/Pink/AWS_Cauldron_Simple_007.prefab","Assets/Daniel Mistage/STYLIZED Low Poly Fantasy Bundle/STYLIZED The Alchemist's Workshop - Low Poly 3D Art/Materials/GLOW_PINK.mat","Assets/BornToDig/PrefabGallery/GalleryMaterials/GLOW_PINK_41237648_Transparent.mat","GLOW_PINK","Universal Render Pipeline/2D/Mesh2D-Lit-Default","Universal Render Pipeline/Lit"
"gallery_copy_applied","urp_2d_shader_on_3d_renderer","Assets/Daniel Mistage/STYLIZED Low Poly Fantasy Bundle/STYLIZED The Alchemist's Workshop - Low Poly 3D Art/Prefabs/Props/Alchemy Props/Cauldron/Simple Cauldrons/Cauldron + Liquid/Pink/AWS_Cauldron_Simple_008 1.prefab","Assets/Daniel Mistage/STYLIZED Low Poly Fantasy Bundle/STYLIZED The Alchemist's Workshop - Low Poly 3D Art/Materials/GLOW_PINK.mat","Assets/BornToDig/PrefabGallery/GalleryMaterials/GLOW_PINK_41237648_Transparent.mat","GLOW_PINK","Universal Render Pipeline/2D/Mesh2D-Lit-Default","Universal Render Pipeline/Lit"
"gallery_copy_applied","urp_2d_shader_on_3d_renderer","Assets/Daniel Mistage/STYLIZED Low Poly Fantasy Bundle/STYLIZED The Alchemist's Workshop - Low Poly 3D Art/Prefabs/Props/Alchemy Props/Cauldron/Simple Cauldrons/Cauldron + Liquid/Pink/AWS_Cauldron_Simple_009.prefab","Assets/Daniel Mistage/STYLIZED Low Poly Fantasy Bundle/STYLIZED The Alchemist's Workshop - Low Poly 3D Art/Materials/GLOW_PINK.mat","Assets/BornToDig/PrefabGallery/GalleryMaterials/GLOW_PINK_41237648_Transparent.mat","GLOW_PINK","Universal Render Pipeline/2D/Mesh2D-Lit-Default","Universal Render Pipeline/Lit"
"gallery_copy_applied","urp_2d_shader_on_3d_renderer","Assets/Daniel Mistage/STYLIZED Low Poly Fantasy Bundle/STYLIZED The Alchemist's Workshop - Low Poly 3D Art/Prefabs/Props/Alchemy Props/Cauldron/Stylized Cauldron/AWS_Cauldron_Prop 1 (4).prefab","Assets/Daniel Mistage/STYLIZED Low Poly Fantasy Bundle/STYLIZED The Alchemist's Workshop - Low Poly 3D Art/Materials/GLOW_PINK.mat","Assets/BornToDig/PrefabGallery/GalleryMaterials/GLOW_PINK_41237648_Transparent.mat","GLOW_PINK","Universal Render Pipeline/2D/Mesh2D-Lit-Default","Universal Render Pipeline/Lit"
"gallery_copy_applied","urp_2d_shader_on_3d_renderer","Assets/Daniel Mistage/STYLIZED Low Poly Fantasy Bundle/STYLIZED The Alchemist's Workshop - Low Poly 3D Art/Prefabs/Props/Alchemy Props/Laboratory Props/AWS_Alchemy_Prop_002 (1).prefab","Assets/Daniel Mistage/STYLIZED Low Poly Fantasy Bundle/STYLIZED The Alchemist's Workshop - Low Poly 3D Art/Materials/GLOW_PINK.mat","Assets/BornToDig/PrefabGallery/GalleryMaterials/GLOW_PINK_41237648_Transparent.mat","GLOW_PINK","Universal Render Pipeline/2D/Mesh2D-Lit-Default","Universal Render Pipeline/Lit"
"gallery_copy_applied","urp_2d_shader_on_3d_renderer","Assets/Daniel Mistage/STYLIZED Low Poly Fantasy Bundle/STYLIZED The Alchemist's Workshop - Low Poly 3D Art/Prefabs/Props/Alchemy Props/Laboratory Props/AWS_Alchemy_Prop_002.prefab","Assets/Daniel Mistage/STYLIZED Low Poly Fantasy Bundle/STYLIZED The Alchemist's Workshop - Low Poly 3D Art/Materials/GLOW_PINK.mat","Assets/BornToDig/PrefabGallery/GalleryMaterials/GLOW_PINK_41237648_Transparent.mat","GLOW_PINK","Universal Render Pipeline/2D/Mesh2D-Lit-Default","Universal Render Pipeline/Lit"
"gallery_copy_applied","urp_2d_shader_on_3d_renderer","Assets/Daniel Mistage/STYLIZED Low Poly Fantasy Bundle/STYLIZED The Alchemist's Workshop - Low Poly 3D Art/Prefabs/Props/Alchemy Props/Laboratory Props/AWS_Alchemy_Prop_006.prefab","Assets/Daniel Mistage/STYLIZED Low Poly Fantasy Bundle/STYLIZED The Alchemist's Workshop - Low Poly 3D Art/Materials/GLOW_PINK.mat","Assets/BornToDig/PrefabGallery/GalleryMaterials/GLOW_PINK_41237648_Transparent.mat","GLOW_PINK","Universal Render Pipeline/2D/Mesh2D-Lit-Default","Universal Render Pipeline/Lit"
"gallery_copy_applied","urp_2d_shader_on_3d_renderer","Assets/Daniel Mistage/STYLIZED Low Poly Fantasy Bundle/STYLIZED The Alchemist's Workshop - Low Poly 3D Art/Prefabs/Props/Alchemy Props/Laboratory Props/AWS_Alchemy_Prop_008 (4).prefab","Assets/Daniel Mistage/STYLIZED Low Poly Fantasy Bundle/STYLIZED The Alchemist's Workshop - Low Poly 3D Art/Materials/GLOW_PINK.mat","Assets/BornToDig/PrefabGallery/GalleryMaterials/GLOW_PINK_41237648_Transparent.mat","GLOW_PINK","Universal Render Pipeline/2D/Mesh2D-Lit-Default","Universal Render Pipeline/Lit"
"gallery_copy_applied","urp_2d_shader_on_3d_renderer","Assets/Daniel Mistage/STYLIZED Low Poly Fantasy Bundle/STYLIZED The Alchemist's Workshop - Low Poly 3D Art/Prefabs/Props/Alchemy Props/Laboratory Props/AWS_Alchemy_Prop_009 (5).prefab","Assets/Daniel Mistage/STYLIZED Low Poly Fantasy Bundle/STYLIZED The Alchemist's Workshop - Low Poly 3D Art/Materials/GLOW_PINK.mat","Assets/BornToDig/PrefabGallery/GalleryMaterials/GLOW_PINK_41237648_Transparent.mat","GLOW_PINK","Universal Render Pipeline/2D/Mesh2D-Lit-Default","Universal Render Pipeline/Lit"
"gallery_copy_applied","urp_2d_shader_on_3d_renderer","Assets/Daniel Mistage/STYLIZED Low Poly Fantasy Bundle/STYLIZED The Alchemist's Workshop - Low Poly 3D Art/Prefabs/Props/Alchemy Props/Laboratory Props/AWS_Alchemy_Prop_017 (4).prefab","Assets/Daniel Mistage/STYLIZED Low Poly Fantasy Bundle/STYLIZED The Alchemist's Workshop - Low Poly 3D Art/Materials/GLOW_PINK.mat","Assets/BornToDig/PrefabGallery/GalleryMaterials/GLOW_PINK_41237648_Transparent.mat","GLOW_PINK","Universal Render Pipeline/2D/Mesh2D-Lit-Default","Universal Render Pipeline/Lit"
"gallery_copy_applied","urp_2d_shader_on_3d_renderer","Assets/Daniel Mistage/STYLIZED Low Poly Fantasy Bundle/STYLIZED The Alchemist's Workshop - Low Poly 3D Art/Prefabs/Props/Alchemy Props/Laboratory Props/AWS_Alchemy_Prop_018 (4).prefab","Assets/Daniel Mistage/STYLIZED Low Poly Fantasy Bundle/STYLIZED The Alchemist's Workshop - Low Poly 3D Art/Materials/GLOW_PINK.mat","Assets/BornToDig/PrefabGallery/GalleryMaterials/GLOW_PINK_41237648_Transparent.mat","GLOW_PINK","Universal Render Pipeline/2D/Mesh2D-Lit-Default","Universal Render Pipeline/Lit"
"gallery_copy_applied","urp_2d_shader_on_3d_renderer","Assets/Daniel Mistage/STYLIZED Low Poly Fantasy Bundle/STYLIZED The Alchemist's Workshop - Low Poly 3D Art/Prefabs/Props/Alchemy Props/Laboratory Props/AWS_Alchemy_Prop_020 (1).prefab","Assets/Daniel Mistage/STYLIZED Low Poly Fantasy Bundle/STYLIZED The Alchemist's Workshop - Low Poly 3D Art/Materials/GLOW_PINK.mat","Assets/BornToDig/PrefabGallery/GalleryMaterials/GLOW_PINK_41237648_Transparent.mat","GLOW_PINK","Universal Render Pipeline/2D/Mesh2D-Lit-Default","Universal Render Pipeline/Lit"
"gallery_copy_applied","urp_2d_shader_on_3d_renderer","Assets/Daniel Mistage/STYLIZED Low Poly Fantasy Bundle/STYLIZED The Alchemist's Workshop - Low Poly 3D Art/Prefabs/Props/Alchemy Props/Laboratory Props/AWS_Alchemy_Prop_020 (1).prefab","Assets/Daniel Mistage/STYLIZED Low Poly Fantasy Bundle/STYLIZED The Alchemist's Workshop - Low Poly 3D Art/Materials/GLOW_PINK.mat","Assets/BornToDig/PrefabGallery/GalleryMaterials/GLOW_PINK_41237648_Transparent.mat","GLOW_PINK","Universal Render Pipeline/2D/Mesh2D-Lit-Default","Universal Render Pipeline/Lit"
"gallery_copy_applied","urp_2d_shader_on_3d_renderer","Assets/Daniel Mistage/STYLIZED Low Poly Fantasy Bundle/STYLIZED The Alchemist's Workshop - Low Poly 3D Art/Prefabs/Props/Alchemy Props/Laboratory Props/AWS_Alchemy_Prop_020.prefab","Assets/Daniel Mistage/STYLIZED Low Poly Fantasy Bundle/STYLIZED The Alchemist's Workshop - Low Poly 3D Art/Materials/GLOW_PINK.mat","Assets/BornToDig/PrefabGallery/GalleryMaterials/GLOW_PINK_41237648_Transparent.mat","GLOW_PINK","Universal Render Pipeline/2D/Mesh2D-Lit-Default","Universal Render Pipeline/Lit"
"gallery_copy_applied","urp_2d_shader_on_3d_renderer","Assets/Daniel Mistage/STYLIZED Low Poly Fantasy Bundle/STYLIZED The Alchemist's Workshop - Low Poly 3D Art/Prefabs/Props/Alchemy Props/Laboratory Props/AWS_Alchemy_Prop_020.prefab","Assets/Daniel Mistage/STYLIZED Low Poly Fantasy Bundle/STYLIZED The Alchemist's Workshop - Low Poly 3D Art/Materials/GLOW_PINK.mat","Assets/BornToDig/PrefabGallery/GalleryMaterials/GLOW_PINK_41237648_Transparent.mat","GLOW_PINK","Universal Render Pipeline/2D/Mesh2D-Lit-Default","Universal Render Pipeline/Lit"
"gallery_copy_applied","urp_2d_shader_on_3d_renderer","Assets/Daniel Mistage/STYLIZED Low Poly Fantasy Bundle/STYLIZED The Alchemist's Workshop - Low Poly 3D Art/Prefabs/Props/Alchemy Props/Magical Stone/Pink/AWS_Magical_Stone_001 1.prefab","Assets/Daniel Mistage/STYLIZED Low Poly Fantasy Bundle/STYLIZED The Alchemist's Workshop - Low Poly 3D Art/Materials/GLOW_PINK.mat","Assets/BornToDig/PrefabGallery/GalleryMaterials/GLOW_PINK_41237648_Transparent.mat","GLOW_PINK","Universal Render Pipeline/2D/Mesh2D-Lit-Default","Universal Render Pipeline/Lit"
"gallery_copy_applied","urp_2d_shader_on_3d_renderer","Assets/Daniel Mistage/STYLIZED Low Poly Fantasy Bundle/STYLIZED The Alchemist's Workshop - Low Poly 3D Art/Prefabs/Props/Alchemy Props/Magical Stone/Pink/AWS_Magical_Stone_002 1.prefab","Assets/Daniel Mistage/STYLIZED Low Poly Fantasy Bundle/STYLIZED The Alchemist's Workshop - Low Poly 3D Art/Materials/GLOW_PINK.mat","Assets/BornToDig/PrefabGallery/GalleryMaterials/GLOW_PINK_41237648_Transparent.mat","GLOW_PINK","Universal Render Pipeline/2D/Mesh2D-Lit-Default","Universal Render Pipeline/Lit"
"gallery_copy_applied","urp_2d_shader_on_3d_renderer","Assets/Daniel Mistage/STYLIZED Low Poly Fantasy Bundle/STYLIZED The Alchemist's Workshop - Low Poly 3D Art/Prefabs/Props/Alchemy Props/Magical Stone/Pink/AWS_Magical_Stone_003 1.prefab","Assets/Daniel Mistage/STYLIZED Low Poly Fantasy Bundle/STYLIZED The Alchemist's Workshop - Low Poly 3D Art/Materials/GLOW_PINK.mat","Assets/BornToDig/PrefabGallery/GalleryMaterials/GLOW_PINK_41237648_Transparent.mat","GLOW_PINK","Universal Render Pipeline/2D/Mesh2D-Lit-Default","Universal Render Pipeline/Lit"
"gallery_copy_applied","urp_2d_shader_on_3d_renderer","Assets/Daniel Mistage/STYLIZED Low Poly Fantasy Bundle/STYLIZED The Alchemist's Workshop - Low Poly 3D Art/Prefabs/Props/Alchemy Props/Potions/Haging Potion/Pink/AWS_Hanging_Potion_001 1.prefab","Assets/Daniel Mistage/STYLIZED Low Poly Fantasy Bundle/STYLIZED The Alchemist's Workshop - Low Poly 3D Art/Materials/GLOW_PINK.mat","Assets/BornToDig/PrefabGallery/GalleryMaterials/GLOW_PINK_41237648_Transparent.mat","GLOW_PINK","Universal Render Pipeline/2D/Mesh2D-Lit-Default","Universal Render Pipeline/Lit"
"gallery_copy_applied","urp_2d_shader_on_3d_renderer","Assets/Daniel Mistage/STYLIZED Low Poly Fantasy Bundle/STYLIZED The Alchemist's Workshop - Low Poly 3D Art/Prefabs/Props/Alchemy Props/Potions/Haging Potion/Pink/AWS_Hanging_Potion_002.prefab","Assets/Daniel Mistage/STYLIZED Low Poly Fantasy Bundle/STYLIZED The Alchemist's Workshop - Low Poly 3D Art/Materials/GLOW_PINK.mat","Assets/BornToDig/PrefabGallery/GalleryMaterials/GLOW_PINK_41237648_Transparent.mat","GLOW_PINK","Universal Render Pipeline/2D/Mesh2D-Lit-Default","Universal Render Pipeline/Lit"
"gallery_copy_applied","urp_2d_shader_on_3d_renderer","Assets/Daniel Mistage/STYLIZED Low Poly Fantasy Bundle/STYLIZED The Alchemist's Workshop - Low Poly 3D Art/Prefabs/Props/Alchemy Props/Potions/Jar/Pink/AWS_Jar_001 2.prefab","Assets/Daniel Mistage/STYLIZED Low Poly Fantasy Bundle/STYLIZED The Alchemist's Workshop - Low Poly 3D Art/Materials/GLOW_PINK.mat","Assets/BornToDig/PrefabGallery/GalleryMaterials/GLOW_PINK_41237648_Transparent.mat","GLOW_PINK","Universal Render Pipeline/2D/Mesh2D-Lit-Default","Universal Render Pipeline/Lit"
"gallery_copy_applied","urp_2d_shader_on_3d_renderer","Assets/Daniel Mistage/STYLIZED Low Poly Fantasy Bundle/STYLIZED The Alchemist's Workshop - Low Poly 3D Art/Prefabs/Props/Alchemy Props/Potions/Jar/Pink/AWS_Jar_002 2.prefab","Assets/Daniel Mistage/STYLIZED Low Poly Fantasy Bundle/STYLIZED The Alchemist's Workshop - Low Poly 3D Art/Materials/GLOW_PINK.mat","Assets/BornToDig/PrefabGallery/GalleryMaterials/GLOW_PINK_41237648_Transparent.mat","GLOW_PINK","Universal Render Pipeline/2D/Mesh2D-Lit-Default","Universal Render Pipeline/Lit"
"gallery_copy_applied","urp_2d_shader_on_3d_renderer","Assets/Daniel Mistage/STYLIZED Low Poly Fantasy Bundle/STYLIZED The Alchemist's Workshop - Low Poly 3D Art/Prefabs/Props/Alchemy Props/Potions/Transparent/Glow/Pink/AWS_Potion_Glow_001.prefab","Assets/Daniel Mistage/STYLIZED Low Poly Fantasy Bundle/STYLIZED The Alchemist's Workshop - Low Poly 3D Art/Materials/GLOW_PINK.mat","Assets/BornToDig/PrefabGallery/GalleryMaterials/GLOW_PINK_41237648_Transparent.mat","GLOW_PINK","Universal Render Pipeline/2D/Mesh2D-Lit-Default","Universal Render Pipeline/Lit"
"gallery_copy_applied","urp_2d_shader_on_3d_renderer","Assets/Daniel Mistage/STYLIZED Low Poly Fantasy Bundle/STYLIZED The Alchemist's Workshop - Low Poly 3D Art/Prefabs/Props/Alchemy Props/Potions/Transparent/Glow/Pink/AWS_Potion_Glow_002.prefab","Assets/Daniel Mistage/STYLIZED Low Poly Fantasy Bundle/STYLIZED The Alchemist's Workshop - Low Poly 3D Art/Materials/GLOW_PINK.mat","Assets/BornToDig/PrefabGallery/GalleryMaterials/GLOW_PINK_41237648_Transparent.mat","GLOW_PINK","Universal Render Pipeline/2D/Mesh2D-Lit-Default","Universal Render Pipeline/Lit"
"gallery_copy_applied","urp_2d_shader_on_3d_renderer","Assets/Daniel Mistage/STYLIZED Low Poly Fantasy Bundle/STYLIZED The Alchemist's Workshop - Low Poly 3D Art/Prefabs/Props/Alchemy Props/Potions/Transparent/Glow/Pink/AWS_Potion_Glow_003.prefab","Assets/Daniel Mistage/STYLIZED Low Poly Fantasy Bundle/STYLIZED The Alchemist's Workshop - Low Poly 3D Art/Materials/GLOW_PINK.mat","Assets/BornToDig/PrefabGallery/GalleryMaterials/GLOW_PINK_41237648_Transparent.mat","GLOW_PINK","Universal Render Pipeline/2D/Mesh2D-Lit-Default","Universal Render Pipeline/Lit"
"gallery_copy_applied","urp_2d_shader_on_3d_renderer","Assets/Daniel Mistage/STYLIZED Low Poly Fantasy Bundle/STYLIZED The Alchemist's Workshop - Low Poly 3D Art/Prefabs/Props/Alchemy Props/Potions/Transparent/Glow/Pink/AWS_Potion_Glow_004.prefab","Assets/Daniel Mistage/STYLIZED Low Poly Fantasy Bundle/STYLIZED The Alchemist's Workshop - Low Poly 3D Art/Materials/GLOW_PINK.mat","Assets/BornToDig/PrefabGallery/GalleryMaterials/GLOW_PINK_41237648_Transparent.mat","GLOW_PINK","Universal Render Pipeline/2D/Mesh2D-Lit-Default","Universal Render Pipeline/Lit"
"gallery_copy_applied","urp_2d_shader_on_3d_renderer","Assets/Daniel Mistage/STYLIZED Low Poly Fantasy Bundle/STYLIZED The Alchemist's Workshop - Low Poly 3D Art/Prefabs/Props/Alchemy Props/Potions/Transparent/Glow/Pink/AWS_Potion_Glow_005.prefab","Assets/Daniel Mistage/STYLIZED Low Poly Fantasy Bundle/STYLIZED The Alchemist's Workshop - Low Poly 3D Art/Materials/GLOW_PINK.mat","Assets/BornToDig/PrefabGallery/GalleryMaterials/GLOW_PINK_41237648_Transparent.mat","GLOW_PINK","Universal Render Pipeline/2D/Mesh2D-Lit-Default","Universal Render Pipeline/Lit"
"gallery_copy_applied","urp_2d_shader_on_3d_renderer","Assets/Daniel Mistage/STYLIZED Low Poly Fantasy Bundle/STYLIZED The Alchemist's Workshop - Low Poly 3D Art/Prefabs/Props/Alchemy Props/Potions/Transparent/Glow/Pink/AWS_Potion_Glow_007.prefab","Assets/Daniel Mistage/STYLIZED Low Poly Fantasy Bundle/STYLIZED The Alchemist's Workshop - Low Poly 3D Art/Materials/GLOW_PINK.mat","Assets/BornToDig/PrefabGallery/GalleryMaterials/GLOW_PINK_41237648_Transparent.mat","GLOW_PINK","Universal Render Pipeline/2D/Mesh2D-Lit-Default","Universal Render Pipeline/Lit"
"gallery_copy_applied","urp_2d_shader_on_3d_renderer","Assets/Daniel Mistage/STYLIZED Low Poly Fantasy Bundle/STYLIZED The Alchemist's Workshop - Low Poly 3D Art/Prefabs/Props/Alchemy Props/Potions/Transparent/Glow/Pink/AWS_Potion_Glow_008.prefab","Assets/Daniel Mistage/STYLIZED Low Poly Fantasy Bundle/STYLIZED The Alchemist's Workshop - Low Poly 3D Art/Materials/GLOW_PINK.mat","Assets/BornToDig/PrefabGallery/GalleryMaterials/GLOW_PINK_41237648_Transparent.mat","GLOW_PINK","Universal Render Pipeline/2D/Mesh2D-Lit-Default","Universal Render Pipeline/Lit"
"gallery_copy_applied","urp_2d_shader_on_3d_renderer","Assets/Daniel Mistage/STYLIZED Low Poly Fantasy Bundle/STYLIZED The Alchemist's Workshop - Low Poly 3D Art/Prefabs/Props/Alchemy Props/Potions/Transparent/Glow/Pink/AWS_Potion_Glow_009.prefab","Assets/Daniel Mistage/STYLIZED Low Poly Fantasy Bundle/STYLIZED The Alchemist's Workshop - Low Poly 3D Art/Materials/GLOW_PINK.mat","Assets/BornToDig/PrefabGallery/GalleryMaterials/GLOW_PINK_41237648_Transparent.mat","GLOW_PINK","Universal Render Pipeline/2D/Mesh2D-Lit-Default","Universal Render Pipeline/Lit"
"gallery_copy_applied","urp_2d_shader_on_3d_renderer","Assets/Daniel Mistage/STYLIZED Low Poly Fantasy Bundle/STYLIZED The Alchemist's Workshop - Low Poly 3D Art/Prefabs/Props/Alchemy Props/Potions/Transparent/Glow/Pink/AWS_Potion_Glow_010.prefab","Assets/Daniel Mistage/STYLIZED Low Poly Fantasy Bundle/STYLIZED The Alchemist's Workshop - Low Poly 3D Art/Materials/GLOW_PINK.mat","Assets/BornToDig/PrefabGallery/GalleryMaterials/GLOW_PINK_41237648_Transparent.mat","GLOW_PINK","Universal Render Pipeline/2D/Mesh2D-Lit-Default","Universal Render Pipeline/Lit"
"gallery_copy_applied","urp_2d_shader_on_3d_renderer","Assets/Daniel Mistage/STYLIZED Low Poly Fantasy Bundle/STYLIZED The Alchemist's Workshop - Low Poly 3D Art/Prefabs/Props/Alchemy Props/Potions/Transparent/Glow/Pink/AWS_Potion_Glow_011.prefab","Assets/Daniel Mistage/STYLIZED Low Poly Fantasy Bundle/STYLIZED The Alchemist's Workshop - Low Poly 3D Art/Materials/GLOW_PINK.mat","Assets/BornToDig/PrefabGallery/GalleryMaterials/GLOW_PINK_41237648_Transparent.mat","GLOW_PINK","Universal Render Pipeline/2D/Mesh2D-Lit-Default","Universal Render Pipeline/Lit"
"gallery_copy_applied","urp_2d_shader_on_3d_renderer","Assets/Daniel Mistage/STYLIZED Low Poly Fantasy Bundle/STYLIZED The Alchemist's Workshop - Low Poly 3D Art/Prefabs/Props/Alchemy Props/Potions/Transparent/Glow/Pink/AWS_Potion_Glow_012 (2).prefab","Assets/Daniel Mistage/STYLIZED Low Poly Fantasy Bundle/STYLIZED The Alchemist's Workshop - Low Poly 3D Art/Materials/GLOW_PINK.mat","Assets/BornToDig/PrefabGallery/GalleryMaterials/GLOW_PINK_41237648_Transparent.mat","GLOW_PINK","Universal Render Pipeline/2D/Mesh2D-Lit-Default","Universal Render Pipeline/Lit"
"gallery_copy_applied","urp_2d_shader_on_3d_renderer","Assets/Daniel Mistage/STYLIZED Low Poly Fantasy Bundle/STYLIZED The Alchemist's Workshop - Low Poly 3D Art/Prefabs/Props/Decorative Props/Scene Prefabs/Scene_Prefab_16.prefab","Assets/Daniel Mistage/STYLIZED Low Poly Fantasy Bundle/STYLIZED The Alchemist's Workshop - Low Poly 3D Art/Materials/GLOW_PINK.mat","Assets/BornToDig/PrefabGallery/GalleryMaterials/GLOW_PINK_41237648_Transparent.mat","GLOW_PINK","Universal Render Pipeline/2D/Mesh2D-Lit-Default","Universal Render Pipeline/Lit"
"gallery_copy_applied","urp_2d_shader_on_3d_renderer","Assets/Daniel Mistage/STYLIZED Low Poly Fantasy Bundle/STYLIZED The Alchemist's Workshop - Low Poly 3D Art/Prefabs/Props/Decorative Props/Scene Prefabs/Scene_Prefab_2.prefab","Assets/Daniel Mistage/STYLIZED Low Poly Fantasy Bundle/STYLIZED The Alchemist's Workshop - Low Poly 3D Art/Materials/GLOW_PINK.mat","Assets/BornToDig/PrefabGallery/GalleryMaterials/GLOW_PINK_41237648_Transparent.mat","GLOW_PINK","Universal Render Pipeline/2D/Mesh2D-Lit-Default","Universal Render Pipeline/Lit"
"gallery_copy_applied","urp_2d_shader_on_3d_renderer","Assets/Daniel Mistage/STYLIZED Low Poly Fantasy Bundle/STYLIZED The Alchemist's Workshop - Low Poly 3D Art/Prefabs/Props/Decorative Props/Scene Prefabs/Scene_Prefab_2.prefab","Assets/Daniel Mistage/STYLIZED Low Poly Fantasy Bundle/STYLIZED The Alchemist's Workshop - Low Poly 3D Art/Materials/GLOW_PINK.mat","Assets/BornToDig/PrefabGallery/GalleryMaterials/GLOW_PINK_41237648_Transparent.mat","GLOW_PINK","Universal Render Pipeline/2D/Mesh2D-Lit-Default","Universal Render Pipeline/Lit"
"gallery_copy_applied","urp_2d_shader_on_3d_renderer","Assets/Daniel Mistage/STYLIZED Low Poly Fantasy Bundle/STYLIZED The Alchemist's Workshop - Low Poly 3D Art/Prefabs/Props/Decorative Props/Scene Prefabs/Scene_Prefab_2.prefab","Assets/Daniel Mistage/STYLIZED Low Poly Fantasy Bundle/STYLIZED The Alchemist's Workshop - Low Poly 3D Art/Materials/GLOW_PINK.mat","Assets/BornToDig/PrefabGallery/GalleryMaterials/GLOW_PINK_41237648_Transparent.mat","GLOW_PINK","Universal Render Pipeline/2D/Mesh2D-Lit-Default","Universal Render Pipeline/Lit"
"gallery_copy_applied","urp_2d_shader_on_3d_renderer","Assets/Daniel Mistage/STYLIZED Low Poly Fantasy Bundle/STYLIZED The Alchemist's Workshop - Low Poly 3D Art/Prefabs/Props/Decorative Props/Scene Prefabs/Scene_Prefab_5.prefab","Assets/Daniel Mistage/STYLIZED Low Poly Fantasy Bundle/STYLIZED The Alchemist's Workshop - Low Poly 3D Art/Materials/GLOW_PINK.mat","Assets/BornToDig/PrefabGallery/GalleryMaterials/GLOW_PINK_41237648_Transparent.mat","GLOW_PINK","Universal Render Pipeline/2D/Mesh2D-Lit-Default","Universal Render Pipeline/Lit"
"gallery_copy_applied","urp_2d_shader_on_3d_renderer","Assets/Daniel Mistage/STYLIZED Low Poly Fantasy Bundle/STYLIZED The Alchemist's Workshop - Low Poly 3D Art/Prefabs/Props/Decorative Props/Scene Prefabs/Scene_Prefab_5.prefab","Assets/Daniel Mistage/STYLIZED Low Poly Fantasy Bundle/STYLIZED The Alchemist's Workshop - Low Poly 3D Art/Materials/GLOW_PINK.mat","Assets/BornToDig/PrefabGallery/GalleryMaterials/GLOW_PINK_41237648_Transparent.mat","GLOW_PINK","Universal Render Pipeline/2D/Mesh2D-Lit-Default","Universal Render Pipeline/Lit"
"gallery_copy_applied","urp_2d_shader_on_3d_renderer","Assets/Daniel Mistage/STYLIZED Low Poly Fantasy Bundle/STYLIZED The Alchemist's Workshop - Low Poly 3D Art/Prefabs/Props/Decorative Props/Scene Prefabs/Scene_Prefab_5.prefab","Assets/Daniel Mistage/STYLIZED Low Poly Fantasy Bundle/STYLIZED The Alchemist's Workshop - Low Poly 3D Art/Materials/GLOW_PINK.mat","Assets/BornToDig/PrefabGallery/GalleryMaterials/GLOW_PINK_41237648_Transparent.mat","GLOW_PINK","Universal Render Pipeline/2D/Mesh2D-Lit-Default","Universal Render Pipeline/Lit"
"gallery_copy_applied","urp_2d_shader_on_3d_renderer","Assets/Daniel Mistage/STYLIZED Low Poly Fantasy Bundle/STYLIZED The Alchemist's Workshop - Low Poly 3D Art/Prefabs/Props/Decorative Props/Scene Prefabs/Scene_Prefab_5.prefab","Assets/Daniel Mistage/STYLIZED Low Poly Fantasy Bundle/STYLIZED The Alchemist's Workshop - Low Poly 3D Art/Materials/GLOW_PINK.mat","Assets/BornToDig/PrefabGallery/GalleryMaterials/GLOW_PINK_41237648_Transparent.mat","GLOW_PINK","Universal Render Pipeline/2D/Mesh2D-Lit-Default","Universal Render Pipeline/Lit"
"gallery_copy_applied","urp_2d_shader_on_3d_renderer","Assets/Daniel Mistage/STYLIZED Low Poly Fantasy Bundle/STYLIZED The Alchemist's Workshop - Low Poly 3D Art/Prefabs/Props/Decorative Props/Scene Prefabs/Scene_Prefab_6.prefab","Assets/Daniel Mistage/STYLIZED Low Poly Fantasy Bundle/STYLIZED The Alchemist's Workshop - Low Poly 3D Art/Materials/GLOW_PINK.mat","Assets/BornToDig/PrefabGallery/GalleryMaterials/GLOW_PINK_41237648_Transparent.mat","GLOW_PINK","Universal Render Pipeline/2D/Mesh2D-Lit-Default","Universal Render Pipeline/Lit"
"gallery_copy_applied","urp_2d_shader_on_3d_renderer","Assets/Daniel Mistage/STYLIZED Low Poly Fantasy Bundle/STYLIZED The Alchemist's Workshop - Low Poly 3D Art/Prefabs/Props/Decorative Props/Scene Prefabs/Scene_Prefab_8.prefab","Assets/Daniel Mistage/STYLIZED Low Poly Fantasy Bundle/STYLIZED The Alchemist's Workshop - Low Poly 3D Art/Materials/GLOW_PINK.mat","Assets/BornToDig/PrefabGallery/GalleryMaterials/GLOW_PINK_41237648_Transparent.mat","GLOW_PINK","Universal Render Pipeline/2D/Mesh2D-Lit-Default","Universal Render Pipeline/Lit"
"gallery_copy_applied","urp_2d_shader_on_3d_renderer","Assets/Daniel Mistage/STYLIZED Low Poly Fantasy Bundle/STYLIZED The Alchemist's Workshop - Low Poly 3D Art/Prefabs/Props/Decorative Props/Scene Prefabs/Scene_Prefab_8.prefab","Assets/Daniel Mistage/STYLIZED Low Poly Fantasy Bundle/STYLIZED The Alchemist's Workshop - Low Poly 3D Art/Materials/GLOW_PINK.mat","Assets/BornToDig/PrefabGallery/GalleryMaterials/GLOW_PINK_41237648_Transparent.mat","GLOW_PINK","Universal Render Pipeline/2D/Mesh2D-Lit-Default","Universal Render Pipeline/Lit"
"gallery_copy_applied","urp_2d_shader_on_3d_renderer","Assets/Daniel Mistage/STYLIZED Low Poly Fantasy Bundle/STYLIZED The Alchemist's Workshop - Low Poly 3D Art/Prefabs/Props/Alchemy Props/Beaker/AWS_Beaker 1.prefab","Assets/Daniel Mistage/STYLIZED Low Poly Fantasy Bundle/STYLIZED The Alchemist's Workshop - Low Poly 3D Art/Materials/GLOW_RED.mat","Assets/BornToDig/PrefabGallery/GalleryMaterials/GLOW_RED_f408c78e_Transparent.mat","GLOW_RED","Universal Render Pipeline/2D/Mesh2D-Lit-Default","Universal Render Pipeline/Lit"
"gallery_copy_applied","urp_2d_shader_on_3d_renderer","Assets/Daniel Mistage/STYLIZED Low Poly Fantasy Bundle/STYLIZED The Alchemist's Workshop - Low Poly 3D Art/Prefabs/Props/Alchemy Props/Cauldron/AWS_Cauldron_Prop_001 (1) 1.prefab","Assets/Daniel Mistage/STYLIZED Low Poly Fantasy Bundle/STYLIZED The Alchemist's Workshop - Low Poly 3D Art/Materials/GLOW_RED.mat","Assets/BornToDig/PrefabGallery/GalleryMaterials/GLOW_RED_f408c78e_Transparent.mat","GLOW_RED","Universal Render Pipeline/2D/Mesh2D-Lit-Default","Universal Render Pipeline/Lit"
"gallery_copy_applied","urp_2d_shader_on_3d_renderer","Assets/Daniel Mistage/STYLIZED Low Poly Fantasy Bundle/STYLIZED The Alchemist's Workshop - Low Poly 3D Art/Prefabs/Props/Alchemy Props/Cauldron/AWS_Cauldron_Prop_001 (1).prefab","Assets/Daniel Mistage/STYLIZED Low Poly Fantasy Bundle/STYLIZED The Alchemist's Workshop - Low Poly 3D Art/Materials/GLOW_RED.mat","Assets/BornToDig/PrefabGallery/GalleryMaterials/GLOW_RED_f408c78e_Transparent.mat","GLOW_RED","Universal Render Pipeline/2D/Mesh2D-Lit-Default","Universal Render Pipeline/Lit"
"gallery_copy_applied","urp_2d_shader_on_3d_renderer","Assets/Daniel Mistage/STYLIZED Low Poly Fantasy Bundle/STYLIZED The Alchemist's Workshop - Low Poly 3D Art/Prefabs/Props/Alchemy Props/Cauldron/Cauldron Campfire/AWS_Cauldron_Campfire - Copy (2).prefab","Assets/Daniel Mistage/STYLIZED Low Poly Fantasy Bundle/STYLIZED The Alchemist's Workshop - Low Poly 3D Art/Materials/GLOW_RED.mat","Assets/BornToDig/PrefabGallery/GalleryMaterials/GLOW_RED_f408c78e_Transparent.mat","GLOW_RED","Universal Render Pipeline/2D/Mesh2D-Lit-Default","Universal Render Pipeline/Lit"
"gallery_copy_applied","urp_2d_shader_on_3d_renderer","Assets/Daniel Mistage/STYLIZED Low Poly Fantasy Bundle/STYLIZED The Alchemist's Workshop - Low Poly 3D Art/Prefabs/Props/Alchemy Props/Cauldron/Cauldron Campfire/AWS_Cauldron_Campfire - Copy (2).prefab","Assets/Daniel Mistage/STYLIZED Low Poly Fantasy Bundle/STYLIZED The Alchemist's Workshop - Low Poly 3D Art/Materials/GLOW_RED.mat","Assets/BornToDig/PrefabGallery/GalleryMaterials/GLOW_RED_f408c78e_Transparent.mat","GLOW_RED","Universal Render Pipeline/2D/Mesh2D-Lit-Default","Universal Render Pipeline/Lit"
"gallery_copy_applied","urp_2d_shader_on_3d_renderer","Assets/Daniel Mistage/STYLIZED Low Poly Fantasy Bundle/STYLIZED The Alchemist's Workshop - Low Poly 3D Art/Prefabs/Props/Alchemy Props/Cauldron/Cauldron Campfire/AWS_Cauldron_Campfire - Copy (3).prefab","Assets/Daniel Mistage/STYLIZED Low Poly Fantasy Bundle/STYLIZED The Alchemist's Workshop - Low Poly 3D Art/Materials/GLOW_RED.mat","Assets/BornToDig/PrefabGallery/GalleryMaterials/GLOW_RED_f408c78e_Transparent.mat","GLOW_RED","Universal Render Pipeline/2D/Mesh2D-Lit-Default","Universal Render Pipeline/Lit"
"gallery_copy_applied","urp_2d_shader_on_3d_renderer","Assets/Daniel Mistage/STYLIZED Low Poly Fantasy Bundle/STYLIZED The Alchemist's Workshop - Low Poly 3D Art/Prefabs/Props/Alchemy Props/Cauldron/Cauldron Campfire/AWS_Cauldron_Campfire - Copy (4).prefab","Assets/Daniel Mistage/STYLIZED Low Poly Fantasy Bundle/STYLIZED The Alchemist's Workshop - Low Poly 3D Art/Materials/GLOW_RED.mat","Assets/BornToDig/PrefabGallery/GalleryMaterials/GLOW_RED_f408c78e_Transparent.mat","GLOW_RED","Universal Render Pipeline/2D/Mesh2D-Lit-Default","Universal Render Pipeline/Lit"
"gallery_copy_applied","urp_2d_shader_on_3d_renderer","Assets/Daniel Mistage/STYLIZED Low Poly Fantasy Bundle/STYLIZED The Alchemist's Workshop - Low Poly 3D Art/Prefabs/Props/Alchemy Props/Cauldron/Cauldron Campfire/AWS_Cauldron_Campfire - Copy (5).prefab","Assets/Daniel Mistage/STYLIZED Low Poly Fantasy Bundle/STYLIZED The Alchemist's Workshop - Low Poly 3D Art/Materials/GLOW_RED.mat","Assets/BornToDig/PrefabGallery/GalleryMaterials/GLOW_RED_f408c78e_Transparent.mat","GLOW_RED","Universal Render Pipeline/2D/Mesh2D-Lit-Default","Universal Render Pipeline/Lit"
"gallery_copy_applied","urp_2d_shader_on_3d_renderer","Assets/Daniel Mistage/STYLIZED Low Poly Fantasy Bundle/STYLIZED The Alchemist's Workshop - Low Poly 3D Art/Prefabs/Props/Alchemy Props/Cauldron/Cauldron Campfire/AWS_Cauldron_Campfire - Copy (6).prefab","Assets/Daniel Mistage/STYLIZED Low Poly Fantasy Bundle/STYLIZED The Alchemist's Workshop - Low Poly 3D Art/Materials/GLOW_RED.mat","Assets/BornToDig/PrefabGallery/GalleryMaterials/GLOW_RED_f408c78e_Transparent.mat","GLOW_RED","Universal Render Pipeline/2D/Mesh2D-Lit-Default","Universal Render Pipeline/Lit"
"gallery_copy_applied","urp_2d_shader_on_3d_renderer","Assets/Daniel Mistage/STYLIZED Low Poly Fantasy Bundle/STYLIZED The Alchemist's Workshop - Low Poly 3D Art/Prefabs/Props/Alchemy Props/Cauldron/Cauldron Campfire/AWS_Cauldron_Campfire - Copy 1.prefab","Assets/Daniel Mistage/STYLIZED Low Poly Fantasy Bundle/STYLIZED The Alchemist's Workshop - Low Poly 3D Art/Materials/GLOW_RED.mat","Assets/BornToDig/PrefabGallery/GalleryMaterials/GLOW_RED_f408c78e_Transparent.mat","GLOW_RED","Universal Render Pipeline/2D/Mesh2D-Lit-Default","Universal Render Pipeline/Lit"
"gallery_copy_applied","urp_2d_shader_on_3d_renderer","Assets/Daniel Mistage/STYLIZED Low Poly Fantasy Bundle/STYLIZED The Alchemist's Workshop - Low Poly 3D Art/Prefabs/Props/Alchemy Props/Cauldron/Cauldron Campfire/AWS_Cauldron_Campfire (1).prefab","Assets/Daniel Mistage/STYLIZED Low Poly Fantasy Bundle/STYLIZED The Alchemist's Workshop - Low Poly 3D Art/Materials/GLOW_RED.mat","Assets/BornToDig/PrefabGallery/GalleryMaterials/GLOW_RED_f408c78e_Transparent.mat","GLOW_RED","Universal Render Pipeline/2D/Mesh2D-Lit-Default","Universal Render Pipeline/Lit"
"gallery_copy_applied","urp_2d_shader_on_3d_renderer","Assets/Daniel Mistage/STYLIZED Low Poly Fantasy Bundle/STYLIZED The Alchemist's Workshop - Low Poly 3D Art/Prefabs/Props/Alchemy Props/Cauldron/Cauldron Campfire/AWS_Cauldron_Campfire 1.prefab","Assets/Daniel Mistage/STYLIZED Low Poly Fantasy Bundle/STYLIZED The Alchemist's Workshop - Low Poly 3D Art/Materials/GLOW_RED.mat","Assets/BornToDig/PrefabGallery/GalleryMaterials/GLOW_RED_f408c78e_Transparent.mat","GLOW_RED","Universal Render Pipeline/2D/Mesh2D-Lit-Default","Universal Render Pipeline/Lit"
"gallery_copy_applied","urp_2d_shader_on_3d_renderer","Assets/Daniel Mistage/STYLIZED Low Poly Fantasy Bundle/STYLIZED The Alchemist's Workshop - Low Poly 3D Art/Prefabs/Props/Alchemy Props/Cauldron/Cauldron Liquid/AWS_Cauldron_Liquid (1) 1.prefab","Assets/Daniel Mistage/STYLIZED Low Poly Fantasy Bundle/STYLIZED The Alchemist's Workshop - Low Poly 3D Art/Materials/GLOW_RED.mat","Assets/BornToDig/PrefabGallery/GalleryMaterials/GLOW_RED_f408c78e_Transparent.mat","GLOW_RED","Universal Render Pipeline/2D/Mesh2D-Lit-Default","Universal Render Pipeline/Lit"
"gallery_copy_applied","urp_2d_shader_on_3d_renderer","Assets/Daniel Mistage/STYLIZED Low Poly Fantasy Bundle/STYLIZED The Alchemist's Workshop - Low Poly 3D Art/Prefabs/Props/Alchemy Props/Cauldron/Simple Cauldrons/Cauldron + Liquid/Red/AWS_Cauldron_Simple_001 1.prefab","Assets/Daniel Mistage/STYLIZED Low Poly Fantasy Bundle/STYLIZED The Alchemist's Workshop - Low Poly 3D Art/Materials/GLOW_RED.mat","Assets/BornToDig/PrefabGallery/GalleryMaterials/GLOW_RED_f408c78e_Transparent.mat","GLOW_RED","Universal Render Pipeline/2D/Mesh2D-Lit-Default","Universal Render Pipeline/Lit"
"gallery_copy_applied","urp_2d_shader_on_3d_renderer","Assets/Daniel Mistage/STYLIZED Low Poly Fantasy Bundle/STYLIZED The Alchemist's Workshop - Low Poly 3D Art/Prefabs/Props/Alchemy Props/Cauldron/Simple Cauldrons/Cauldron + Liquid/Red/AWS_Cauldron_Simple_002.prefab","Assets/Daniel Mistage/STYLIZED Low Poly Fantasy Bundle/STYLIZED The Alchemist's Workshop - Low Poly 3D Art/Materials/GLOW_RED.mat","Assets/BornToDig/PrefabGallery/GalleryMaterials/GLOW_RED_f408c78e_Transparent.mat","GLOW_RED","Universal Render Pipeline/2D/Mesh2D-Lit-Default","Universal Render Pipeline/Lit"
"gallery_copy_applied","urp_2d_shader_on_3d_renderer","Assets/Daniel Mistage/STYLIZED Low Poly Fantasy Bundle/STYLIZED The Alchemist's Workshop - Low Poly 3D Art/Prefabs/Props/Alchemy Props/Cauldron/Simple Cauldrons/Cauldron + Liquid/Red/AWS_Cauldron_Simple_003.prefab","Assets/Daniel Mistage/STYLIZED Low Poly Fantasy Bundle/STYLIZED The Alchemist's Workshop - Low Poly 3D Art/Materials/GLOW_RED.mat","Assets/BornToDig/PrefabGallery/GalleryMaterials/GLOW_RED_f408c78e_Transparent.mat","GLOW_RED","Universal Render Pipeline/2D/Mesh2D-Lit-Default","Universal Render Pipeline/Lit"
"gallery_copy_applied","urp_2d_shader_on_3d_renderer","Assets/Daniel Mistage/STYLIZED Low Poly Fantasy Bundle/STYLIZED The Alchemist's Workshop - Low Poly 3D Art/Prefabs/Props/Alchemy Props/Cauldron/Simple Cauldrons/Cauldron + Liquid/Red/AWS_Cauldron_Simple_004.prefab","Assets/Daniel Mistage/STYLIZED Low Poly Fantasy Bundle/STYLIZED The Alchemist's Workshop - Low Poly 3D Art/Materials/GLOW_RED.mat","Assets/BornToDig/PrefabGallery/GalleryMaterials/GLOW_RED_f408c78e_Transparent.mat","GLOW_RED","Universal Render Pipeline/2D/Mesh2D-Lit-Default","Universal Render Pipeline/Lit"
"gallery_copy_applied","urp_2d_shader_on_3d_renderer","Assets/Daniel Mistage/STYLIZED Low Poly Fantasy Bundle/STYLIZED The Alchemist's Workshop - Low Poly 3D Art/Prefabs/Props/Alchemy Props/Cauldron/Simple Cauldrons/Cauldron + Liquid/Red/AWS_Cauldron_Simple_005.prefab","Assets/Daniel Mistage/STYLIZED Low Poly Fantasy Bundle/STYLIZED The Alchemist's Workshop - Low Poly 3D Art/Materials/GLOW_RED.mat","Assets/BornToDig/PrefabGallery/GalleryMaterials/GLOW_RED_f408c78e_Transparent.mat","GLOW_RED","Universal Render Pipeline/2D/Mesh2D-Lit-Default","Universal Render Pipeline/Lit"
"gallery_copy_applied","urp_2d_shader_on_3d_renderer","Assets/Daniel Mistage/STYLIZED Low Poly Fantasy Bundle/STYLIZED The Alchemist's Workshop - Low Poly 3D Art/Prefabs/Props/Alchemy Props/Cauldron/Simple Cauldrons/Cauldron + Liquid/Red/AWS_Cauldron_Simple_006.prefab","Assets/Daniel Mistage/STYLIZED Low Poly Fantasy Bundle/STYLIZED The Alchemist's Workshop - Low Poly 3D Art/Materials/GLOW_RED.mat","Assets/BornToDig/PrefabGallery/GalleryMaterials/GLOW_RED_f408c78e_Transparent.mat","GLOW_RED","Universal Render Pipeline/2D/Mesh2D-Lit-Default","Universal Render Pipeline/Lit"
"gallery_copy_applied","urp_2d_shader_on_3d_renderer","Assets/Daniel Mistage/STYLIZED Low Poly Fantasy Bundle/STYLIZED The Alchemist's Workshop - Low Poly 3D Art/Prefabs/Props/Alchemy Props/Cauldron/Simple Cauldrons/Cauldron + Liquid/Red/AWS_Cauldron_Simple_007.prefab","Assets/Daniel Mistage/STYLIZED Low Poly Fantasy Bundle/STYLIZED The Alchemist's Workshop - Low Poly 3D Art/Materials/GLOW_RED.mat","Assets/BornToDig/PrefabGallery/GalleryMaterials/GLOW_RED_f408c78e_Transparent.mat","GLOW_RED","Universal Render Pipeline/2D/Mesh2D-Lit-Default","Universal Render Pipeline/Lit"
"gallery_copy_applied","urp_2d_shader_on_3d_renderer","Assets/Daniel Mistage/STYLIZED Low Poly Fantasy Bundle/STYLIZED The Alchemist's Workshop - Low Poly 3D Art/Prefabs/Props/Alchemy Props/Cauldron/Simple Cauldrons/Cauldron + Liquid/Red/AWS_Cauldron_Simple_008 1.prefab","Assets/Daniel Mistage/STYLIZED Low Poly Fantasy Bundle/STYLIZED The Alchemist's Workshop - Low Poly 3D Art/Materials/GLOW_RED.mat","Assets/BornToDig/PrefabGallery/GalleryMaterials/GLOW_RED_f408c78e_Transparent.mat","GLOW_RED","Universal Render Pipeline/2D/Mesh2D-Lit-Default","Universal Render Pipeline/Lit"
"gallery_copy_applied","urp_2d_shader_on_3d_renderer","Assets/Daniel Mistage/STYLIZED Low Poly Fantasy Bundle/STYLIZED The Alchemist's Workshop - Low Poly 3D Art/Prefabs/Props/Alchemy Props/Cauldron/Simple Cauldrons/Cauldron + Liquid/Red/AWS_Cauldron_Simple_009.prefab","Assets/Daniel Mistage/STYLIZED Low Poly Fantasy Bundle/STYLIZED The Alchemist's Workshop - Low Poly 3D Art/Materials/GLOW_RED.mat","Assets/BornToDig/PrefabGallery/GalleryMaterials/GLOW_RED_f408c78e_Transparent.mat","GLOW_RED","Universal Render Pipeline/2D/Mesh2D-Lit-Default","Universal Render Pipeline/Lit"
"gallery_copy_applied","urp_2d_shader_on_3d_renderer","Assets/Daniel Mistage/STYLIZED Low Poly Fantasy Bundle/STYLIZED The Alchemist's Workshop - Low Poly 3D Art/Prefabs/Props/Alchemy Props/Cauldron/Stylized Cauldron/AWS_Cauldron_Prop 1 (1).prefab","Assets/Daniel Mistage/STYLIZED Low Poly Fantasy Bundle/STYLIZED The Alchemist's Workshop - Low Poly 3D Art/Materials/GLOW_RED.mat","Assets/BornToDig/PrefabGallery/GalleryMaterials/GLOW_RED_f408c78e_Transparent.mat","GLOW_RED","Universal Render Pipeline/2D/Mesh2D-Lit-Default","Universal Render Pipeline/Lit"
"gallery_copy_applied","urp_2d_shader_on_3d_renderer","Assets/Daniel Mistage/STYLIZED Low Poly Fantasy Bundle/STYLIZED The Alchemist's Workshop - Low Poly 3D Art/Prefabs/Props/Alchemy Props/Cauldron/Stylized Cauldron/AWS_Cauldron_Prop 1 (2).prefab","Assets/Daniel Mistage/STYLIZED Low Poly Fantasy Bundle/STYLIZED The Alchemist's Workshop - Low Poly 3D Art/Materials/GLOW_RED.mat","Assets/BornToDig/PrefabGallery/GalleryMaterials/GLOW_RED_f408c78e_Transparent.mat","GLOW_RED","Universal Render Pipeline/2D/Mesh2D-Lit-Default","Universal Render Pipeline/Lit"
"gallery_copy_applied","urp_2d_shader_on_3d_renderer","Assets/Daniel Mistage/STYLIZED Low Poly Fantasy Bundle/STYLIZED The Alchemist's Workshop - Low Poly 3D Art/Prefabs/Props/Alchemy Props/Cauldron/Stylized Cauldron/AWS_Cauldron_Prop 1 (3).prefab","Assets/Daniel Mistage/STYLIZED Low Poly Fantasy Bundle/STYLIZED The Alchemist's Workshop - Low Poly 3D Art/Materials/GLOW_RED.mat","Assets/BornToDig/PrefabGallery/GalleryMaterials/GLOW_RED_f408c78e_Transparent.mat","GLOW_RED","Universal Render Pipeline/2D/Mesh2D-Lit-Default","Universal Render Pipeline/Lit"
"gallery_copy_applied","urp_2d_shader_on_3d_renderer","Assets/Daniel Mistage/STYLIZED Low Poly Fantasy Bundle/STYLIZED The Alchemist's Workshop - Low Poly 3D Art/Prefabs/Props/Alchemy Props/Cauldron/Stylized Cauldron/AWS_Cauldron_Prop 1 (4).prefab","Assets/Daniel Mistage/STYLIZED Low Poly Fantasy Bundle/STYLIZED The Alchemist's Workshop - Low Poly 3D Art/Materials/GLOW_RED.mat","Assets/BornToDig/PrefabGallery/GalleryMaterials/GLOW_RED_f408c78e_Transparent.mat","GLOW_RED","Universal Render Pipeline/2D/Mesh2D-Lit-Default","Universal Render Pipeline/Lit"
"gallery_copy_applied","urp_2d_shader_on_3d_renderer","Assets/Daniel Mistage/STYLIZED Low Poly Fantasy Bundle/STYLIZED The Alchemist's Workshop - Low Poly 3D Art/Prefabs/Props/Alchemy Props/Cauldron/Stylized Cauldron/AWS_Cauldron_Prop 1 1.prefab","Assets/Daniel Mistage/STYLIZED Low Poly Fantasy Bundle/STYLIZED The Alchemist's Workshop - Low Poly 3D Art/Materials/GLOW_RED.mat","Assets/BornToDig/PrefabGallery/GalleryMaterials/GLOW_RED_f408c78e_Transparent.mat","GLOW_RED","Universal Render Pipeline/2D/Mesh2D-Lit-Default","Universal Render Pipeline/Lit"
"gallery_copy_applied","urp_2d_shader_on_3d_renderer","Assets/Daniel Mistage/STYLIZED Low Poly Fantasy Bundle/STYLIZED The Alchemist's Workshop - Low Poly 3D Art/Prefabs/Props/Alchemy Props/Cauldron/Stylized Cauldron/AWS_Cauldron_Prop 1 2.prefab","Assets/Daniel Mistage/STYLIZED Low Poly Fantasy Bundle/STYLIZED The Alchemist's Workshop - Low Poly 3D Art/Materials/GLOW_RED.mat","Assets/BornToDig/PrefabGallery/GalleryMaterials/GLOW_RED_f408c78e_Transparent.mat","GLOW_RED","Universal Render Pipeline/2D/Mesh2D-Lit-Default","Universal Render Pipeline/Lit"
"gallery_copy_applied","urp_2d_shader_on_3d_renderer","Assets/Daniel Mistage/STYLIZED Low Poly Fantasy Bundle/STYLIZED The Alchemist's Workshop - Low Poly 3D Art/Prefabs/Props/Alchemy Props/Cauldron/Stylized Cauldron/AWS_Cauldron_Prop 1 2.prefab","Assets/Daniel Mistage/STYLIZED Low Poly Fantasy Bundle/STYLIZED The Alchemist's Workshop - Low Poly 3D Art/Materials/GLOW_RED.mat","Assets/BornToDig/PrefabGallery/GalleryMaterials/GLOW_RED_f408c78e_Transparent.mat","GLOW_RED","Universal Render Pipeline/2D/Mesh2D-Lit-Default","Universal Render Pipeline/Lit"
"gallery_copy_applied","urp_2d_shader_on_3d_renderer","Assets/Daniel Mistage/STYLIZED Low Poly Fantasy Bundle/STYLIZED The Alchemist's Workshop - Low Poly 3D Art/Prefabs/Props/Alchemy Props/Cauldron/Stylized Cauldron/AWS_Cauldron_Prop 1.prefab","Assets/Daniel Mistage/STYLIZED Low Poly Fantasy Bundle/STYLIZED The Alchemist's Workshop - Low Poly 3D Art/Materials/GLOW_RED.mat","Assets/BornToDig/PrefabGallery/GalleryMaterials/GLOW_RED_f408c78e_Transparent.mat","GLOW_RED","Universal Render Pipeline/2D/Mesh2D-Lit-Default","Universal Render Pipeline/Lit"
"gallery_copy_applied","urp_2d_shader_on_3d_renderer","Assets/Daniel Mistage/STYLIZED Low Poly Fantasy Bundle/STYLIZED The Alchemist's Workshop - Low Poly 3D Art/Prefabs/Props/Alchemy Props/Cauldron/Stylized Cauldron/AWS_Cauldron_Prop_001 (1).prefab","Assets/Daniel Mistage/STYLIZED Low Poly Fantasy Bundle/STYLIZED The Alchemist's Workshop - Low Poly 3D Art/Materials/GLOW_RED.mat","Assets/BornToDig/PrefabGallery/GalleryMaterials/GLOW_RED_f408c78e_Transparent.mat","GLOW_RED","Universal Render Pipeline/2D/Mesh2D-Lit-Default","Universal Render Pipeline/Lit"
"gallery_copy_applied","urp_2d_shader_on_3d_renderer","Assets/Daniel Mistage/STYLIZED Low Poly Fantasy Bundle/STYLIZED The Alchemist's Workshop - Low Poly 3D Art/Prefabs/Props/Alchemy Props/Cauldron/Stylized Cauldron/AWS_Cauldron_Prop_001.prefab","Assets/Daniel Mistage/STYLIZED Low Poly Fantasy Bundle/STYLIZED The Alchemist's Workshop - Low Poly 3D Art/Materials/GLOW_RED.mat","Assets/BornToDig/PrefabGallery/GalleryMaterials/GLOW_RED_f408c78e_Transparent.mat","GLOW_RED","Universal Render Pipeline/2D/Mesh2D-Lit-Default","Universal Render Pipeline/Lit"
"gallery_copy_applied","urp_2d_shader_on_3d_renderer","Assets/Daniel Mistage/STYLIZED Low Poly Fantasy Bundle/STYLIZED The Alchemist's Workshop - Low Poly 3D Art/Prefabs/Props/Alchemy Props/Laboratory Props/AWS_Alchemy_Prop_002 (1).prefab","Assets/Daniel Mistage/STYLIZED Low Poly Fantasy Bundle/STYLIZED The Alchemist's Workshop - Low Poly 3D Art/Materials/GLOW_RED.mat","Assets/BornToDig/PrefabGallery/GalleryMaterials/GLOW_RED_f408c78e_Transparent.mat","GLOW_RED","Universal Render Pipeline/2D/Mesh2D-Lit-Default","Universal Render Pipeline/Lit"
"gallery_copy_applied","urp_2d_shader_on_3d_renderer","Assets/Daniel Mistage/STYLIZED Low Poly Fantasy Bundle/STYLIZED The Alchemist's Workshop - Low Poly 3D Art/Prefabs/Props/Alchemy Props/Laboratory Props/AWS_Alchemy_Prop_002.prefab","Assets/Daniel Mistage/STYLIZED Low Poly Fantasy Bundle/STYLIZED The Alchemist's Workshop - Low Poly 3D Art/Materials/GLOW_RED.mat","Assets/BornToDig/PrefabGallery/GalleryMaterials/GLOW_RED_f408c78e_Transparent.mat","GLOW_RED","Universal Render Pipeline/2D/Mesh2D-Lit-Default","Universal Render Pipeline/Lit"
"gallery_copy_applied","urp_2d_shader_on_3d_renderer","Assets/Daniel Mistage/STYLIZED Low Poly Fantasy Bundle/STYLIZED The Alchemist's Workshop - Low Poly 3D Art/Prefabs/Props/Alchemy Props/Laboratory Props/AWS_Alchemy_Prop_005.prefab","Assets/Daniel Mistage/STYLIZED Low Poly Fantasy Bundle/STYLIZED The Alchemist's Workshop - Low Poly 3D Art/Materials/GLOW_RED.mat","Assets/BornToDig/PrefabGallery/GalleryMaterials/GLOW_RED_f408c78e_Transparent.mat","GLOW_RED","Universal Render Pipeline/2D/Mesh2D-Lit-Default","Universal Render Pipeline/Lit"
"gallery_copy_applied","urp_2d_shader_on_3d_renderer","Assets/Daniel Mistage/STYLIZED Low Poly Fantasy Bundle/STYLIZED The Alchemist's Workshop - Low Poly 3D Art/Prefabs/Props/Alchemy Props/Laboratory Props/AWS_Alchemy_Prop_008 1.prefab","Assets/Daniel Mistage/STYLIZED Low Poly Fantasy Bundle/STYLIZED The Alchemist's Workshop - Low Poly 3D Art/Materials/GLOW_RED.mat","Assets/BornToDig/PrefabGallery/GalleryMaterials/GLOW_RED_f408c78e_Transparent.mat","GLOW_RED","Universal Render Pipeline/2D/Mesh2D-Lit-Default","Universal Render Pipeline/Lit"
"gallery_copy_applied","urp_2d_shader_on_3d_renderer","Assets/Daniel Mistage/STYLIZED Low Poly Fantasy Bundle/STYLIZED The Alchemist's Workshop - Low Poly 3D Art/Prefabs/Props/Alchemy Props/Laboratory Props/AWS_Alchemy_Prop_009 (3).prefab","Assets/Daniel Mistage/STYLIZED Low Poly Fantasy Bundle/STYLIZED The Alchemist's Workshop - Low Poly 3D Art/Materials/GLOW_RED.mat","Assets/BornToDig/PrefabGallery/GalleryMaterials/GLOW_RED_f408c78e_Transparent.mat","GLOW_RED","Universal Render Pipeline/2D/Mesh2D-Lit-Default","Universal Render Pipeline/Lit"
"gallery_copy_applied","urp_2d_shader_on_3d_renderer","Assets/Daniel Mistage/STYLIZED Low Poly Fantasy Bundle/STYLIZED The Alchemist's Workshop - Low Poly 3D Art/Prefabs/Props/Alchemy Props/Laboratory Props/AWS_Alchemy_Prop_017 1.prefab","Assets/Daniel Mistage/STYLIZED Low Poly Fantasy Bundle/STYLIZED The Alchemist's Workshop - Low Poly 3D Art/Materials/GLOW_RED.mat","Assets/BornToDig/PrefabGallery/GalleryMaterials/GLOW_RED_f408c78e_Transparent.mat","GLOW_RED","Universal Render Pipeline/2D/Mesh2D-Lit-Default","Universal Render Pipeline/Lit"
"gallery_copy_applied","urp_2d_shader_on_3d_renderer","Assets/Daniel Mistage/STYLIZED Low Poly Fantasy Bundle/STYLIZED The Alchemist's Workshop - Low Poly 3D Art/Prefabs/Props/Alchemy Props/Laboratory Props/AWS_Alchemy_Prop_018 1.prefab","Assets/Daniel Mistage/STYLIZED Low Poly Fantasy Bundle/STYLIZED The Alchemist's Workshop - Low Poly 3D Art/Materials/GLOW_RED.mat","Assets/BornToDig/PrefabGallery/GalleryMaterials/GLOW_RED_f408c78e_Transparent.mat","GLOW_RED","Universal Render Pipeline/2D/Mesh2D-Lit-Default","Universal Render Pipeline/Lit"
"gallery_copy_applied","urp_2d_shader_on_3d_renderer","Assets/Daniel Mistage/STYLIZED Low Poly Fantasy Bundle/STYLIZED The Alchemist's Workshop - Low Poly 3D Art/Prefabs/Props/Alchemy Props/Laboratory Props/AWS_Alchemy_Prop_020 (1).prefab","Assets/Daniel Mistage/STYLIZED Low Poly Fantasy Bundle/STYLIZED The Alchemist's Workshop - Low Poly 3D Art/Materials/GLOW_RED.mat","Assets/BornToDig/PrefabGallery/GalleryMaterials/GLOW_RED_f408c78e_Transparent.mat","GLOW_RED","Universal Render Pipeline/2D/Mesh2D-Lit-Default","Universal Render Pipeline/Lit"
"gallery_copy_applied","urp_2d_shader_on_3d_renderer","Assets/Daniel Mistage/STYLIZED Low Poly Fantasy Bundle/STYLIZED The Alchemist's Workshop - Low Poly 3D Art/Prefabs/Props/Alchemy Props/Laboratory Props/AWS_Alchemy_Prop_020 (1).prefab","Assets/Daniel Mistage/STYLIZED Low Poly Fantasy Bundle/STYLIZED The Alchemist's Workshop - Low Poly 3D Art/Materials/GLOW_RED.mat","Assets/BornToDig/PrefabGallery/GalleryMaterials/GLOW_RED_f408c78e_Transparent.mat","GLOW_RED","Universal Render Pipeline/2D/Mesh2D-Lit-Default","Universal Render Pipeline/Lit"
"gallery_copy_applied","urp_2d_shader_on_3d_renderer","Assets/Daniel Mistage/STYLIZED Low Poly Fantasy Bundle/STYLIZED The Alchemist's Workshop - Low Poly 3D Art/Prefabs/Props/Alchemy Props/Laboratory Props/AWS_Alchemy_Prop_020.prefab","Assets/Daniel Mistage/STYLIZED Low Poly Fantasy Bundle/STYLIZED The Alchemist's Workshop - Low Poly 3D Art/Materials/GLOW_RED.mat","Assets/BornToDig/PrefabGallery/GalleryMaterials/GLOW_RED_f408c78e_Transparent.mat","GLOW_RED","Universal Render Pipeline/2D/Mesh2D-Lit-Default","Universal Render Pipeline/Lit"
"gallery_copy_applied","urp_2d_shader_on_3d_renderer","Assets/Daniel Mistage/STYLIZED Low Poly Fantasy Bundle/STYLIZED The Alchemist's Workshop - Low Poly 3D Art/Prefabs/Props/Alchemy Props/Laboratory Props/AWS_Alchemy_Prop_020.prefab","Assets/Daniel Mistage/STYLIZED Low Poly Fantasy Bundle/STYLIZED The Alchemist's Workshop - Low Poly 3D Art/Materials/GLOW_RED.mat","Assets/BornToDig/PrefabGallery/GalleryMaterials/GLOW_RED_f408c78e_Transparent.mat","GLOW_RED","Universal Render Pipeline/2D/Mesh2D-Lit-Default","Universal Render Pipeline/Lit"
"gallery_copy_applied","urp_2d_shader_on_3d_renderer","Assets/Daniel Mistage/STYLIZED Low Poly Fantasy Bundle/STYLIZED The Alchemist's Workshop - Low Poly 3D Art/Prefabs/Props/Alchemy Props/Magical Stone/Red/AWS_Magical_Stone_001 1.prefab","Assets/Daniel Mistage/STYLIZED Low Poly Fantasy Bundle/STYLIZED The Alchemist's Workshop - Low Poly 3D Art/Materials/GLOW_RED.mat","Assets/BornToDig/PrefabGallery/GalleryMaterials/GLOW_RED_f408c78e_Transparent.mat","GLOW_RED","Universal Render Pipeline/2D/Mesh2D-Lit-Default","Universal Render Pipeline/Lit"
"gallery_copy_applied","urp_2d_shader_on_3d_renderer","Assets/Daniel Mistage/STYLIZED Low Poly Fantasy Bundle/STYLIZED The Alchemist's Workshop - Low Poly 3D Art/Prefabs/Props/Alchemy Props/Magical Stone/Red/AWS_Magical_Stone_002 1.prefab","Assets/Daniel Mistage/STYLIZED Low Poly Fantasy Bundle/STYLIZED The Alchemist's Workshop - Low Poly 3D Art/Materials/GLOW_RED.mat","Assets/BornToDig/PrefabGallery/GalleryMaterials/GLOW_RED_f408c78e_Transparent.mat","GLOW_RED","Universal Render Pipeline/2D/Mesh2D-Lit-Default","Universal Render Pipeline/Lit"
"gallery_copy_applied","urp_2d_shader_on_3d_renderer","Assets/Daniel Mistage/STYLIZED Low Poly Fantasy Bundle/STYLIZED The Alchemist's Workshop - Low Poly 3D Art/Prefabs/Props/Alchemy Props/Magical Stone/Red/AWS_Magical_Stone_003 1.prefab","Assets/Daniel Mistage/STYLIZED Low Poly Fantasy Bundle/STYLIZED The Alchemist's Workshop - Low Poly 3D Art/Materials/GLOW_RED.mat","Assets/BornToDig/PrefabGallery/GalleryMaterials/GLOW_RED_f408c78e_Transparent.mat","GLOW_RED","Universal Render Pipeline/2D/Mesh2D-Lit-Default","Universal Render Pipeline/Lit"
"gallery_copy_applied","urp_2d_shader_on_3d_renderer","Assets/Daniel Mistage/STYLIZED Low Poly Fantasy Bundle/STYLIZED The Alchemist's Workshop - Low Poly 3D Art/Prefabs/Props/Alchemy Props/Potions/Haging Potion/Red/AWS_Hanging_Potion_001 1.prefab","Assets/Daniel Mistage/STYLIZED Low Poly Fantasy Bundle/STYLIZED The Alchemist's Workshop - Low Poly 3D Art/Materials/GLOW_RED.mat","Assets/BornToDig/PrefabGallery/GalleryMaterials/GLOW_RED_f408c78e_Transparent.mat","GLOW_RED","Universal Render Pipeline/2D/Mesh2D-Lit-Default","Universal Render Pipeline/Lit"
"gallery_copy_applied","urp_2d_shader_on_3d_renderer","Assets/Daniel Mistage/STYLIZED Low Poly Fantasy Bundle/STYLIZED The Alchemist's Workshop - Low Poly 3D Art/Prefabs/Props/Alchemy Props/Potions/Haging Potion/Red/AWS_Hanging_Potion_002.prefab","Assets/Daniel Mistage/STYLIZED Low Poly Fantasy Bundle/STYLIZED The Alchemist's Workshop - Low Poly 3D Art/Materials/GLOW_RED.mat","Assets/BornToDig/PrefabGallery/GalleryMaterials/GLOW_RED_f408c78e_Transparent.mat","GLOW_RED","Universal Render Pipeline/2D/Mesh2D-Lit-Default","Universal Render Pipeline/Lit"
"gallery_copy_applied","urp_2d_shader_on_3d_renderer","Assets/Daniel Mistage/STYLIZED Low Poly Fantasy Bundle/STYLIZED The Alchemist's Workshop - Low Poly 3D Art/Prefabs/Props/Alchemy Props/Potions/Jar/Red/AWS_Jar_001 4.prefab","Assets/Daniel Mistage/STYLIZED Low Poly Fantasy Bundle/STYLIZED The Alchemist's Workshop - Low Poly 3D Art/Materials/GLOW_RED.mat","Assets/BornToDig/PrefabGallery/GalleryMaterials/GLOW_RED_f408c78e_Transparent.mat","GLOW_RED","Universal Render Pipeline/2D/Mesh2D-Lit-Default","Universal Render Pipeline/Lit"
"gallery_copy_applied","urp_2d_shader_on_3d_renderer","Assets/Daniel Mistage/STYLIZED Low Poly Fantasy Bundle/STYLIZED The Alchemist's Workshop - Low Poly 3D Art/Prefabs/Props/Alchemy Props/Potions/Jar/Red/AWS_Jar_002 4.prefab","Assets/Daniel Mistage/STYLIZED Low Poly Fantasy Bundle/STYLIZED The Alchemist's Workshop - Low Poly 3D Art/Materials/GLOW_RED.mat","Assets/BornToDig/PrefabGallery/GalleryMaterials/GLOW_RED_f408c78e_Transparent.mat","GLOW_RED","Universal Render Pipeline/2D/Mesh2D-Lit-Default","Universal Render Pipeline/Lit"
"gallery_copy_applied","urp_2d_shader_on_3d_renderer","Assets/Daniel Mistage/STYLIZED Low Poly Fantasy Bundle/STYLIZED The Alchemist's Workshop - Low Poly 3D Art/Prefabs/Props/Alchemy Props/Potions/Stylized Potions/AWS_Health_Potion.prefab","Assets/Daniel Mistage/STYLIZED Low Poly Fantasy Bundle/STYLIZED The Alchemist's Workshop - Low Poly 3D Art/Materials/GLOW_RED.mat","Assets/BornToDig/PrefabGallery/GalleryMaterials/GLOW_RED_f408c78e_Transparent.mat","GLOW_RED","Universal Render Pipeline/2D/Mesh2D-Lit-Default","Universal Render Pipeline/Lit"
"gallery_copy_applied","urp_2d_shader_on_3d_renderer","Assets/Daniel Mistage/STYLIZED Low Poly Fantasy Bundle/STYLIZED The Alchemist's Workshop - Low Poly 3D Art/Prefabs/Props/Alchemy Props/Potions/Stylized Potions/AWS_Stylized_Potions_001.prefab","Assets/Daniel Mistage/STYLIZED Low Poly Fantasy Bundle/STYLIZED The Alchemist's Workshop - Low Poly 3D Art/Materials/GLOW_RED.mat","Assets/BornToDig/PrefabGallery/GalleryMaterials/GLOW_RED_f408c78e_Transparent.mat","GLOW_RED","Universal Render Pipeline/2D/Mesh2D-Lit-Default","Universal Render Pipeline/Lit"
"gallery_copy_applied","urp_2d_shader_on_3d_renderer","Assets/Daniel Mistage/STYLIZED Low Poly Fantasy Bundle/STYLIZED The Alchemist's Workshop - Low Poly 3D Art/Prefabs/Props/Alchemy Props/Potions/Stylized Potions/AWS_Stylized_Potions_004.prefab","Assets/Daniel Mistage/STYLIZED Low Poly Fantasy Bundle/STYLIZED The Alchemist's Workshop - Low Poly 3D Art/Materials/GLOW_RED.mat","Assets/BornToDig/PrefabGallery/GalleryMaterials/GLOW_RED_f408c78e_Transparent.mat","GLOW_RED","Universal Render Pipeline/2D/Mesh2D-Lit-Default","Universal Render Pipeline/Lit"
"gallery_copy_applied","urp_2d_shader_on_3d_renderer","Assets/Daniel Mistage/STYLIZED Low Poly Fantasy Bundle/STYLIZED The Alchemist's Workshop - Low Poly 3D Art/Prefabs/Props/Alchemy Props/Potions/Transparent/Glow/Red/AWS_Potion_Glow_001.prefab","Assets/Daniel Mistage/STYLIZED Low Poly Fantasy Bundle/STYLIZED The Alchemist's Workshop - Low Poly 3D Art/Materials/GLOW_RED.mat","Assets/BornToDig/PrefabGallery/GalleryMaterials/GLOW_RED_f408c78e_Transparent.mat","GLOW_RED","Universal Render Pipeline/2D/Mesh2D-Lit-Default","Universal Render Pipeline/Lit"
"gallery_copy_applied","urp_2d_shader_on_3d_renderer","Assets/Daniel Mistage/STYLIZED Low Poly Fantasy Bundle/STYLIZED The Alchemist's Workshop - Low Poly 3D Art/Prefabs/Props/Alchemy Props/Potions/Transparent/Glow/Red/AWS_Potion_Glow_002.prefab","Assets/Daniel Mistage/STYLIZED Low Poly Fantasy Bundle/STYLIZED The Alchemist's Workshop - Low Poly 3D Art/Materials/GLOW_RED.mat","Assets/BornToDig/PrefabGallery/GalleryMaterials/GLOW_RED_f408c78e_Transparent.mat","GLOW_RED","Universal Render Pipeline/2D/Mesh2D-Lit-Default","Universal Render Pipeline/Lit"
"gallery_copy_applied","urp_2d_shader_on_3d_renderer","Assets/Daniel Mistage/STYLIZED Low Poly Fantasy Bundle/STYLIZED The Alchemist's Workshop - Low Poly 3D Art/Prefabs/Props/Alchemy Props/Potions/Transparent/Glow/Red/AWS_Potion_Glow_003.prefab","Assets/Daniel Mistage/STYLIZED Low Poly Fantasy Bundle/STYLIZED The Alchemist's Workshop - Low Poly 3D Art/Materials/GLOW_RED.mat","Assets/BornToDig/PrefabGallery/GalleryMaterials/GLOW_RED_f408c78e_Transparent.mat","GLOW_RED","Universal Render Pipeline/2D/Mesh2D-Lit-Default","Universal Render Pipeline/Lit"
"gallery_copy_applied","urp_2d_shader_on_3d_renderer","Assets/Daniel Mistage/STYLIZED Low Poly Fantasy Bundle/STYLIZED The Alchemist's Workshop - Low Poly 3D Art/Prefabs/Props/Alchemy Props/Potions/Transparent/Glow/Red/AWS_Potion_Glow_004.prefab","Assets/Daniel Mistage/STYLIZED Low Poly Fantasy Bundle/STYLIZED The Alchemist's Workshop - Low Poly 3D Art/Materials/GLOW_RED.mat","Assets/BornToDig/PrefabGallery/GalleryMaterials/GLOW_RED_f408c78e_Transparent.mat","GLOW_RED","Universal Render Pipeline/2D/Mesh2D-Lit-Default","Universal Render Pipeline/Lit"
"gallery_copy_applied","urp_2d_shader_on_3d_renderer","Assets/Daniel Mistage/STYLIZED Low Poly Fantasy Bundle/STYLIZED The Alchemist's Workshop - Low Poly 3D Art/Prefabs/Props/Alchemy Props/Potions/Transparent/Glow/Red/AWS_Potion_Glow_005.prefab","Assets/Daniel Mistage/STYLIZED Low Poly Fantasy Bundle/STYLIZED The Alchemist's Workshop - Low Poly 3D Art/Materials/GLOW_RED.mat","Assets/BornToDig/PrefabGallery/GalleryMaterials/GLOW_RED_f408c78e_Transparent.mat","GLOW_RED","Universal Render Pipeline/2D/Mesh2D-Lit-Default","Universal Render Pipeline/Lit"
"gallery_copy_applied","urp_2d_shader_on_3d_renderer","Assets/Daniel Mistage/STYLIZED Low Poly Fantasy Bundle/STYLIZED The Alchemist's Workshop - Low Poly 3D Art/Prefabs/Props/Alchemy Props/Potions/Transparent/Glow/Red/AWS_Potion_Glow_006.prefab","Assets/Daniel Mistage/STYLIZED Low Poly Fantasy Bundle/STYLIZED The Alchemist's Workshop - Low Poly 3D Art/Materials/GLOW_RED.mat","Assets/BornToDig/PrefabGallery/GalleryMaterials/GLOW_RED_f408c78e_Transparent.mat","GLOW_RED","Universal Render Pipeline/2D/Mesh2D-Lit-Default","Universal Render Pipeline/Lit"
"gallery_copy_applied","urp_2d_shader_on_3d_renderer","Assets/Daniel Mistage/STYLIZED Low Poly Fantasy Bundle/STYLIZED The Alchemist's Workshop - Low Poly 3D Art/Prefabs/Props/Alchemy Props/Potions/Transparent/Glow/Red/AWS_Potion_Glow_007.prefab","Assets/Daniel Mistage/STYLIZED Low Poly Fantasy Bundle/STYLIZED The Alchemist's Workshop - Low Poly 3D Art/Materials/GLOW_RED.mat","Assets/BornToDig/PrefabGallery/GalleryMaterials/GLOW_RED_f408c78e_Transparent.mat","GLOW_RED","Universal Render Pipeline/2D/Mesh2D-Lit-Default","Universal Render Pipeline/Lit"
"gallery_copy_applied","urp_2d_shader_on_3d_renderer","Assets/Daniel Mistage/STYLIZED Low Poly Fantasy Bundle/STYLIZED The Alchemist's Workshop - Low Poly 3D Art/Prefabs/Props/Alchemy Props/Potions/Transparent/Glow/Red/AWS_Potion_Glow_008.prefab","Assets/Daniel Mistage/STYLIZED Low Poly Fantasy Bundle/STYLIZED The Alchemist's Workshop - Low Poly 3D Art/Materials/GLOW_RED.mat","Assets/BornToDig/PrefabGallery/GalleryMaterials/GLOW_RED_f408c78e_Transparent.mat","GLOW_RED","Universal Render Pipeline/2D/Mesh2D-Lit-Default","Universal Render Pipeline/Lit"
"gallery_copy_applied","urp_2d_shader_on_3d_renderer","Assets/Daniel Mistage/STYLIZED Low Poly Fantasy Bundle/STYLIZED The Alchemist's Workshop - Low Poly 3D Art/Prefabs/Props/Alchemy Props/Potions/Transparent/Glow/Red/AWS_Potion_Glow_009.prefab","Assets/Daniel Mistage/STYLIZED Low Poly Fantasy Bundle/STYLIZED The Alchemist's Workshop - Low Poly 3D Art/Materials/GLOW_RED.mat","Assets/BornToDig/PrefabGallery/GalleryMaterials/GLOW_RED_f408c78e_Transparent.mat","GLOW_RED","Universal Render Pipeline/2D/Mesh2D-Lit-Default","Universal Render Pipeline/Lit"
"gallery_copy_applied","urp_2d_shader_on_3d_renderer","Assets/Daniel Mistage/STYLIZED Low Poly Fantasy Bundle/STYLIZED The Alchemist's Workshop - Low Poly 3D Art/Prefabs/Props/Alchemy Props/Potions/Transparent/Glow/Red/AWS_Potion_Glow_010.prefab","Assets/Daniel Mistage/STYLIZED Low Poly Fantasy Bundle/STYLIZED The Alchemist's Workshop - Low Poly 3D Art/Materials/GLOW_RED.mat","Assets/BornToDig/PrefabGallery/GalleryMaterials/GLOW_RED_f408c78e_Transparent.mat","GLOW_RED","Universal Render Pipeline/2D/Mesh2D-Lit-Default","Universal Render Pipeline/Lit"
"gallery_copy_applied","urp_2d_shader_on_3d_renderer","Assets/Daniel Mistage/STYLIZED Low Poly Fantasy Bundle/STYLIZED The Alchemist's Workshop - Low Poly 3D Art/Prefabs/Props/Alchemy Props/Potions/Transparent/Glow/Red/AWS_Potion_Glow_011.prefab","Assets/Daniel Mistage/STYLIZED Low Poly Fantasy Bundle/STYLIZED The Alchemist's Workshop - Low Poly 3D Art/Materials/GLOW_RED.mat","Assets/BornToDig/PrefabGallery/GalleryMaterials/GLOW_RED_f408c78e_Transparent.mat","GLOW_RED","Universal Render Pipeline/2D/Mesh2D-Lit-Default","Universal Render Pipeline/Lit"
"gallery_copy_applied","urp_2d_shader_on_3d_renderer","Assets/Daniel Mistage/STYLIZED Low Poly Fantasy Bundle/STYLIZED The Alchemist's Workshop - Low Poly 3D Art/Prefabs/Props/Alchemy Props/Potions/Transparent/Glow/Red/AWS_Potion_Glow_012 (4).prefab","Assets/Daniel Mistage/STYLIZED Low Poly Fantasy Bundle/STYLIZED The Alchemist's Workshop - Low Poly 3D Art/Materials/GLOW_RED.mat","Assets/BornToDig/PrefabGallery/GalleryMaterials/GLOW_RED_f408c78e_Transparent.mat","GLOW_RED","Universal Render Pipeline/2D/Mesh2D-Lit-Default","Universal Render Pipeline/Lit"
"gallery_copy_applied","urp_2d_shader_on_3d_renderer","Assets/Daniel Mistage/STYLIZED Low Poly Fantasy Bundle/STYLIZED The Alchemist's Workshop - Low Poly 3D Art/Prefabs/Props/Decorative Props/Animals/Crow/AWS_Bird_Stand.prefab","Assets/Daniel Mistage/STYLIZED Low Poly Fantasy Bundle/STYLIZED The Alchemist's Workshop - Low Poly 3D Art/Materials/GLOW_RED.mat","Assets/BornToDig/PrefabGallery/GalleryMaterials/GLOW_RED_f408c78e_Transparent.mat","GLOW_RED","Universal Render Pipeline/2D/Mesh2D-Lit-Default","Universal Render Pipeline/Lit"
"gallery_copy_applied","urp_2d_shader_on_3d_renderer","Assets/Daniel Mistage/STYLIZED Low Poly Fantasy Bundle/STYLIZED The Alchemist's Workshop - Low Poly 3D Art/Prefabs/Props/Decorative Props/Animals/Crow/AWS_Crow - Copy.prefab","Assets/Daniel Mistage/STYLIZED Low Poly Fantasy Bundle/STYLIZED The Alchemist's Workshop - Low Poly 3D Art/Materials/GLOW_RED.mat","Assets/BornToDig/PrefabGallery/GalleryMaterials/GLOW_RED_f408c78e_Transparent.mat","GLOW_RED","Universal Render Pipeline/2D/Mesh2D-Lit-Default","Universal Render Pipeline/Lit"
"gallery_copy_applied","urp_2d_shader_on_3d_renderer","Assets/Daniel Mistage/STYLIZED Low Poly Fantasy Bundle/STYLIZED The Alchemist's Workshop - Low Poly 3D Art/Prefabs/Props/Decorative Props/Cage/AWS_Cage (1).prefab","Assets/Daniel Mistage/STYLIZED Low Poly Fantasy Bundle/STYLIZED The Alchemist's Workshop - Low Poly 3D Art/Materials/GLOW_RED.mat","Assets/BornToDig/PrefabGallery/GalleryMaterials/GLOW_RED_f408c78e_Transparent.mat","GLOW_RED","Universal Render Pipeline/2D/Mesh2D-Lit-Default","Universal Render Pipeline/Lit"
"gallery_copy_applied","urp_2d_shader_on_3d_renderer","Assets/Daniel Mistage/STYLIZED Low Poly Fantasy Bundle/STYLIZED The Alchemist's Workshop - Low Poly 3D Art/Prefabs/Props/Decorative Props/Cage/AWS_Cage_Stand (1).prefab","Assets/Daniel Mistage/STYLIZED Low Poly Fantasy Bundle/STYLIZED The Alchemist's Workshop - Low Poly 3D Art/Materials/GLOW_RED.mat","Assets/BornToDig/PrefabGallery/GalleryMaterials/GLOW_RED_f408c78e_Transparent.mat","GLOW_RED","Universal Render Pipeline/2D/Mesh2D-Lit-Default","Universal Render Pipeline/Lit"
"gallery_copy_applied","urp_2d_shader_on_3d_renderer","Assets/Daniel Mistage/STYLIZED Low Poly Fantasy Bundle/STYLIZED The Alchemist's Workshop - Low Poly 3D Art/Prefabs/Props/Decorative Props/Scene Prefabs/Scene_Prefab_10.prefab","Assets/Daniel Mistage/STYLIZED Low Poly Fantasy Bundle/STYLIZED The Alchemist's Workshop - Low Poly 3D Art/Materials/GLOW_RED.mat","Assets/BornToDig/PrefabGallery/GalleryMaterials/GLOW_RED_f408c78e_Transparent.mat","GLOW_RED","Universal Render Pipeline/2D/Mesh2D-Lit-Default","Universal Render Pipeline/Lit"
"gallery_copy_applied","urp_2d_shader_on_3d_renderer","Assets/Daniel Mistage/STYLIZED Low Poly Fantasy Bundle/STYLIZED The Alchemist's Workshop - Low Poly 3D Art/Prefabs/Props/Decorative Props/Scene Prefabs/Scene_Prefab_11.prefab","Assets/Daniel Mistage/STYLIZED Low Poly Fantasy Bundle/STYLIZED The Alchemist's Workshop - Low Poly 3D Art/Materials/GLOW_RED.mat","Assets/BornToDig/PrefabGallery/GalleryMaterials/GLOW_RED_f408c78e_Transparent.mat","GLOW_RED","Universal Render Pipeline/2D/Mesh2D-Lit-Default","Universal Render Pipeline/Lit"
"gallery_copy_applied","urp_2d_shader_on_3d_renderer","Assets/Daniel Mistage/STYLIZED Low Poly Fantasy Bundle/STYLIZED The Alchemist's Workshop - Low Poly 3D Art/Prefabs/Props/Decorative Props/Scene Prefabs/Scene_Prefab_11.prefab","Assets/Daniel Mistage/STYLIZED Low Poly Fantasy Bundle/STYLIZED The Alchemist's Workshop - Low Poly 3D Art/Materials/GLOW_RED.mat","Assets/BornToDig/PrefabGallery/GalleryMaterials/GLOW_RED_f408c78e_Transparent.mat","GLOW_RED","Universal Render Pipeline/2D/Mesh2D-Lit-Default","Universal Render Pipeline/Lit"
"gallery_copy_applied","urp_2d_shader_on_3d_renderer","Assets/Daniel Mistage/STYLIZED Low Poly Fantasy Bundle/STYLIZED The Alchemist's Workshop - Low Poly 3D Art/Prefabs/Props/Decorative Props/Scene Prefabs/Scene_Prefab_16.prefab","Assets/Daniel Mistage/STYLIZED Low Poly Fantasy Bundle/STYLIZED The Alchemist's Workshop - Low Poly 3D Art/Materials/GLOW_RED.mat","Assets/BornToDig/PrefabGallery/GalleryMaterials/GLOW_RED_f408c78e_Transparent.mat","GLOW_RED","Universal Render Pipeline/2D/Mesh2D-Lit-Default","Universal Render Pipeline/Lit"
"gallery_copy_applied","urp_2d_shader_on_3d_renderer","Assets/Daniel Mistage/STYLIZED Low Poly Fantasy Bundle/STYLIZED The Alchemist's Workshop - Low Poly 3D Art/Prefabs/Props/Decorative Props/Scene Prefabs/Scene_Prefab_2.prefab","Assets/Daniel Mistage/STYLIZED Low Poly Fantasy Bundle/STYLIZED The Alchemist's Workshop - Low Poly 3D Art/Materials/GLOW_RED.mat","Assets/BornToDig/PrefabGallery/GalleryMaterials/GLOW_RED_f408c78e_Transparent.mat","GLOW_RED","Universal Render Pipeline/2D/Mesh2D-Lit-Default","Universal Render Pipeline/Lit"
"gallery_copy_applied","urp_2d_shader_on_3d_renderer","Assets/Daniel Mistage/STYLIZED Low Poly Fantasy Bundle/STYLIZED The Alchemist's Workshop - Low Poly 3D Art/Prefabs/Props/Decorative Props/Scene Prefabs/Scene_Prefab_2.prefab","Assets/Daniel Mistage/STYLIZED Low Poly Fantasy Bundle/STYLIZED The Alchemist's Workshop - Low Poly 3D Art/Materials/GLOW_RED.mat","Assets/BornToDig/PrefabGallery/GalleryMaterials/GLOW_RED_f408c78e_Transparent.mat","GLOW_RED","Universal Render Pipeline/2D/Mesh2D-Lit-Default","Universal Render Pipeline/Lit"
"gallery_copy_applied","urp_2d_shader_on_3d_renderer","Assets/Daniel Mistage/STYLIZED Low Poly Fantasy Bundle/STYLIZED The Alchemist's Workshop - Low Poly 3D Art/Prefabs/Props/Decorative Props/Scene Prefabs/Scene_Prefab_5.prefab","Assets/Daniel Mistage/STYLIZED Low Poly Fantasy Bundle/STYLIZED The Alchemist's Workshop - Low Poly 3D Art/Materials/GLOW_RED.mat","Assets/BornToDig/PrefabGallery/GalleryMaterials/GLOW_RED_f408c78e_Transparent.mat","GLOW_RED","Universal Render Pipeline/2D/Mesh2D-Lit-Default","Universal Render Pipeline/Lit"
"gallery_copy_applied","urp_2d_shader_on_3d_renderer","Assets/Daniel Mistage/STYLIZED Low Poly Fantasy Bundle/STYLIZED The Alchemist's Workshop - Low Poly 3D Art/Prefabs/Props/Decorative Props/Scene Prefabs/Scene_Prefab_5.prefab","Assets/Daniel Mistage/STYLIZED Low Poly Fantasy Bundle/STYLIZED The Alchemist's Workshop - Low Poly 3D Art/Materials/GLOW_RED.mat","Assets/BornToDig/PrefabGallery/GalleryMaterials/GLOW_RED_f408c78e_Transparent.mat","GLOW_RED","Universal Render Pipeline/2D/Mesh2D-Lit-Default","Universal Render Pipeline/Lit"
"gallery_copy_applied","urp_2d_shader_on_3d_renderer","Assets/Daniel Mistage/STYLIZED Low Poly Fantasy Bundle/STYLIZED The Alchemist's Workshop - Low Poly 3D Art/Prefabs/Props/Decorative Props/Scene Prefabs/Scene_Prefab_5.prefab","Assets/Daniel Mistage/STYLIZED Low Poly Fantasy Bundle/STYLIZED The Alchemist's Workshop - Low Poly 3D Art/Materials/GLOW_RED.mat","Assets/BornToDig/PrefabGallery/GalleryMaterials/GLOW_RED_f408c78e_Transparent.mat","GLOW_RED","Universal Render Pipeline/2D/Mesh2D-Lit-Default","Universal Render Pipeline/Lit"
"gallery_copy_applied","urp_2d_shader_on_3d_renderer","Assets/Daniel Mistage/STYLIZED Low Poly Fantasy Bundle/STYLIZED The Alchemist's Workshop - Low Poly 3D Art/Prefabs/Props/Decorative Props/Scene Prefabs/Scene_Prefab_6.prefab","Assets/Daniel Mistage/STYLIZED Low Poly Fantasy Bundle/STYLIZED The Alchemist's Workshop - Low Poly 3D Art/Materials/GLOW_RED.mat","Assets/BornToDig/PrefabGallery/GalleryMaterials/GLOW_RED_f408c78e_Transparent.mat","GLOW_RED","Universal Render Pipeline/2D/Mesh2D-Lit-Default","Universal Render Pipeline/Lit"
"gallery_copy_applied","urp_2d_shader_on_3d_renderer","Assets/Daniel Mistage/STYLIZED Low Poly Fantasy Bundle/STYLIZED The Alchemist's Workshop - Low Poly 3D Art/Prefabs/Props/Decorative Props/Scene Prefabs/Scene_Prefab_8.prefab","Assets/Daniel Mistage/STYLIZED Low Poly Fantasy Bundle/STYLIZED The Alchemist's Workshop - Low Poly 3D Art/Materials/GLOW_RED.mat","Assets/BornToDig/PrefabGallery/GalleryMaterials/GLOW_RED_f408c78e_Transparent.mat","GLOW_RED","Universal Render Pipeline/2D/Mesh2D-Lit-Default","Universal Render Pipeline/Lit"
"gallery_copy_applied","urp_2d_shader_on_3d_renderer","Assets/Daniel Mistage/STYLIZED Low Poly Fantasy Bundle/STYLIZED The Alchemist's Workshop - Low Poly 3D Art/Prefabs/Props/Decorative Props/Scene Prefabs/Scene_Prefab_8.prefab","Assets/Daniel Mistage/STYLIZED Low Poly Fantasy Bundle/STYLIZED The Alchemist's Workshop - Low Poly 3D Art/Materials/GLOW_RED.mat","Assets/BornToDig/PrefabGallery/GalleryMaterials/GLOW_RED_f408c78e_Transparent.mat","GLOW_RED","Universal Render Pipeline/2D/Mesh2D-Lit-Default","Universal Render Pipeline/Lit"
"gallery_copy_applied","urp_2d_shader_on_3d_renderer","Assets/Daniel Mistage/STYLIZED Low Poly Fantasy Bundle/STYLIZED The Alchemist's Workshop - Low Poly 3D Art/Prefabs/Props/Decorative Props/Scene Prefabs/Scene_Prefab_8.prefab","Assets/Daniel Mistage/STYLIZED Low Poly Fantasy Bundle/STYLIZED The Alchemist's Workshop - Low Poly 3D Art/Materials/GLOW_RED.mat","Assets/BornToDig/PrefabGallery/GalleryMaterials/GLOW_RED_f408c78e_Transparent.mat","GLOW_RED","Universal Render Pipeline/2D/Mesh2D-Lit-Default","Universal Render Pipeline/Lit"
"gallery_copy_applied","built_in_shader","Assets/PurePoly/Mining_Pack/Prefabs/FX/Campfire/FX_Campfire_01.prefab","Assets/PurePoly/Mining_Pack/Materials/FX_Materials/PP_FX_Fog.mat","Assets/BornToDig/PrefabGallery/GalleryMaterials/PP_FX_Fog_1a262cbd_Particle_Transparent.mat","PP_FX_Fog","Mobile/Particles/Alpha Blended","Universal Render Pipeline/Particles/Unlit"
"gallery_copy_applied","built_in_shader","Assets/PurePoly/Mining_Pack/Prefabs/FX/Campfire/FX_Campfire_02.prefab","Assets/PurePoly/Mining_Pack/Materials/FX_Materials/PP_FX_Fog.mat","Assets/BornToDig/PrefabGallery/GalleryMaterials/PP_FX_Fog_1a262cbd_Particle_Transparent.mat","PP_FX_Fog","Mobile/Particles/Alpha Blended","Universal Render Pipeline/Particles/Unlit"
"gallery_copy_applied","built_in_shader","Assets/PurePoly/Mining_Pack/Prefabs/FX/Campfire/FX_Campfire_03.prefab","Assets/PurePoly/Mining_Pack/Materials/FX_Materials/PP_FX_Fog.mat","Assets/BornToDig/PrefabGallery/GalleryMaterials/PP_FX_Fog_1a262cbd_Particle_Transparent.mat","PP_FX_Fog","Mobile/Particles/Alpha Blended","Universal Render Pipeline/Particles/Unlit"
"gallery_copy_applied","built_in_shader","Assets/PurePoly/Mining_Pack/Prefabs/FX/Campfire/FX_Campfire_05.prefab","Assets/PurePoly/Mining_Pack/Materials/FX_Materials/PP_FX_Fog.mat","Assets/BornToDig/PrefabGallery/GalleryMaterials/PP_FX_Fog_1a262cbd_Particle_Transparent.mat","PP_FX_Fog","Mobile/Particles/Alpha Blended","Universal Render Pipeline/Particles/Unlit"
"gallery_copy_applied","built_in_shader","Assets/PurePoly/Mining_Pack/Prefabs/FX/Fog/FX_Fog_01.prefab","Assets/PurePoly/Mining_Pack/Materials/FX_Materials/PP_FX_Fog.mat","Assets/BornToDig/PrefabGallery/GalleryMaterials/PP_FX_Fog_1a262cbd_Particle_Transparent.mat","PP_FX_Fog","Mobile/Particles/Alpha Blended","Universal Render Pipeline/Particles/Unlit"
"gallery_copy_applied","built_in_shader","Assets/PurePoly/Mining_Pack/Prefabs/FX/Fog/FX_Fog_02.prefab","Assets/PurePoly/Mining_Pack/Materials/FX_Materials/PP_FX_Fog.mat","Assets/BornToDig/PrefabGallery/GalleryMaterials/PP_FX_Fog_1a262cbd_Particle_Transparent.mat","PP_FX_Fog","Mobile/Particles/Alpha Blended","Universal Render Pipeline/Particles/Unlit"
"gallery_copy_applied","built_in_shader","Assets/PurePoly/Mining_Pack/Prefabs/FX/Fog/FX_Fog_03.prefab","Assets/PurePoly/Mining_Pack/Materials/FX_Materials/PP_FX_Fog.mat","Assets/BornToDig/PrefabGallery/GalleryMaterials/PP_FX_Fog_1a262cbd_Particle_Transparent.mat","PP_FX_Fog","Mobile/Particles/Alpha Blended","Universal Render Pipeline/Particles/Unlit"
"gallery_copy_applied","built_in_shader","Assets/PurePoly/Mining_Pack/Prefabs/FX/Fog/FX_Fog_04.prefab","Assets/PurePoly/Mining_Pack/Materials/FX_Materials/PP_FX_Fog.mat","Assets/BornToDig/PrefabGallery/GalleryMaterials/PP_FX_Fog_1a262cbd_Particle_Transparent.mat","PP_FX_Fog","Mobile/Particles/Alpha Blended","Universal Render Pipeline/Particles/Unlit"
"gallery_copy_applied","built_in_shader","Assets/PurePoly/Mining_Pack/Prefabs/FX/Fog/FX_Fog_05.prefab","Assets/PurePoly/Mining_Pack/Materials/FX_Materials/PP_FX_Fog.mat","Assets/BornToDig/PrefabGallery/GalleryMaterials/PP_FX_Fog_1a262cbd_Particle_Transparent.mat","PP_FX_Fog","Mobile/Particles/Alpha Blended","Universal Render Pipeline/Particles/Unlit"
"gallery_copy_applied","built_in_shader","Assets/PurePoly/Mining_Pack/Prefabs/FX/Fog/FX_Fog_06.prefab","Assets/PurePoly/Mining_Pack/Materials/FX_Materials/PP_FX_Fog.mat","Assets/BornToDig/PrefabGallery/GalleryMaterials/PP_FX_Fog_1a262cbd_Particle_Transparent.mat","PP_FX_Fog","Mobile/Particles/Alpha Blended","Universal Render Pipeline/Particles/Unlit"
"gallery_copy_applied","built_in_shader","Assets/PurePoly/Mining_Pack/Prefabs/FX/Fog/FX_Fog_07.prefab","Assets/PurePoly/Mining_Pack/Materials/FX_Materials/PP_FX_Fog.mat","Assets/BornToDig/PrefabGallery/GalleryMaterials/PP_FX_Fog_1a262cbd_Particle_Transparent.mat","PP_FX_Fog","Mobile/Particles/Alpha Blended","Universal Render Pipeline/Particles/Unlit"
"gallery_copy_applied","built_in_shader","Assets/PurePoly/Mining_Pack/Prefabs/FX/Fog/FX_Fog_Big_02.prefab","Assets/PurePoly/Mining_Pack/Materials/FX_Materials/PP_FX_Fog.mat","Assets/BornToDig/PrefabGallery/GalleryMaterials/PP_FX_Fog_1a262cbd_Particle_Transparent.mat","PP_FX_Fog","Mobile/Particles/Alpha Blended","Universal Render Pipeline/Particles/Unlit"
"gallery_copy_applied","built_in_shader","Assets/PurePoly/Mining_Pack/Prefabs/FX/Fog/FX_Fog_Big_03.prefab","Assets/PurePoly/Mining_Pack/Materials/FX_Materials/PP_FX_Fog.mat","Assets/BornToDig/PrefabGallery/GalleryMaterials/PP_FX_Fog_1a262cbd_Particle_Transparent.mat","PP_FX_Fog","Mobile/Particles/Alpha Blended","Universal Render Pipeline/Particles/Unlit"
"gallery_copy_applied","built_in_shader","Assets/PurePoly/Mining_Pack/Prefabs/FX/Fog/FX_Fog_Big_04.prefab","Assets/PurePoly/Mining_Pack/Materials/FX_Materials/PP_FX_Fog.mat","Assets/BornToDig/PrefabGallery/GalleryMaterials/PP_FX_Fog_1a262cbd_Particle_Transparent.mat","PP_FX_Fog","Mobile/Particles/Alpha Blended","Universal Render Pipeline/Particles/Unlit"
"gallery_copy_applied","built_in_shader","Assets/PurePoly/Mining_Pack/Prefabs/FX/Mystic/FX_Magic_Fire_01.prefab","Assets/PurePoly/Mining_Pack/Materials/FX_Materials/PP_FX_Fog.mat","Assets/BornToDig/PrefabGallery/GalleryMaterials/PP_FX_Fog_1a262cbd_Particle_Transparent.mat","PP_FX_Fog","Mobile/Particles/Alpha Blended","Universal Render Pipeline/Particles/Unlit"
"gallery_copy_applied","built_in_shader","Assets/PurePoly/Mining_Pack/Prefabs/FX/Mystic/FX_Magic_Fire_01.prefab","Assets/PurePoly/Mining_Pack/Materials/FX_Materials/PP_FX_Fog.mat","Assets/BornToDig/PrefabGallery/GalleryMaterials/PP_FX_Fog_1a262cbd_Particle_Transparent.mat","PP_FX_Fog","Mobile/Particles/Alpha Blended","Universal Render Pipeline/Particles/Unlit"
"gallery_copy_applied","built_in_shader","Assets/PurePoly/Mining_Pack/Prefabs/FX/Smoke/FX_Smoke_01.prefab","Assets/PurePoly/Mining_Pack/Materials/FX_Materials/PP_FX_Fog.mat","Assets/BornToDig/PrefabGallery/GalleryMaterials/PP_FX_Fog_1a262cbd_Particle_Transparent.mat","PP_FX_Fog","Mobile/Particles/Alpha Blended","Universal Render Pipeline/Particles/Unlit"
"gallery_copy_applied","built_in_shader","Assets/PurePoly/Mining_Pack/Prefabs/FX/Smoke/FX_Smoke_02.prefab","Assets/PurePoly/Mining_Pack/Materials/FX_Materials/PP_FX_Fog.mat","Assets/BornToDig/PrefabGallery/GalleryMaterials/PP_FX_Fog_1a262cbd_Particle_Transparent.mat","PP_FX_Fog","Mobile/Particles/Alpha Blended","Universal Render Pipeline/Particles/Unlit"
"gallery_copy_applied","built_in_shader","Assets/PurePoly/Mining_Pack/Prefabs/FX/Smoke/FX_Smoke_05.prefab","Assets/PurePoly/Mining_Pack/Materials/FX_Materials/PP_FX_Fog.mat","Assets/BornToDig/PrefabGallery/GalleryMaterials/PP_FX_Fog_1a262cbd_Particle_Transparent.mat","PP_FX_Fog","Mobile/Particles/Alpha Blended","Universal Render Pipeline/Particles/Unlit"
"gallery_copy_applied","built_in_shader","Assets/PurePoly/Mining_Pack/Prefabs/FX/Mystic/FX_Mystic_Shine_01.prefab","Assets/PurePoly/Mining_Pack/Materials/FX_Materials/PP_FX_Fog_Lines.mat","Assets/BornToDig/PrefabGallery/GalleryMaterials/PP_FX_Fog_Lines_7391225c_Particle_Transparent.mat","PP_FX_Fog_Lines","Mobile/Particles/Alpha Blended","Universal Render Pipeline/Particles/Unlit"
"gallery_copy_applied","built_in_shader","Assets/PurePoly/Mining_Pack/Prefabs/FX/Campfire/FX_Campfire_02.prefab","Assets/PurePoly/Mining_Pack/Materials/FX_Materials/PP_FX_Smoke.mat","Assets/BornToDig/PrefabGallery/GalleryMaterials/PP_FX_Smoke_0f6fc03f_Particle_Transparent.mat","PP_FX_Smoke","Mobile/Particles/Alpha Blended","Universal Render Pipeline/Particles/Unlit"
"gallery_copy_applied","built_in_shader","Assets/PurePoly/Mining_Pack/Prefabs/FX/Campfire/FX_Campfire_04.prefab","Assets/PurePoly/Mining_Pack/Materials/FX_Materials/PP_FX_Smoke.mat","Assets/BornToDig/PrefabGallery/GalleryMaterials/PP_FX_Smoke_0f6fc03f_Particle_Transparent.mat","PP_FX_Smoke","Mobile/Particles/Alpha Blended","Universal Render Pipeline/Particles/Unlit"
"gallery_copy_applied","built_in_shader","Assets/PurePoly/Mining_Pack/Prefabs/FX/Campfire/FX_Campfire_05.prefab","Assets/PurePoly/Mining_Pack/Materials/FX_Materials/PP_FX_Smoke.mat","Assets/BornToDig/PrefabGallery/GalleryMaterials/PP_FX_Smoke_0f6fc03f_Particle_Transparent.mat","PP_FX_Smoke","Mobile/Particles/Alpha Blended","Universal Render Pipeline/Particles/Unlit"
"gallery_copy_applied","built_in_shader","Assets/PurePoly/Mining_Pack/Prefabs/FX/Candle Light/FX_Candle_Light_01.prefab","Assets/PurePoly/Mining_Pack/Materials/FX_Materials/PP_FX_Smoke.mat","Assets/BornToDig/PrefabGallery/GalleryMaterials/PP_FX_Smoke_0f6fc03f_Particle_Transparent.mat","PP_FX_Smoke","Mobile/Particles/Alpha Blended","Universal Render Pipeline/Particles/Unlit"
"gallery_copy_applied","built_in_shader","Assets/PurePoly/Mining_Pack/Prefabs/FX/Candle Light/FX_Candle_Light_02.prefab","Assets/PurePoly/Mining_Pack/Materials/FX_Materials/PP_FX_Smoke.mat","Assets/BornToDig/PrefabGallery/GalleryMaterials/PP_FX_Smoke_0f6fc03f_Particle_Transparent.mat","PP_FX_Smoke","Mobile/Particles/Alpha Blended","Universal Render Pipeline/Particles/Unlit"
"gallery_copy_applied","built_in_shader","Assets/PurePoly/Mining_Pack/Prefabs/FX/Candle Light/FX_Candle_Light_02.prefab","Assets/PurePoly/Mining_Pack/Materials/FX_Materials/PP_FX_Smoke.mat","Assets/BornToDig/PrefabGallery/GalleryMaterials/PP_FX_Smoke_0f6fc03f_Particle_Transparent.mat","PP_FX_Smoke","Mobile/Particles/Alpha Blended","Universal Render Pipeline/Particles/Unlit"
"gallery_copy_applied","built_in_shader","Assets/PurePoly/Mining_Pack/Prefabs/FX/Fog/FX_Fog_Big_01.prefab","Assets/PurePoly/Mining_Pack/Materials/FX_Materials/PP_FX_Smoke.mat","Assets/BornToDig/PrefabGallery/GalleryMaterials/PP_FX_Smoke_0f6fc03f_Particle_Transparent.mat","PP_FX_Smoke","Mobile/Particles/Alpha Blended","Universal Render Pipeline/Particles/Unlit"
"gallery_copy_applied","built_in_shader","Assets/PurePoly/Mining_Pack/Prefabs/FX/Glow/FX_Glow_01.prefab","Assets/PurePoly/Mining_Pack/Materials/FX_Materials/PP_FX_Smoke.mat","Assets/BornToDig/PrefabGallery/GalleryMaterials/PP_FX_Smoke_0f6fc03f_Particle_Transparent.mat","PP_FX_Smoke","Mobile/Particles/Alpha Blended","Universal Render Pipeline/Particles/Unlit"
"gallery_copy_applied","built_in_shader","Assets/PurePoly/Mining_Pack/Prefabs/FX/Glow/FX_Glow_02.prefab","Assets/PurePoly/Mining_Pack/Materials/FX_Materials/PP_FX_Smoke.mat","Assets/BornToDig/PrefabGallery/GalleryMaterials/PP_FX_Smoke_0f6fc03f_Particle_Transparent.mat","PP_FX_Smoke","Mobile/Particles/Alpha Blended","Universal Render Pipeline/Particles/Unlit"
"gallery_copy_applied","built_in_shader","Assets/PurePoly/Mining_Pack/Prefabs/FX/Glow/FX_Glow_03.prefab","Assets/PurePoly/Mining_Pack/Materials/FX_Materials/PP_FX_Smoke.mat","Assets/BornToDig/PrefabGallery/GalleryMaterials/PP_FX_Smoke_0f6fc03f_Particle_Transparent.mat","PP_FX_Smoke","Mobile/Particles/Alpha Blended","Universal Render Pipeline/Particles/Unlit"
"gallery_copy_applied","built_in_shader","Assets/PurePoly/Mining_Pack/Prefabs/FX/Glow/FX_Glow_04.prefab","Assets/PurePoly/Mining_Pack/Materials/FX_Materials/PP_FX_Smoke.mat","Assets/BornToDig/PrefabGallery/GalleryMaterials/PP_FX_Smoke_0f6fc03f_Particle_Transparent.mat","PP_FX_Smoke","Mobile/Particles/Alpha Blended","Universal Render Pipeline/Particles/Unlit"
"gallery_copy_applied","built_in_shader","Assets/PurePoly/Mining_Pack/Prefabs/FX/Mystic/FX_Mystic Ring_01.prefab","Assets/PurePoly/Mining_Pack/Materials/FX_Materials/PP_FX_Smoke.mat","Assets/BornToDig/PrefabGallery/GalleryMaterials/PP_FX_Smoke_0f6fc03f_Particle_Transparent.mat","PP_FX_Smoke","Mobile/Particles/Alpha Blended","Universal Render Pipeline/Particles/Unlit"
"gallery_copy_applied","built_in_shader","Assets/PurePoly/Mining_Pack/Prefabs/FX/Mystic/FX_Mystic Ring_02.prefab","Assets/PurePoly/Mining_Pack/Materials/FX_Materials/PP_FX_Smoke.mat","Assets/BornToDig/PrefabGallery/GalleryMaterials/PP_FX_Smoke_0f6fc03f_Particle_Transparent.mat","PP_FX_Smoke","Mobile/Particles/Alpha Blended","Universal Render Pipeline/Particles/Unlit"
"gallery_copy_applied","built_in_shader","Assets/PurePoly/Mining_Pack/Prefabs/FX/Mystic/FX_Mystic Ring_Large_01.prefab","Assets/PurePoly/Mining_Pack/Materials/FX_Materials/PP_FX_Smoke.mat","Assets/BornToDig/PrefabGallery/GalleryMaterials/PP_FX_Smoke_0f6fc03f_Particle_Transparent.mat","PP_FX_Smoke","Mobile/Particles/Alpha Blended","Universal Render Pipeline/Particles/Unlit"
"gallery_copy_applied","built_in_shader","Assets/PurePoly/Mining_Pack/Prefabs/FX/Mystic/FX_Mystic Ring_Large_02.prefab","Assets/PurePoly/Mining_Pack/Materials/FX_Materials/PP_FX_Smoke.mat","Assets/BornToDig/PrefabGallery/GalleryMaterials/PP_FX_Smoke_0f6fc03f_Particle_Transparent.mat","PP_FX_Smoke","Mobile/Particles/Alpha Blended","Universal Render Pipeline/Particles/Unlit"
"gallery_copy_applied","built_in_shader","Assets/PurePoly/Mining_Pack/Prefabs/FX/Mystic/FX_Mystic Ring_Large_03.prefab","Assets/PurePoly/Mining_Pack/Materials/FX_Materials/PP_FX_Smoke.mat","Assets/BornToDig/PrefabGallery/GalleryMaterials/PP_FX_Smoke_0f6fc03f_Particle_Transparent.mat","PP_FX_Smoke","Mobile/Particles/Alpha Blended","Universal Render Pipeline/Particles/Unlit"
"gallery_copy_applied","built_in_shader","Assets/PurePoly/Mining_Pack/Prefabs/FX/Smoke/FX_Smoke_03.prefab","Assets/PurePoly/Mining_Pack/Materials/FX_Materials/PP_FX_Smoke.mat","Assets/BornToDig/PrefabGallery/GalleryMaterials/PP_FX_Smoke_0f6fc03f_Particle_Transparent.mat","PP_FX_Smoke","Mobile/Particles/Alpha Blended","Universal Render Pipeline/Particles/Unlit"
"gallery_copy_applied","built_in_shader","Assets/PurePoly/Mining_Pack/Prefabs/FX/Smoke/FX_Smoke_04.prefab","Assets/PurePoly/Mining_Pack/Materials/FX_Materials/PP_FX_Smoke.mat","Assets/BornToDig/PrefabGallery/GalleryMaterials/PP_FX_Smoke_0f6fc03f_Particle_Transparent.mat","PP_FX_Smoke","Mobile/Particles/Alpha Blended","Universal Render Pipeline/Particles/Unlit"
"gallery_copy_applied","built_in_shader","Assets/PurePoly/Mining_Pack/Prefabs/FX/Campfire/FX_Campfire_01.prefab","Assets/PurePoly/Mining_Pack/Materials/FX_Materials/PP_FX_Standard.mat","Assets/BornToDig/PrefabGallery/GalleryMaterials/PP_FX_Standard_fd3c8a48_Particle_Transparent.mat","PP_FX_Standard","Mobile/Particles/Alpha Blended","Universal Render Pipeline/Particles/Unlit"
"gallery_copy_applied","built_in_shader","Assets/PurePoly/Mining_Pack/Prefabs/FX/Campfire/FX_Campfire_01.prefab","Assets/PurePoly/Mining_Pack/Materials/FX_Materials/PP_FX_Standard.mat","Assets/BornToDig/PrefabGallery/GalleryMaterials/PP_FX_Standard_fd3c8a48_Particle_Transparent.mat","PP_FX_Standard","Mobile/Particles/Alpha Blended","Universal Render Pipeline/Particles/Unlit"
"gallery_copy_applied","built_in_shader","Assets/PurePoly/Mining_Pack/Prefabs/FX/Campfire/FX_Campfire_02.prefab","Assets/PurePoly/Mining_Pack/Materials/FX_Materials/PP_FX_Standard.mat","Assets/BornToDig/PrefabGallery/GalleryMaterials/PP_FX_Standard_fd3c8a48_Particle_Transparent.mat","PP_FX_Standard","Mobile/Particles/Alpha Blended","Universal Render Pipeline/Particles/Unlit"
"gallery_copy_applied","built_in_shader","Assets/PurePoly/Mining_Pack/Prefabs/FX/Campfire/FX_Campfire_03.prefab","Assets/PurePoly/Mining_Pack/Materials/FX_Materials/PP_FX_Standard.mat","Assets/BornToDig/PrefabGallery/GalleryMaterials/PP_FX_Standard_fd3c8a48_Particle_Transparent.mat","PP_FX_Standard","Mobile/Particles/Alpha Blended","Universal Render Pipeline/Particles/Unlit"
"gallery_copy_applied","built_in_shader","Assets/PurePoly/Mining_Pack/Prefabs/FX/Campfire/FX_Campfire_03.prefab","Assets/PurePoly/Mining_Pack/Materials/FX_Materials/PP_FX_Standard.mat","Assets/BornToDig/PrefabGallery/GalleryMaterials/PP_FX_Standard_fd3c8a48_Particle_Transparent.mat","PP_FX_Standard","Mobile/Particles/Alpha Blended","Universal Render Pipeline/Particles/Unlit"
"gallery_copy_applied","built_in_shader","Assets/PurePoly/Mining_Pack/Prefabs/FX/Campfire/FX_Campfire_04.prefab","Assets/PurePoly/Mining_Pack/Materials/FX_Materials/PP_FX_Standard.mat","Assets/BornToDig/PrefabGallery/GalleryMaterials/PP_FX_Standard_fd3c8a48_Particle_Transparent.mat","PP_FX_Standard","Mobile/Particles/Alpha Blended","Universal Render Pipeline/Particles/Unlit"
"gallery_copy_applied","built_in_shader","Assets/PurePoly/Mining_Pack/Prefabs/FX/Campfire/FX_Campfire_04.prefab","Assets/PurePoly/Mining_Pack/Materials/FX_Materials/PP_FX_Standard.mat","Assets/BornToDig/PrefabGallery/GalleryMaterials/PP_FX_Standard_fd3c8a48_Particle_Transparent.mat","PP_FX_Standard","Mobile/Particles/Alpha Blended","Universal Render Pipeline/Particles/Unlit"
"gallery_copy_applied","built_in_shader","Assets/PurePoly/Mining_Pack/Prefabs/FX/Campfire/FX_Campfire_05.prefab","Assets/PurePoly/Mining_Pack/Materials/FX_Materials/PP_FX_Standard.mat","Assets/BornToDig/PrefabGallery/GalleryMaterials/PP_FX_Standard_fd3c8a48_Particle_Transparent.mat","PP_FX_Standard","Mobile/Particles/Alpha Blended","Universal Render Pipeline/Particles/Unlit"
"gallery_copy_applied","built_in_shader","Assets/PurePoly/Mining_Pack/Prefabs/FX/Fire/FX_Fire_Big_01.prefab","Assets/PurePoly/Mining_Pack/Materials/FX_Materials/PP_FX_Standard.mat","Assets/BornToDig/PrefabGallery/GalleryMaterials/PP_FX_Standard_fd3c8a48_Particle_Transparent.mat","PP_FX_Standard","Mobile/Particles/Alpha Blended","Universal Render Pipeline/Particles/Unlit"
"gallery_copy_applied","built_in_shader","Assets/PurePoly/Mining_Pack/Prefabs/FX/Fire/FX_Fire_Big_01.prefab","Assets/PurePoly/Mining_Pack/Materials/FX_Materials/PP_FX_Standard.mat","Assets/BornToDig/PrefabGallery/GalleryMaterials/PP_FX_Standard_fd3c8a48_Particle_Transparent.mat","PP_FX_Standard","Mobile/Particles/Alpha Blended","Universal Render Pipeline/Particles/Unlit"
"gallery_copy_applied","built_in_shader","Assets/PurePoly/Mining_Pack/Prefabs/FX/Fire/FX_Fire_Big_02.prefab","Assets/PurePoly/Mining_Pack/Materials/FX_Materials/PP_FX_Standard.mat","Assets/BornToDig/PrefabGallery/GalleryMaterials/PP_FX_Standard_fd3c8a48_Particle_Transparent.mat","PP_FX_Standard","Mobile/Particles/Alpha Blended","Universal Render Pipeline/Particles/Unlit"
"gallery_copy_applied","built_in_shader","Assets/PurePoly/Mining_Pack/Prefabs/FX/Fire/FX_Fire_Big_02.prefab","Assets/PurePoly/Mining_Pack/Materials/FX_Materials/PP_FX_Standard.mat","Assets/BornToDig/PrefabGallery/GalleryMaterials/PP_FX_Standard_fd3c8a48_Particle_Transparent.mat","PP_FX_Standard","Mobile/Particles/Alpha Blended","Universal Render Pipeline/Particles/Unlit"
"gallery_copy_applied","built_in_shader","Assets/PurePoly/Mining_Pack/Prefabs/FX/Fire/FX_Fire_Big_03.prefab","Assets/PurePoly/Mining_Pack/Materials/FX_Materials/PP_FX_Standard.mat","Assets/BornToDig/PrefabGallery/GalleryMaterials/PP_FX_Standard_fd3c8a48_Particle_Transparent.mat","PP_FX_Standard","Mobile/Particles/Alpha Blended","Universal Render Pipeline/Particles/Unlit"
"gallery_copy_applied","built_in_shader","Assets/PurePoly/Mining_Pack/Prefabs/FX/Fire/FX_Fire_Big_03.prefab","Assets/PurePoly/Mining_Pack/Materials/FX_Materials/PP_FX_Standard.mat","Assets/BornToDig/PrefabGallery/GalleryMaterials/PP_FX_Standard_fd3c8a48_Particle_Transparent.mat","PP_FX_Standard","Mobile/Particles/Alpha Blended","Universal Render Pipeline/Particles/Unlit"
"gallery_copy_applied","built_in_shader","Assets/PurePoly/Mining_Pack/Prefabs/FX/Fire/FX_Fire_Torch_01.prefab","Assets/PurePoly/Mining_Pack/Materials/FX_Materials/PP_FX_Standard.mat","Assets/BornToDig/PrefabGallery/GalleryMaterials/PP_FX_Standard_fd3c8a48_Particle_Transparent.mat","PP_FX_Standard","Mobile/Particles/Alpha Blended","Universal Render Pipeline/Particles/Unlit"
"gallery_copy_applied","built_in_shader","Assets/PurePoly/Mining_Pack/Prefabs/FX/Fire/FX_Fire_Torch_02.prefab","Assets/PurePoly/Mining_Pack/Materials/FX_Materials/PP_FX_Standard.mat","Assets/BornToDig/PrefabGallery/GalleryMaterials/PP_FX_Standard_fd3c8a48_Particle_Transparent.mat","PP_FX_Standard","Mobile/Particles/Alpha Blended","Universal Render Pipeline/Particles/Unlit"
"gallery_copy_applied","built_in_shader","Assets/PurePoly/Mining_Pack/Prefabs/FX/Fire/FX_Fire_Torch_03.prefab","Assets/PurePoly/Mining_Pack/Materials/FX_Materials/PP_FX_Standard.mat","Assets/BornToDig/PrefabGallery/GalleryMaterials/PP_FX_Standard_fd3c8a48_Particle_Transparent.mat","PP_FX_Standard","Mobile/Particles/Alpha Blended","Universal Render Pipeline/Particles/Unlit"
"gallery_copy_applied","built_in_shader","Assets/PurePoly/Mining_Pack/Prefabs/FX/Fire/FX_Fire_Torch_04.prefab","Assets/PurePoly/Mining_Pack/Materials/FX_Materials/PP_FX_Standard.mat","Assets/BornToDig/PrefabGallery/GalleryMaterials/PP_FX_Standard_fd3c8a48_Particle_Transparent.mat","PP_FX_Standard","Mobile/Particles/Alpha Blended","Universal Render Pipeline/Particles/Unlit"
"gallery_copy_applied","built_in_shader","Assets/PurePoly/Mining_Pack/Prefabs/FX/Fire/FX_Fire_Torch_05.prefab","Assets/PurePoly/Mining_Pack/Materials/FX_Materials/PP_FX_Standard.mat","Assets/BornToDig/PrefabGallery/GalleryMaterials/PP_FX_Standard_fd3c8a48_Particle_Transparent.mat","PP_FX_Standard","Mobile/Particles/Alpha Blended","Universal Render Pipeline/Particles/Unlit"
"gallery_copy_applied","built_in_shader","Assets/PurePoly/Mining_Pack/Prefabs/FX/Fire/FX_Fire_Torch_06.prefab","Assets/PurePoly/Mining_Pack/Materials/FX_Materials/PP_FX_Standard.mat","Assets/BornToDig/PrefabGallery/GalleryMaterials/PP_FX_Standard_fd3c8a48_Particle_Transparent.mat","PP_FX_Standard","Mobile/Particles/Alpha Blended","Universal Render Pipeline/Particles/Unlit"
"gallery_copy_applied","built_in_shader","Assets/PurePoly/Mining_Pack/Prefabs/FX/Fire/FX_Fire_Torch_07.prefab","Assets/PurePoly/Mining_Pack/Materials/FX_Materials/PP_FX_Standard.mat","Assets/BornToDig/PrefabGallery/GalleryMaterials/PP_FX_Standard_fd3c8a48_Particle_Transparent.mat","PP_FX_Standard","Mobile/Particles/Alpha Blended","Universal Render Pipeline/Particles/Unlit"
"gallery_copy_applied","built_in_shader","Assets/PurePoly/Mining_Pack/Prefabs/FX/Fire/FX_Fire_Torch_Big_01.prefab","Assets/PurePoly/Mining_Pack/Materials/FX_Materials/PP_FX_Standard.mat","Assets/BornToDig/PrefabGallery/GalleryMaterials/PP_FX_Standard_fd3c8a48_Particle_Transparent.mat","PP_FX_Standard","Mobile/Particles/Alpha Blended","Universal Render Pipeline/Particles/Unlit"
"gallery_copy_applied","built_in_shader","Assets/PurePoly/Mining_Pack/Prefabs/FX/Fire/FX_Fire_Torch_Big_01.prefab","Assets/PurePoly/Mining_Pack/Materials/FX_Materials/PP_FX_Standard.mat","Assets/BornToDig/PrefabGallery/GalleryMaterials/PP_FX_Standard_fd3c8a48_Particle_Transparent.mat","PP_FX_Standard","Mobile/Particles/Alpha Blended","Universal Render Pipeline/Particles/Unlit"
"gallery_copy_applied","built_in_shader","Assets/PurePoly/Mining_Pack/Prefabs/FX/Fire/FX_Fire_Torch_Big_02.prefab","Assets/PurePoly/Mining_Pack/Materials/FX_Materials/PP_FX_Standard.mat","Assets/BornToDig/PrefabGallery/GalleryMaterials/PP_FX_Standard_fd3c8a48_Particle_Transparent.mat","PP_FX_Standard","Mobile/Particles/Alpha Blended","Universal Render Pipeline/Particles/Unlit"
"gallery_copy_applied","built_in_shader","Assets/PurePoly/Mining_Pack/Prefabs/FX/Fire/FX_Fire_Torch_Big_02.prefab","Assets/PurePoly/Mining_Pack/Materials/FX_Materials/PP_FX_Standard.mat","Assets/BornToDig/PrefabGallery/GalleryMaterials/PP_FX_Standard_fd3c8a48_Particle_Transparent.mat","PP_FX_Standard","Mobile/Particles/Alpha Blended","Universal Render Pipeline/Particles/Unlit"
"gallery_copy_applied","built_in_shader","Assets/PurePoly/Mining_Pack/Prefabs/FX/Fire/FX_Fire_Torch_Big_03.prefab","Assets/PurePoly/Mining_Pack/Materials/FX_Materials/PP_FX_Standard.mat","Assets/BornToDig/PrefabGallery/GalleryMaterials/PP_FX_Standard_fd3c8a48_Particle_Transparent.mat","PP_FX_Standard","Mobile/Particles/Alpha Blended","Universal Render Pipeline/Particles/Unlit"
"gallery_copy_applied","built_in_shader","Assets/PurePoly/Mining_Pack/Prefabs/FX/Fire/FX_Fire_Torch_Big_03.prefab","Assets/PurePoly/Mining_Pack/Materials/FX_Materials/PP_FX_Standard.mat","Assets/BornToDig/PrefabGallery/GalleryMaterials/PP_FX_Standard_fd3c8a48_Particle_Transparent.mat","PP_FX_Standard","Mobile/Particles/Alpha Blended","Universal Render Pipeline/Particles/Unlit"
"gallery_copy_applied","built_in_shader","Assets/PurePoly/Mining_Pack/Prefabs/FX/Fire/FX_Fire_Torch_Big_04.prefab","Assets/PurePoly/Mining_Pack/Materials/FX_Materials/PP_FX_Standard.mat","Assets/BornToDig/PrefabGallery/GalleryMaterials/PP_FX_Standard_fd3c8a48_Particle_Transparent.mat","PP_FX_Standard","Mobile/Particles/Alpha Blended","Universal Render Pipeline/Particles/Unlit"
"gallery_copy_applied","built_in_shader","Assets/PurePoly/Mining_Pack/Prefabs/FX/Fire/FX_Fire_Torch_Big_04.prefab","Assets/PurePoly/Mining_Pack/Materials/FX_Materials/PP_FX_Standard.mat","Assets/BornToDig/PrefabGallery/GalleryMaterials/PP_FX_Standard_fd3c8a48_Particle_Transparent.mat","PP_FX_Standard","Mobile/Particles/Alpha Blended","Universal Render Pipeline/Particles/Unlit"
"gallery_copy_applied","built_in_shader","Assets/PurePoly/Mining_Pack/Prefabs/FX/Fire/FX_Fire_Torch_Big_05.prefab","Assets/PurePoly/Mining_Pack/Materials/FX_Materials/PP_FX_Standard.mat","Assets/BornToDig/PrefabGallery/GalleryMaterials/PP_FX_Standard_fd3c8a48_Particle_Transparent.mat","PP_FX_Standard","Mobile/Particles/Alpha Blended","Universal Render Pipeline/Particles/Unlit"
"gallery_copy_applied","built_in_shader","Assets/PurePoly/Mining_Pack/Prefabs/FX/Fire/FX_Fire_Torch_Big_05.prefab","Assets/PurePoly/Mining_Pack/Materials/FX_Materials/PP_FX_Standard.mat","Assets/BornToDig/PrefabGallery/GalleryMaterials/PP_FX_Standard_fd3c8a48_Particle_Transparent.mat","PP_FX_Standard","Mobile/Particles/Alpha Blended","Universal Render Pipeline/Particles/Unlit"
"gallery_copy_applied","built_in_shader","Assets/PurePoly/Mining_Pack/Prefabs/FX/Fire/FX_Fire_Torch_Big_06.prefab","Assets/PurePoly/Mining_Pack/Materials/FX_Materials/PP_FX_Standard.mat","Assets/BornToDig/PrefabGallery/GalleryMaterials/PP_FX_Standard_fd3c8a48_Particle_Transparent.mat","PP_FX_Standard","Mobile/Particles/Alpha Blended","Universal Render Pipeline/Particles/Unlit"
"gallery_copy_applied","built_in_shader","Assets/PurePoly/Mining_Pack/Prefabs/FX/Fire/FX_Fire_Torch_Big_06.prefab","Assets/PurePoly/Mining_Pack/Materials/FX_Materials/PP_FX_Standard.mat","Assets/BornToDig/PrefabGallery/GalleryMaterials/PP_FX_Standard_fd3c8a48_Particle_Transparent.mat","PP_FX_Standard","Mobile/Particles/Alpha Blended","Universal Render Pipeline/Particles/Unlit"
"gallery_copy_applied","built_in_shader","Assets/PurePoly/Mining_Pack/Prefabs/FX/Fire/FX_Fire_Torch_Big_07.prefab","Assets/PurePoly/Mining_Pack/Materials/FX_Materials/PP_FX_Standard.mat","Assets/BornToDig/PrefabGallery/GalleryMaterials/PP_FX_Standard_fd3c8a48_Particle_Transparent.mat","PP_FX_Standard","Mobile/Particles/Alpha Blended","Universal Render Pipeline/Particles/Unlit"
"gallery_copy_applied","built_in_shader","Assets/PurePoly/Mining_Pack/Prefabs/FX/Fire/FX_Fire_Torch_Big_07.prefab","Assets/PurePoly/Mining_Pack/Materials/FX_Materials/PP_FX_Standard.mat","Assets/BornToDig/PrefabGallery/GalleryMaterials/PP_FX_Standard_fd3c8a48_Particle_Transparent.mat","PP_FX_Standard","Mobile/Particles/Alpha Blended","Universal Render Pipeline/Particles/Unlit"
"gallery_copy_applied","built_in_shader","Assets/PurePoly/Mining_Pack/Prefabs/FX/Mystic/FX_Magic_Fire_01.prefab","Assets/PurePoly/Mining_Pack/Materials/FX_Materials/PP_FX_Standard.mat","Assets/BornToDig/PrefabGallery/GalleryMaterials/PP_FX_Standard_fd3c8a48_Particle_Transparent.mat","PP_FX_Standard","Mobile/Particles/Alpha Blended","Universal Render Pipeline/Particles/Unlit"
"gallery_copy_applied","built_in_shader","Assets/PurePoly/Mining_Pack/Prefabs/FX/Stars/FX_Stars_01.prefab","Assets/PurePoly/Mining_Pack/Materials/FX_Materials/PP_FX_Star.mat","Assets/BornToDig/PrefabGallery/GalleryMaterials/PP_FX_Star_2d166871_Particle_Transparent.mat","PP_FX_Star","Mobile/Particles/Alpha Blended","Universal Render Pipeline/Particles/Unlit"